date,admin1,admin2,market,market_id,latitude,longitude,category,commodity,commodity_id,unit,priceflag,pricetype,currency,price,usdprice
#date,#adm1+name,#adm2+name,#loc+market+name,#loc+market+code,#geo+lat,#geo+lon,#item+type,#item+name,#item+code,#item+unit,#item+price+flag,#item+price+type,#currency+code,#value,#value+usd
2000-01-15,Distrito Federal,Cuauhtemoc,Mexico City,2627,19.41,-99.13,cereals and tubers,Maize (white),67,KG,actual,Wholesale,MXN,2.05,0.22
2000-01-15,Distrito Federal,Cuauhtemoc,Mexico City,2627,19.41,-99.13,cereals and tubers,"Rice (long grain, Sinaloa)",591,KG,actual,Wholesale,MXN,4.5,0.48
2000-01-15,Distrito Federal,Cuauhtemoc,Mexico City,2627,19.41,-99.13,cereals and tubers,"Rice (small grain, Morelos)",596,KG,actual,Wholesale,MXN,8.9,0.95
2000-01-15,Distrito Federal,Cuauhtemoc,Mexico City,2627,19.41,-99.13,pulses and nuts,"Beans (black, Veracruz)",565,KG,actual,Wholesale,MXN,6.25,0.66
2000-01-15,Distrito Federal,Cuauhtemoc,Mexico City,2627,19.41,-99.13,pulses and nuts,"Beans (black, imported)",567,KG,actual,Wholesale,MXN,3,0.32
2000-01-15,Jalisco,Guadalajara,Guadalajara,2628,20.68,-103.35,cereals and tubers,Maize (white),67,KG,actual,Wholesale,MXN,1.62,0.17
2000-01-15,Puebla,San Andres Cholula,Puebla,2626,19.01,-98.2,cereals and tubers,"Rice (small grain, Morelos)",596,KG,actual,Wholesale,MXN,9,0.96
2000-01-15,Puebla,San Andres Cholula,Puebla,2626,19.01,-98.2,pulses and nuts,"Beans (black, imported)",567,KG,actual,Wholesale,MXN,23,2.44
2000-01-15,Sinaloa,Culiacan,Culiacán,2629,24.8,-107.39,cereals and tubers,Maize (white),67,KG,actual,Wholesale,MXN,2,0.21
2000-02-15,Distrito Federal,Cuauhtemoc,Mexico City,2627,19.41,-99.13,cereals and tubers,Maize (white),67,KG,actual,Wholesale,MXN,2,0.21
2000-02-15,Distrito Federal,Cuauhtemoc,Mexico City,2627,19.41,-99.13,cereals and tubers,"Rice (long grain, Sinaloa)",591,KG,actual,Wholesale,MXN,4.4,0.47
2000-02-15,Distrito Federal,Cuauhtemoc,Mexico City,2627,19.41,-99.13,cereals and tubers,"Rice (small grain, Morelos)",596,KG,actual,Wholesale,MXN,8.95,0.96
2000-02-15,Distrito Federal,Cuauhtemoc,Mexico City,2627,19.41,-99.13,pulses and nuts,"Beans (black, Veracruz)",565,KG,actual,Wholesale,MXN,5.95,0.64
2000-02-15,Jalisco,Guadalajara,Guadalajara,2628,20.68,-103.35,cereals and tubers,Maize (white),67,KG,actual,Wholesale,MXN,1.63,0.17
2000-02-15,Puebla,San Andres Cholula,Puebla,2626,19.01,-98.2,cereals and tubers,Maize (white),67,KG,actual,Wholesale,MXN,2.1,0.22
2000-02-15,Puebla,San Andres Cholula,Puebla,2626,19.01,-98.2,cereals and tubers,"Rice (small grain, Morelos)",596,KG,actual,Wholesale,MXN,9,0.96
2000-02-15,Sinaloa,Culiacan,Culiacán,2629,24.8,-107.39,cereals and tubers,Maize (white),67,KG,actual,Wholesale,MXN,2.38,0.25
2000-03-15,Distrito Federal,Cuauhtemoc,Mexico City,2627,19.41,-99.13,cereals and tubers,Maize (white),67,KG,actual,Wholesale,MXN,2,0.21
2000-03-15,Distrito Federal,Cuauhtemoc,Mexico City,2627,19.41,-99.13,cereals and tubers,"Rice (small grain, Morelos)",596,KG,actual,Wholesale,MXN,8.88,0.95
2000-03-15,Distrito Federal,Cuauhtemoc,Mexico City,2627,19.41,-99.13,pulses and nuts,"Beans (black, Veracruz)",565,KG,actual,Wholesale,MXN,5.62,0.6
2000-03-15,Jalisco,Guadalajara,Guadalajara,2628,20.68,-103.35,cereals and tubers,Maize (white),67,KG,actual,Wholesale,MXN,1.64,0.18
2000-03-15,Puebla,San Andres Cholula,Puebla,2626,19.01,-98.2,cereals and tubers,Maize (white),67,KG,actual,Wholesale,MXN,2.1,0.23
2000-03-15,Puebla,San Andres Cholula,Puebla,2626,19.01,-98.2,cereals and tubers,"Rice (small grain, Morelos)",596,KG,actual,Wholesale,MXN,9,0.97
2000-03-15,Puebla,San Andres Cholula,Puebla,2626,19.01,-98.2,pulses and nuts,"Beans (black, Veracruz)",565,KG,actual,Wholesale,MXN,7,0.75
2000-03-15,Sinaloa,Culiacan,Culiacán,2629,24.8,-107.39,cereals and tubers,Maize (white),67,KG,actual,Wholesale,MXN,2.5,0.27
2000-04-15,Distrito Federal,Cuauhtemoc,Mexico City,2627,19.41,-99.13,cereals and tubers,Maize (white),67,KG,actual,Wholesale,MXN,2,0.21
2000-04-15,Distrito Federal,Cuauhtemoc,Mexico City,2627,19.41,-99.13,cereals and tubers,"Rice (long grain, Sinaloa)",591,KG,actual,Wholesale,MXN,4,0.42
2000-04-15,Distrito Federal,Cuauhtemoc,Mexico City,2627,19.41,-99.13,cereals and tubers,"Rice (small grain, Morelos)",596,KG,actual,Wholesale,MXN,8.8,0.93
2000-04-15,Distrito Federal,Cuauhtemoc,Mexico City,2627,19.41,-99.13,pulses and nuts,"Beans (black, Veracruz)",565,KG,actual,Wholesale,MXN,5.3,0.56
2000-04-15,Distrito Federal,Cuauhtemoc,Mexico City,2627,19.41,-99.13,pulses and nuts,"Beans (black, imported)",567,KG,actual,Wholesale,MXN,6,0.63
2000-04-15,Jalisco,Guadalajara,Guadalajara,2628,20.68,-103.35,cereals and tubers,Maize (white),67,KG,actual,Wholesale,MXN,1.7,0.18
2000-04-15,Puebla,San Andres Cholula,Puebla,2626,19.01,-98.2,cereals and tubers,"Rice (small grain, Morelos)",596,KG,actual,Wholesale,MXN,8.82,0.93
2000-04-15,Puebla,San Andres Cholula,Puebla,2626,19.01,-98.2,pulses and nuts,"Beans (black, Veracruz)",565,KG,actual,Wholesale,MXN,6.45,0.68
2000-04-15,Puebla,San Andres Cholula,Puebla,2626,19.01,-98.2,pulses and nuts,"Beans (black, imported)",567,KG,actual,Wholesale,MXN,6,0.63
2000-04-15,Sinaloa,Culiacan,Culiacán,2629,24.8,-107.39,cereals and tubers,Maize (white),67,KG,actual,Wholesale,MXN,2.5,0.26
2000-04-15,Veracruz,Xico,Xalapa,2625,19.54,-96.93,cereals and tubers,Maize (white),67,KG,actual,Wholesale,MXN,1.8,0.19
2000-04-15,Veracruz,Xico,Xalapa,2625,19.54,-96.93,pulses and nuts,"Beans (black, imported)",567,KG,actual,Wholesale,MXN,5.45,0.57
2000-05-15,Distrito Federal,Cuauhtemoc,Mexico City,2627,19.41,-99.13,cereals and tubers,Maize (white),67,KG,actual,Wholesale,MXN,2,0.21
2000-05-15,Distrito Federal,Cuauhtemoc,Mexico City,2627,19.41,-99.13,cereals and tubers,"Rice (long grain, Sinaloa)",591,KG,actual,Wholesale,MXN,3.88,0.41
2000-05-15,Distrito Federal,Cuauhtemoc,Mexico City,2627,19.41,-99.13,cereals and tubers,"Rice (small grain, Morelos)",596,KG,actual,Wholesale,MXN,8.78,0.92
2000-05-15,Distrito Federal,Cuauhtemoc,Mexico City,2627,19.41,-99.13,pulses and nuts,"Beans (black, Veracruz)",565,KG,actual,Wholesale,MXN,5.62,0.59
2000-05-15,Distrito Federal,Cuauhtemoc,Mexico City,2627,19.41,-99.13,pulses and nuts,"Beans (black, Zacatecas)",566,KG,actual,Wholesale,MXN,5.68,0.6
2000-05-15,Distrito Federal,Cuauhtemoc,Mexico City,2627,19.41,-99.13,pulses and nuts,"Beans (black, imported)",567,KG,actual,Wholesale,MXN,7,0.73
2000-05-15,Jalisco,Guadalajara,Guadalajara,2628,20.68,-103.35,cereals and tubers,Maize (white),67,KG,actual,Wholesale,MXN,1.7,0.18
2000-05-15,Puebla,San Andres Cholula,Puebla,2626,19.01,-98.2,cereals and tubers,Maize (white),67,KG,actual,Wholesale,MXN,2.1,0.22
2000-05-15,Puebla,San Andres Cholula,Puebla,2626,19.01,-98.2,cereals and tubers,"Rice (small grain, Morelos)",596,KG,actual,Wholesale,MXN,8.8,0.92
2000-05-15,Puebla,San Andres Cholula,Puebla,2626,19.01,-98.2,pulses and nuts,"Beans (black, Veracruz)",565,KG,actual,Wholesale,MXN,6.1,0.64
2000-05-15,Puebla,San Andres Cholula,Puebla,2626,19.01,-98.2,pulses and nuts,"Beans (black, imported)",567,KG,actual,Wholesale,MXN,7.36,0.77
2000-05-15,Sinaloa,Culiacan,Culiacán,2629,24.8,-107.39,cereals and tubers,Maize (white),67,KG,actual,Wholesale,MXN,2.5,0.26
2000-05-15,Veracruz,Xico,Xalapa,2625,19.54,-96.93,cereals and tubers,Maize (white),67,KG,actual,Wholesale,MXN,1.7,0.18
2000-05-15,Veracruz,Xico,Xalapa,2625,19.54,-96.93,pulses and nuts,"Beans (black, imported)",567,KG,actual,Wholesale,MXN,6.96,0.73
2000-06-15,Distrito Federal,Cuauhtemoc,Mexico City,2627,19.41,-99.13,cereals and tubers,Maize (white),67,KG,actual,Wholesale,MXN,2,0.2
2000-06-15,Distrito Federal,Cuauhtemoc,Mexico City,2627,19.41,-99.13,cereals and tubers,"Rice (long grain, Sinaloa)",591,KG,actual,Wholesale,MXN,4.12,0.42
2000-06-15,Distrito Federal,Cuauhtemoc,Mexico City,2627,19.41,-99.13,cereals and tubers,"Rice (small grain, Morelos)",596,KG,actual,Wholesale,MXN,8.8,0.89
2000-06-15,Distrito Federal,Cuauhtemoc,Mexico City,2627,19.41,-99.13,pulses and nuts,"Beans (black, imported)",567,KG,actual,Wholesale,MXN,7.48,0.76
2000-06-15,Jalisco,Guadalajara,Guadalajara,2628,20.68,-103.35,cereals and tubers,Maize (white),67,KG,actual,Wholesale,MXN,1.7,0.17
2000-06-15,Jalisco,Guadalajara,Guadalajara,2628,20.68,-103.35,cereals and tubers,"Rice (long grain, Sinaloa)",591,KG,actual,Wholesale,MXN,3.52,0.36
2000-06-15,Puebla,San Andres Cholula,Puebla,2626,19.01,-98.2,cereals and tubers,Maize (white),67,KG,actual,Wholesale,MXN,2.05,0.21
2000-06-15,Puebla,San Andres Cholula,Puebla,2626,19.01,-98.2,pulses and nuts,"Beans (black, imported)",567,KG,actual,Wholesale,MXN,7.8,0.79
2000-06-15,Sinaloa,Culiacan,Culiacán,2629,24.8,-107.39,cereals and tubers,Maize (white),67,KG,actual,Wholesale,MXN,2.5,0.25
2000-06-15,Veracruz,Xico,Xalapa,2625,19.54,-96.93,cereals and tubers,Maize (white),67,KG,actual,Wholesale,MXN,1.8,0.18
2000-06-15,Veracruz,Xico,Xalapa,2625,19.54,-96.93,pulses and nuts,"Beans (black, imported)",567,KG,actual,Wholesale,MXN,7.05,0.72
2000-07-15,Distrito Federal,Cuauhtemoc,Mexico City,2627,19.41,-99.13,cereals and tubers,Maize (white),67,KG,actual,Wholesale,MXN,2,0.21
2000-07-15,Distrito Federal,Cuauhtemoc,Mexico City,2627,19.41,-99.13,cereals and tubers,"Rice (long grain, Sinaloa)",591,KG,actual,Wholesale,MXN,4.15,0.44
2000-07-15,Distrito Federal,Cuauhtemoc,Mexico City,2627,19.41,-99.13,cereals and tubers,"Rice (small grain, Morelos)",596,KG,actual,Wholesale,MXN,8.8,0.94
2000-07-15,Distrito Federal,Cuauhtemoc,Mexico City,2627,19.41,-99.13,pulses and nuts,"Beans (black, imported)",567,KG,actual,Wholesale,MXN,7.35,0.79
2000-07-15,Jalisco,Guadalajara,Guadalajara,2628,20.68,-103.35,cereals and tubers,Maize (white),67,KG,actual,Wholesale,MXN,1.7,0.18
2000-07-15,Jalisco,Guadalajara,Guadalajara,2628,20.68,-103.35,cereals and tubers,"Rice (long grain, Sinaloa)",591,KG,actual,Wholesale,MXN,3.65,0.39
2000-07-15,Puebla,San Andres Cholula,Puebla,2626,19.01,-98.2,cereals and tubers,Maize (white),67,KG,actual,Wholesale,MXN,2.02,0.22
2000-07-15,Puebla,San Andres Cholula,Puebla,2626,19.01,-98.2,cereals and tubers,"Rice (small grain, Morelos)",596,KG,actual,Wholesale,MXN,8.9,0.95
2000-07-15,Puebla,San Andres Cholula,Puebla,2626,19.01,-98.2,pulses and nuts,"Beans (black, imported)",567,KG,actual,Wholesale,MXN,7.65,0.82
2000-07-15,Sinaloa,Culiacan,Culiacán,2629,24.8,-107.39,cereals and tubers,Maize (white),67,KG,actual,Wholesale,MXN,2.5,0.27
2000-07-15,Veracruz,Xico,Xalapa,2625,19.54,-96.93,cereals and tubers,Maize (white),67,KG,actual,Wholesale,MXN,1.8,0.19
2000-07-15,Veracruz,Xico,Xalapa,2625,19.54,-96.93,pulses and nuts,"Beans (black, imported)",567,KG,actual,Wholesale,MXN,6.9,0.74
2000-08-15,Distrito Federal,Cuauhtemoc,Mexico City,2627,19.41,-99.13,cereals and tubers,Maize (white),67,KG,actual,Wholesale,MXN,2,0.22
2000-08-15,Distrito Federal,Cuauhtemoc,Mexico City,2627,19.41,-99.13,cereals and tubers,"Rice (long grain, Sinaloa)",591,KG,actual,Wholesale,MXN,4.08,0.44
2000-08-15,Distrito Federal,Cuauhtemoc,Mexico City,2627,19.41,-99.13,cereals and tubers,"Rice (small grain, Morelos)",596,KG,actual,Wholesale,MXN,8.8,0.96
2000-08-15,Distrito Federal,Cuauhtemoc,Mexico City,2627,19.41,-99.13,pulses and nuts,"Beans (black, imported)",567,KG,actual,Wholesale,MXN,7.22,0.79
2000-08-15,Jalisco,Guadalajara,Guadalajara,2628,20.68,-103.35,cereals and tubers,Maize (white),67,KG,actual,Wholesale,MXN,1.7,0.18
2000-08-15,Jalisco,Guadalajara,Guadalajara,2628,20.68,-103.35,cereals and tubers,"Rice (long grain, Sinaloa)",591,KG,actual,Wholesale,MXN,3.6,0.39
2000-08-15,Puebla,San Andres Cholula,Puebla,2626,19.01,-98.2,cereals and tubers,Maize (white),67,KG,actual,Wholesale,MXN,2.1,0.23
2000-08-15,Puebla,San Andres Cholula,Puebla,2626,19.01,-98.2,cereals and tubers,"Rice (small grain, Morelos)",596,KG,actual,Wholesale,MXN,9,0.98
2000-08-15,Puebla,San Andres Cholula,Puebla,2626,19.01,-98.2,pulses and nuts,"Beans (black, Veracruz)",565,KG,actual,Wholesale,MXN,6.5,0.71
2000-08-15,Puebla,San Andres Cholula,Puebla,2626,19.01,-98.2,pulses and nuts,"Beans (black, imported)",567,KG,actual,Wholesale,MXN,7.36,0.8
2000-08-15,Sinaloa,Culiacan,Culiacán,2629,24.8,-107.39,cereals and tubers,Maize (white),67,KG,actual,Wholesale,MXN,2.5,0.27
2000-08-15,Veracruz,Xico,Xalapa,2625,19.54,-96.93,cereals and tubers,Maize (white),67,KG,actual,Wholesale,MXN,1.8,0.2
2000-08-15,Veracruz,Xico,Xalapa,2625,19.54,-96.93,pulses and nuts,"Beans (black, imported)",567,KG,actual,Wholesale,MXN,6.8,0.74
2000-09-15,Distrito Federal,Cuauhtemoc,Mexico City,2627,19.41,-99.13,cereals and tubers,Maize (white),67,KG,actual,Wholesale,MXN,2.02,0.22
2000-09-15,Distrito Federal,Cuauhtemoc,Mexico City,2627,19.41,-99.13,cereals and tubers,"Rice (long grain, Sinaloa)",591,KG,actual,Wholesale,MXN,4.08,0.43
2000-09-15,Distrito Federal,Cuauhtemoc,Mexico City,2627,19.41,-99.13,cereals and tubers,"Rice (small grain, Morelos)",596,KG,actual,Wholesale,MXN,8.8,0.94
2000-09-15,Distrito Federal,Cuauhtemoc,Mexico City,2627,19.41,-99.13,pulses and nuts,"Beans (black, Zacatecas)",566,KG,actual,Wholesale,MXN,5.05,0.54
2000-09-15,Distrito Federal,Cuauhtemoc,Mexico City,2627,19.41,-99.13,pulses and nuts,"Beans (black, imported)",567,KG,actual,Wholesale,MXN,7.18,0.76
2000-09-15,Jalisco,Guadalajara,Guadalajara,2628,20.68,-103.35,cereals and tubers,"Rice (long grain, Sinaloa)",591,KG,actual,Wholesale,MXN,3.65,0.39
2000-09-15,Puebla,San Andres Cholula,Puebla,2626,19.01,-98.2,cereals and tubers,Maize (white),67,KG,actual,Wholesale,MXN,2.1,0.22
2000-09-15,Puebla,San Andres Cholula,Puebla,2626,19.01,-98.2,cereals and tubers,"Rice (small grain, Morelos)",596,KG,actual,Wholesale,MXN,9,0.96
2000-09-15,Puebla,San Andres Cholula,Puebla,2626,19.01,-98.2,pulses and nuts,"Beans (black, imported)",567,KG,actual,Wholesale,MXN,7.4,0.79
2000-09-15,Sinaloa,Culiacan,Culiacán,2629,24.8,-107.39,cereals and tubers,Maize (white),67,KG,actual,Wholesale,MXN,2.42,0.26
2000-09-15,Veracruz,Xico,Xalapa,2625,19.54,-96.93,cereals and tubers,Maize (white),67,KG,actual,Wholesale,MXN,1.8,0.19
2000-09-15,Veracruz,Xico,Xalapa,2625,19.54,-96.93,pulses and nuts,"Beans (black, imported)",567,KG,actual,Wholesale,MXN,6.65,0.71
2000-10-15,Distrito Federal,Cuauhtemoc,Mexico City,2627,19.41,-99.13,cereals and tubers,"Rice (long grain, Sinaloa)",591,KG,actual,Wholesale,MXN,4,0.42
2000-10-15,Distrito Federal,Cuauhtemoc,Mexico City,2627,19.41,-99.13,cereals and tubers,"Rice (small grain, Morelos)",596,KG,actual,Wholesale,MXN,8.8,0.92
2000-10-15,Distrito Federal,Cuauhtemoc,Mexico City,2627,19.41,-99.13,pulses and nuts,"Beans (black, Veracruz)",565,KG,actual,Wholesale,MXN,6.15,0.65
2000-10-15,Distrito Federal,Cuauhtemoc,Mexico City,2627,19.41,-99.13,pulses and nuts,"Beans (black, imported)",567,KG,actual,Wholesale,MXN,7.02,0.74
2000-10-15,Jalisco,Guadalajara,Guadalajara,2628,20.68,-103.35,cereals and tubers,Maize (white),67,KG,actual,Wholesale,MXN,1.7,0.18
2000-10-15,Jalisco,Guadalajara,Guadalajara,2628,20.68,-103.35,cereals and tubers,"Rice (long grain, Sinaloa)",591,KG,actual,Wholesale,MXN,3.6,0.38
2000-10-15,Puebla,San Andres Cholula,Puebla,2626,19.01,-98.2,cereals and tubers,Maize (white),67,KG,actual,Wholesale,MXN,2.2,0.23
2000-10-15,Puebla,San Andres Cholula,Puebla,2626,19.01,-98.2,cereals and tubers,"Rice (small grain, Morelos)",596,KG,actual,Wholesale,MXN,9,0.94
2000-10-15,Puebla,San Andres Cholula,Puebla,2626,19.01,-98.2,pulses and nuts,"Beans (black, Veracruz)",565,KG,actual,Wholesale,MXN,6.6,0.69
2000-10-15,Sinaloa,Culiacan,Culiacán,2629,24.8,-107.39,cereals and tubers,Maize (white),67,KG,actual,Wholesale,MXN,2.5,0.26
2000-10-15,Veracruz,Xico,Xalapa,2625,19.54,-96.93,cereals and tubers,Maize (white),67,KG,actual,Wholesale,MXN,1.8,0.19
2000-10-15,Veracruz,Xico,Xalapa,2625,19.54,-96.93,pulses and nuts,"Beans (black, imported)",567,KG,actual,Wholesale,MXN,6.5,0.68
2000-11-15,Distrito Federal,Cuauhtemoc,Mexico City,2627,19.41,-99.13,cereals and tubers,Maize (white),67,KG,actual,Wholesale,MXN,2,0.21
2000-11-15,Distrito Federal,Cuauhtemoc,Mexico City,2627,19.41,-99.13,cereals and tubers,"Rice (long grain, Sinaloa)",591,KG,actual,Wholesale,MXN,4,0.42
2000-11-15,Distrito Federal,Cuauhtemoc,Mexico City,2627,19.41,-99.13,cereals and tubers,"Rice (small grain, Morelos)",596,KG,actual,Wholesale,MXN,8.92,0.95
2000-11-15,Jalisco,Guadalajara,Guadalajara,2628,20.68,-103.35,cereals and tubers,Maize (white),67,KG,actual,Wholesale,MXN,1.62,0.17
2000-11-15,Jalisco,Guadalajara,Guadalajara,2628,20.68,-103.35,cereals and tubers,"Rice (long grain, Sinaloa)",591,KG,actual,Wholesale,MXN,3.64,0.39
2000-11-15,Puebla,San Andres Cholula,Puebla,2626,19.01,-98.2,cereals and tubers,Maize (white),67,KG,actual,Wholesale,MXN,2.16,0.23
2000-11-15,Puebla,San Andres Cholula,Puebla,2626,19.01,-98.2,cereals and tubers,"Rice (small grain, Morelos)",596,KG,actual,Wholesale,MXN,9,0.96
2000-11-15,Puebla,San Andres Cholula,Puebla,2626,19.01,-98.2,pulses and nuts,"Beans (black, Veracruz)",565,KG,actual,Wholesale,MXN,6.5,0.69
2000-11-15,Sinaloa,Culiacan,Culiacán,2629,24.8,-107.39,cereals and tubers,Maize (white),67,KG,actual,Wholesale,MXN,2.08,0.22
2000-11-15,Veracruz,Xico,Xalapa,2625,19.54,-96.93,cereals and tubers,Maize (white),67,KG,actual,Wholesale,MXN,1.7,0.18
2000-11-15,Veracruz,Xico,Xalapa,2625,19.54,-96.93,pulses and nuts,"Beans (black, imported)",567,KG,actual,Wholesale,MXN,6.4,0.68
2000-12-15,Distrito Federal,Cuauhtemoc,Mexico City,2627,19.41,-99.13,cereals and tubers,Maize (white),67,KG,actual,Wholesale,MXN,2.02,0.21
2000-12-15,Distrito Federal,Cuauhtemoc,Mexico City,2627,19.41,-99.13,cereals and tubers,"Rice (small grain, Morelos)",596,KG,actual,Wholesale,MXN,8.8,0.94
2000-12-15,Distrito Federal,Cuauhtemoc,Mexico City,2627,19.41,-99.13,pulses and nuts,"Beans (black, Zacatecas)",566,KG,actual,Wholesale,MXN,5,0.53
2000-12-15,Distrito Federal,Cuauhtemoc,Mexico City,2627,19.41,-99.13,pulses and nuts,"Beans (black, imported)",567,KG,actual,Wholesale,MXN,6.85,0.73
2000-12-15,Jalisco,Guadalajara,Guadalajara,2628,20.68,-103.35,cereals and tubers,Maize (white),67,KG,actual,Wholesale,MXN,1.6,0.17
2000-12-15,Jalisco,Guadalajara,Guadalajara,2628,20.68,-103.35,cereals and tubers,"Rice (long grain, Sinaloa)",591,KG,actual,Wholesale,MXN,3.8,0.4
2000-12-15,Puebla,San Andres Cholula,Puebla,2626,19.01,-98.2,cereals and tubers,Maize (white),67,KG,actual,Wholesale,MXN,2.2,0.23
2000-12-15,Puebla,San Andres Cholula,Puebla,2626,19.01,-98.2,cereals and tubers,"Rice (small grain, Morelos)",596,KG,actual,Wholesale,MXN,9,0.96
2000-12-15,Puebla,San Andres Cholula,Puebla,2626,19.01,-98.2,pulses and nuts,"Beans (black, Veracruz)",565,KG,actual,Wholesale,MXN,6.5,0.69
2000-12-15,Puebla,San Andres Cholula,Puebla,2626,19.01,-98.2,pulses and nuts,"Beans (black, imported)",567,KG,actual,Wholesale,MXN,6.75,0.72
2000-12-15,Sinaloa,Culiacan,Culiacán,2629,24.8,-107.39,cereals and tubers,Maize (white),67,KG,actual,Wholesale,MXN,1.85,0.2
2000-12-15,Veracruz,Xico,Xalapa,2625,19.54,-96.93,cereals and tubers,Maize (white),67,KG,actual,Wholesale,MXN,1.7,0.18
2000-12-15,Veracruz,Xico,Xalapa,2625,19.54,-96.93,pulses and nuts,"Beans (black, imported)",567,KG,actual,Wholesale,MXN,6.45,0.69
2001-01-15,Distrito Federal,Cuauhtemoc,Mexico City,2627,19.41,-99.13,cereals and tubers,Maize (white),67,KG,actual,Wholesale,MXN,2.02,0.2
2001-01-15,Distrito Federal,Cuauhtemoc,Mexico City,2627,19.41,-99.13,cereals and tubers,"Rice (long grain, Sinaloa)",591,KG,actual,Wholesale,MXN,4.1,0.41
2001-01-15,Distrito Federal,Cuauhtemoc,Mexico City,2627,19.41,-99.13,cereals and tubers,"Rice (small grain, Morelos)",596,KG,actual,Wholesale,MXN,8.88,0.9
2001-01-15,Distrito Federal,Cuauhtemoc,Mexico City,2627,19.41,-99.13,pulses and nuts,"Beans (black, Veracruz)",565,KG,actual,Wholesale,MXN,6.12,0.62
2001-01-15,Distrito Federal,Cuauhtemoc,Mexico City,2627,19.41,-99.13,pulses and nuts,"Beans (black, imported)",567,KG,actual,Wholesale,MXN,7.12,0.72
2001-01-15,Jalisco,Guadalajara,Guadalajara,2628,20.68,-103.35,cereals and tubers,Maize (white),67,KG,actual,Wholesale,MXN,1.68,0.17
2001-01-15,Jalisco,Guadalajara,Guadalajara,2628,20.68,-103.35,cereals and tubers,"Rice (long grain, Sinaloa)",591,KG,actual,Wholesale,MXN,3.88,0.39
2001-01-15,Puebla,San Andres Cholula,Puebla,2626,19.01,-98.2,cereals and tubers,Maize (white),67,KG,actual,Wholesale,MXN,2.02,0.2
2001-01-15,Puebla,San Andres Cholula,Puebla,2626,19.01,-98.2,pulses and nuts,"Beans (black, Veracruz)",565,KG,actual,Wholesale,MXN,6.5,0.66
2001-01-15,Puebla,San Andres Cholula,Puebla,2626,19.01,-98.2,pulses and nuts,"Beans (black, imported)",567,KG,actual,Wholesale,MXN,7.12,0.72
2001-01-15,Sinaloa,Culiacan,Culiacán,2629,24.8,-107.39,cereals and tubers,Maize (white),67,KG,actual,Wholesale,MXN,2.1,0.21
2001-01-15,Veracruz,Xico,Xalapa,2625,19.54,-96.93,cereals and tubers,Maize (white),67,KG,actual,Wholesale,MXN,1.78,0.18
2001-02-15,Distrito Federal,Cuauhtemoc,Mexico City,2627,19.41,-99.13,cereals and tubers,Maize (white),67,KG,actual,Wholesale,MXN,2.02,0.21
2001-02-15,Distrito Federal,Cuauhtemoc,Mexico City,2627,19.41,-99.13,cereals and tubers,"Rice (long grain, Sinaloa)",591,KG,actual,Wholesale,MXN,4.2,0.43
2001-02-15,Distrito Federal,Cuauhtemoc,Mexico City,2627,19.41,-99.13,cereals and tubers,"Rice (small grain, Morelos)",596,KG,actual,Wholesale,MXN,9,0.93
2001-02-15,Distrito Federal,Cuauhtemoc,Mexico City,2627,19.41,-99.13,pulses and nuts,"Beans (black, Veracruz)",565,KG,actual,Wholesale,MXN,6.1,0.63
2001-02-15,Distrito Federal,Cuauhtemoc,Mexico City,2627,19.41,-99.13,pulses and nuts,"Beans (black, imported)",567,KG,actual,Wholesale,MXN,7.92,0.82
2001-02-15,Jalisco,Guadalajara,Guadalajara,2628,20.68,-103.35,cereals and tubers,Maize (white),67,KG,actual,Wholesale,MXN,1.7,0.18
2001-02-15,Jalisco,Guadalajara,Guadalajara,2628,20.68,-103.35,cereals and tubers,"Rice (long grain, Sinaloa)",591,KG,actual,Wholesale,MXN,4,0.41
2001-02-15,Puebla,San Andres Cholula,Puebla,2626,19.01,-98.2,cereals and tubers,Maize (white),67,KG,actual,Wholesale,MXN,1.9,0.2
2001-02-15,Puebla,San Andres Cholula,Puebla,2626,19.01,-98.2,cereals and tubers,"Rice (small grain, Morelos)",596,KG,actual,Wholesale,MXN,9,0.93
2001-02-15,Puebla,San Andres Cholula,Puebla,2626,19.01,-98.2,pulses and nuts,"Beans (black, Veracruz)",565,KG,actual,Wholesale,MXN,6.75,0.7
2001-02-15,Puebla,San Andres Cholula,Puebla,2626,19.01,-98.2,pulses and nuts,"Beans (black, imported)",567,KG,actual,Wholesale,MXN,8,0.83
2001-02-15,Sinaloa,Culiacan,Culiacán,2629,24.8,-107.39,cereals and tubers,Maize (white),67,KG,actual,Wholesale,MXN,2,0.21
2001-02-15,Veracruz,Xico,Xalapa,2625,19.54,-96.93,cereals and tubers,Maize (white),67,KG,actual,Wholesale,MXN,1.8,0.19
2001-02-15,Veracruz,Xico,Xalapa,2625,19.54,-96.93,pulses and nuts,"Beans (black, imported)",567,KG,actual,Wholesale,MXN,7.35,0.76
2001-03-15,Distrito Federal,Cuauhtemoc,Mexico City,2627,19.41,-99.13,cereals and tubers,Maize (white),67,KG,actual,Wholesale,MXN,2,0.21
2001-03-15,Distrito Federal,Cuauhtemoc,Mexico City,2627,19.41,-99.13,cereals and tubers,"Rice (long grain, Sinaloa)",591,KG,actual,Wholesale,MXN,4.18,0.44
2001-03-15,Distrito Federal,Cuauhtemoc,Mexico City,2627,19.41,-99.13,cereals and tubers,"Rice (small grain, Morelos)",596,KG,actual,Wholesale,MXN,9,0.94
2001-03-15,Distrito Federal,Cuauhtemoc,Mexico City,2627,19.41,-99.13,pulses and nuts,"Beans (black, Veracruz)",565,KG,actual,Wholesale,MXN,6.42,0.67
2001-03-15,Distrito Federal,Cuauhtemoc,Mexico City,2627,19.41,-99.13,pulses and nuts,"Beans (black, imported)",567,KG,actual,Wholesale,MXN,8.78,0.91
2001-03-15,Puebla,San Andres Cholula,Puebla,2626,19.01,-98.2,cereals and tubers,Maize (white),67,KG,actual,Wholesale,MXN,1.88,0.2
2001-03-15,Puebla,San Andres Cholula,Puebla,2626,19.01,-98.2,pulses and nuts,"Beans (black, Veracruz)",565,KG,actual,Wholesale,MXN,7,0.73
2001-03-15,Puebla,San Andres Cholula,Puebla,2626,19.01,-98.2,pulses and nuts,"Beans (black, imported)",567,KG,actual,Wholesale,MXN,8.38,0.87
2001-03-15,Sinaloa,Culiacan,Culiacán,2629,24.8,-107.39,cereals and tubers,Maize (white),67,KG,actual,Wholesale,MXN,2.05,0.21
2001-03-15,Veracruz,Xico,Xalapa,2625,19.54,-96.93,cereals and tubers,Maize (white),67,KG,actual,Wholesale,MXN,1.8,0.19
2001-03-15,Veracruz,Xico,Xalapa,2625,19.54,-96.93,pulses and nuts,"Beans (black, imported)",567,KG,actual,Wholesale,MXN,7.68,0.8
2001-04-15,Distrito Federal,Cuauhtemoc,Mexico City,2627,19.41,-99.13,cereals and tubers,Maize (white),67,KG,actual,Wholesale,MXN,2.02,0.22
2001-04-15,Distrito Federal,Cuauhtemoc,Mexico City,2627,19.41,-99.13,cereals and tubers,"Rice (long grain, Sinaloa)",591,KG,actual,Wholesale,MXN,4.1,0.44
2001-04-15,Distrito Federal,Cuauhtemoc,Mexico City,2627,19.41,-99.13,cereals and tubers,"Rice (small grain, Morelos)",596,KG,actual,Wholesale,MXN,9.05,0.97
2001-04-15,Distrito Federal,Cuauhtemoc,Mexico City,2627,19.41,-99.13,pulses and nuts,"Beans (black, Veracruz)",565,KG,actual,Wholesale,MXN,7.05,0.76
2001-04-15,Distrito Federal,Cuauhtemoc,Mexico City,2627,19.41,-99.13,pulses and nuts,"Beans (black, imported)",567,KG,actual,Wholesale,MXN,8.9,0.96
2001-04-15,Jalisco,Guadalajara,Guadalajara,2628,20.68,-103.35,cereals and tubers,Maize (white),67,KG,actual,Wholesale,MXN,1.65,0.18
2001-04-15,Jalisco,Guadalajara,Guadalajara,2628,20.68,-103.35,cereals and tubers,"Rice (long grain, Sinaloa)",591,KG,actual,Wholesale,MXN,3.9,0.42
2001-04-15,Puebla,San Andres Cholula,Puebla,2626,19.01,-98.2,cereals and tubers,Maize (white),67,KG,actual,Wholesale,MXN,1.9,0.2
2001-04-15,Puebla,San Andres Cholula,Puebla,2626,19.01,-98.2,cereals and tubers,"Rice (small grain, Morelos)",596,KG,actual,Wholesale,MXN,8.52,0.92
2001-04-15,Puebla,San Andres Cholula,Puebla,2626,19.01,-98.2,pulses and nuts,"Beans (black, Veracruz)",565,KG,actual,Wholesale,MXN,7,0.75
2001-04-15,Puebla,San Andres Cholula,Puebla,2626,19.01,-98.2,pulses and nuts,"Beans (black, imported)",567,KG,actual,Wholesale,MXN,9.18,0.99
2001-04-15,Sinaloa,Culiacan,Culiacán,2629,24.8,-107.39,cereals and tubers,Maize (white),67,KG,actual,Wholesale,MXN,2,0.22
2001-04-15,Veracruz,Xico,Xalapa,2625,19.54,-96.93,cereals and tubers,Maize (white),67,KG,actual,Wholesale,MXN,1.8,0.19
2001-04-15,Veracruz,Xico,Xalapa,2625,19.54,-96.93,pulses and nuts,"Beans (black, imported)",567,KG,actual,Wholesale,MXN,8.3,0.89
2001-05-15,Distrito Federal,Cuauhtemoc,Mexico City,2627,19.41,-99.13,cereals and tubers,Maize (white),67,KG,actual,Wholesale,MXN,2,0.22
2001-05-15,Distrito Federal,Cuauhtemoc,Mexico City,2627,19.41,-99.13,cereals and tubers,"Rice (long grain, Sinaloa)",591,KG,actual,Wholesale,MXN,4,0.44
2001-05-15,Distrito Federal,Cuauhtemoc,Mexico City,2627,19.41,-99.13,pulses and nuts,"Beans (black, Veracruz)",565,KG,actual,Wholesale,MXN,7.42,0.81
2001-05-15,Distrito Federal,Cuauhtemoc,Mexico City,2627,19.41,-99.13,pulses and nuts,"Beans (black, Zacatecas)",566,KG,actual,Wholesale,MXN,6.3,0.69
2001-05-15,Distrito Federal,Cuauhtemoc,Mexico City,2627,19.41,-99.13,pulses and nuts,"Beans (black, imported)",567,KG,actual,Wholesale,MXN,9.08,0.99
2001-05-15,Jalisco,Guadalajara,Guadalajara,2628,20.68,-103.35,cereals and tubers,Maize (white),67,KG,actual,Wholesale,MXN,1.75,0.19
2001-05-15,Jalisco,Guadalajara,Guadalajara,2628,20.68,-103.35,cereals and tubers,"Rice (long grain, Sinaloa)",591,KG,actual,Wholesale,MXN,3.8,0.41
2001-05-15,Puebla,San Andres Cholula,Puebla,2626,19.01,-98.2,cereals and tubers,Maize (white),67,KG,actual,Wholesale,MXN,1.9,0.21
2001-05-15,Puebla,San Andres Cholula,Puebla,2626,19.01,-98.2,cereals and tubers,"Rice (small grain, Morelos)",596,KG,actual,Wholesale,MXN,9,0.98
2001-05-15,Puebla,San Andres Cholula,Puebla,2626,19.01,-98.2,pulses and nuts,"Beans (black, Veracruz)",565,KG,actual,Wholesale,MXN,7.5,0.82
2001-05-15,Puebla,San Andres Cholula,Puebla,2626,19.01,-98.2,pulses and nuts,"Beans (black, imported)",567,KG,actual,Wholesale,MXN,8.82,0.96
2001-05-15,Sinaloa,Culiacan,Culiacán,2629,24.8,-107.39,cereals and tubers,Maize (white),67,KG,actual,Wholesale,MXN,2.32,0.25
2001-05-15,Veracruz,Xico,Xalapa,2625,19.54,-96.93,cereals and tubers,Maize (white),67,KG,actual,Wholesale,MXN,1.8,0.2
2001-05-15,Veracruz,Xico,Xalapa,2625,19.54,-96.93,pulses and nuts,"Beans (black, imported)",567,KG,actual,Wholesale,MXN,8.42,0.92
2001-06-15,Distrito Federal,Cuauhtemoc,Mexico City,2627,19.41,-99.13,cereals and tubers,Maize (white),67,KG,actual,Wholesale,MXN,2,0.22
2001-06-15,Distrito Federal,Cuauhtemoc,Mexico City,2627,19.41,-99.13,cereals and tubers,"Rice (long grain, Sinaloa)",591,KG,actual,Wholesale,MXN,4,0.44
2001-06-15,Distrito Federal,Cuauhtemoc,Mexico City,2627,19.41,-99.13,cereals and tubers,"Rice (small grain, Morelos)",596,KG,actual,Wholesale,MXN,9,1
2001-06-15,Jalisco,Guadalajara,Guadalajara,2628,20.68,-103.35,cereals and tubers,Maize (white),67,KG,actual,Wholesale,MXN,1.71,0.19
2001-06-15,Puebla,San Andres Cholula,Puebla,2626,19.01,-98.2,cereals and tubers,Maize (white),67,KG,actual,Wholesale,MXN,1.8,0.2
2001-06-15,Puebla,San Andres Cholula,Puebla,2626,19.01,-98.2,pulses and nuts,"Beans (black, Veracruz)",565,KG,actual,Wholesale,MXN,7.75,0.86
2001-06-15,Puebla,San Andres Cholula,Puebla,2626,19.01,-98.2,pulses and nuts,"Beans (black, imported)",567,KG,actual,Wholesale,MXN,8.95,0.99
2001-06-15,Sinaloa,Culiacan,Culiacán,2629,24.8,-107.39,cereals and tubers,Maize (white),67,KG,actual,Wholesale,MXN,2.5,0.28
2001-06-15,Veracruz,Xico,Xalapa,2625,19.54,-96.93,cereals and tubers,Maize (white),67,KG,actual,Wholesale,MXN,1.8,0.2
2001-06-15,Veracruz,Xico,Xalapa,2625,19.54,-96.93,pulses and nuts,"Beans (black, imported)",567,KG,actual,Wholesale,MXN,8.65,0.96
2001-07-15,Distrito Federal,Cuauhtemoc,Mexico City,2627,19.41,-99.13,cereals and tubers,Maize (white),67,KG,actual,Wholesale,MXN,2,0.22
2001-07-15,Distrito Federal,Cuauhtemoc,Mexico City,2627,19.41,-99.13,cereals and tubers,"Rice (long grain, Sinaloa)",591,KG,actual,Wholesale,MXN,4,0.43
2001-07-15,Distrito Federal,Cuauhtemoc,Mexico City,2627,19.41,-99.13,cereals and tubers,"Rice (small grain, Morelos)",596,KG,actual,Wholesale,MXN,9,0.97
2001-07-15,Jalisco,Guadalajara,Guadalajara,2628,20.68,-103.35,cereals and tubers,"Rice (long grain, Sinaloa)",591,KG,actual,Wholesale,MXN,3.7,0.4
2001-07-15,Puebla,San Andres Cholula,Puebla,2626,19.01,-98.2,cereals and tubers,Maize (white),67,KG,actual,Wholesale,MXN,1.8,0.19
2001-07-15,Puebla,San Andres Cholula,Puebla,2626,19.01,-98.2,cereals and tubers,"Rice (small grain, Morelos)",596,KG,actual,Wholesale,MXN,9,0.97
2001-07-15,Puebla,San Andres Cholula,Puebla,2626,19.01,-98.2,pulses and nuts,"Beans (black, Veracruz)",565,KG,actual,Wholesale,MXN,8,0.86
2001-07-15,Puebla,San Andres Cholula,Puebla,2626,19.01,-98.2,pulses and nuts,"Beans (black, imported)",567,KG,actual,Wholesale,MXN,9.2,0.99
2001-07-15,Sinaloa,Culiacan,Culiacán,2629,24.8,-107.39,cereals and tubers,Maize (white),67,KG,actual,Wholesale,MXN,2.2,0.24
2001-07-15,Veracruz,Xico,Xalapa,2625,19.54,-96.93,cereals and tubers,Maize (white),67,KG,actual,Wholesale,MXN,1.98,0.21
2001-08-15,Distrito Federal,Cuauhtemoc,Mexico City,2627,19.41,-99.13,cereals and tubers,"Rice (long grain, Sinaloa)",591,KG,actual,Wholesale,MXN,4,0.44
2001-08-15,Distrito Federal,Cuauhtemoc,Mexico City,2627,19.41,-99.13,cereals and tubers,"Rice (small grain, Morelos)",596,KG,actual,Wholesale,MXN,9,0.99
2001-08-15,Distrito Federal,Cuauhtemoc,Mexico City,2627,19.41,-99.13,pulses and nuts,"Beans (black, Veracruz)",565,KG,actual,Wholesale,MXN,8.88,0.98
2001-08-15,Distrito Federal,Cuauhtemoc,Mexico City,2627,19.41,-99.13,pulses and nuts,"Beans (black, Zacatecas)",566,KG,actual,Wholesale,MXN,7.54,0.83
2001-08-15,Jalisco,Guadalajara,Guadalajara,2628,20.68,-103.35,cereals and tubers,Maize (white),67,KG,actual,Wholesale,MXN,1.7,0.19
2001-08-15,Jalisco,Guadalajara,Guadalajara,2628,20.68,-103.35,cereals and tubers,"Rice (long grain, Sinaloa)",591,KG,actual,Wholesale,MXN,3.84,0.42
2001-08-15,Puebla,San Andres Cholula,Puebla,2626,19.01,-98.2,cereals and tubers,Maize (white),67,KG,actual,Wholesale,MXN,1.84,0.2
2001-08-15,Puebla,San Andres Cholula,Puebla,2626,19.01,-98.2,cereals and tubers,"Rice (small grain, Morelos)",596,KG,actual,Wholesale,MXN,9,0.99
2001-08-15,Puebla,San Andres Cholula,Puebla,2626,19.01,-98.2,pulses and nuts,"Beans (black, Veracruz)",565,KG,actual,Wholesale,MXN,8.25,0.91
2001-08-15,Puebla,San Andres Cholula,Puebla,2626,19.01,-98.2,pulses and nuts,"Beans (black, imported)",567,KG,actual,Wholesale,MXN,12.1,1.33
2001-08-15,Sinaloa,Culiacan,Culiacán,2629,24.8,-107.39,cereals and tubers,Maize (white),67,KG,actual,Wholesale,MXN,2.22,0.24
2001-08-15,Veracruz,Xico,Xalapa,2625,19.54,-96.93,cereals and tubers,Maize (white),67,KG,actual,Wholesale,MXN,1.9,0.21
2001-08-15,Veracruz,Xico,Xalapa,2625,19.54,-96.93,pulses and nuts,"Beans (black, imported)",567,KG,actual,Wholesale,MXN,11.22,1.24
2001-09-15,Distrito Federal,Cuauhtemoc,Mexico City,2627,19.41,-99.13,cereals and tubers,Maize (white),67,KG,actual,Wholesale,MXN,2.02,0.21
2001-09-15,Distrito Federal,Cuauhtemoc,Mexico City,2627,19.41,-99.13,cereals and tubers,"Rice (long grain, Sinaloa)",591,KG,actual,Wholesale,MXN,4,0.42
2001-09-15,Distrito Federal,Cuauhtemoc,Mexico City,2627,19.41,-99.13,cereals and tubers,"Rice (small grain, Morelos)",596,KG,actual,Wholesale,MXN,9,0.95
2001-09-15,Distrito Federal,Cuauhtemoc,Mexico City,2627,19.41,-99.13,pulses and nuts,"Beans (black, Zacatecas)",566,KG,actual,Wholesale,MXN,9.1,0.96
2001-09-15,Distrito Federal,Cuauhtemoc,Mexico City,2627,19.41,-99.13,pulses and nuts,"Beans (black, imported)",567,KG,actual,Wholesale,MXN,13.32,1.4
2001-09-15,Jalisco,Guadalajara,Guadalajara,2628,20.68,-103.35,cereals and tubers,"Rice (long grain, Sinaloa)",591,KG,actual,Wholesale,MXN,3.58,0.38
2001-09-15,Puebla,San Andres Cholula,Puebla,2626,19.01,-98.2,cereals and tubers,Maize (white),67,KG,actual,Wholesale,MXN,1.85,0.2
2001-09-15,Puebla,San Andres Cholula,Puebla,2626,19.01,-98.2,cereals and tubers,"Rice (small grain, Morelos)",596,KG,actual,Wholesale,MXN,9,0.95
2001-09-15,Puebla,San Andres Cholula,Puebla,2626,19.01,-98.2,pulses and nuts,"Beans (black, Veracruz)",565,KG,actual,Wholesale,MXN,9.25,0.98
2001-09-15,Puebla,San Andres Cholula,Puebla,2626,19.01,-98.2,pulses and nuts,"Beans (black, imported)",567,KG,actual,Wholesale,MXN,13.88,1.46
2001-09-15,Sinaloa,Culiacan,Culiacán,2629,24.8,-107.39,cereals and tubers,Maize (white),67,KG,actual,Wholesale,MXN,2.75,0.29
2001-09-15,Veracruz,Xico,Xalapa,2625,19.54,-96.93,cereals and tubers,Maize (white),67,KG,actual,Wholesale,MXN,1.9,0.2
2001-09-15,Veracruz,Xico,Xalapa,2625,19.54,-96.93,pulses and nuts,"Beans (black, imported)",567,KG,actual,Wholesale,MXN,13,1.37
2001-10-15,Distrito Federal,Cuauhtemoc,Mexico City,2627,19.41,-99.13,cereals and tubers,Maize (white),67,KG,actual,Wholesale,MXN,2.2,0.24
2001-10-15,Distrito Federal,Cuauhtemoc,Mexico City,2627,19.41,-99.13,cereals and tubers,"Rice (long grain, Sinaloa)",591,KG,actual,Wholesale,MXN,4,0.43
2001-10-15,Distrito Federal,Cuauhtemoc,Mexico City,2627,19.41,-99.13,cereals and tubers,"Rice (small grain, Morelos)",596,KG,actual,Wholesale,MXN,9,0.97
2001-10-15,Distrito Federal,Cuauhtemoc,Mexico City,2627,19.41,-99.13,pulses and nuts,"Beans (black, Zacatecas)",566,KG,actual,Wholesale,MXN,8.42,0.91
2001-10-15,Distrito Federal,Cuauhtemoc,Mexico City,2627,19.41,-99.13,pulses and nuts,"Beans (black, imported)",567,KG,actual,Wholesale,MXN,12.8,1.38
2001-10-15,Jalisco,Guadalajara,Guadalajara,2628,20.68,-103.35,cereals and tubers,Maize (white),67,KG,actual,Wholesale,MXN,1.84,0.2
2001-10-15,Jalisco,Guadalajara,Guadalajara,2628,20.68,-103.35,cereals and tubers,"Rice (long grain, Sinaloa)",591,KG,actual,Wholesale,MXN,3.66,0.4
2001-10-15,Puebla,San Andres Cholula,Puebla,2626,19.01,-98.2,cereals and tubers,Maize (white),67,KG,actual,Wholesale,MXN,2,0.22
2001-10-15,Puebla,San Andres Cholula,Puebla,2626,19.01,-98.2,cereals and tubers,"Rice (small grain, Morelos)",596,KG,actual,Wholesale,MXN,9,0.97
2001-10-15,Puebla,San Andres Cholula,Puebla,2626,19.01,-98.2,pulses and nuts,"Beans (black, Veracruz)",565,KG,actual,Wholesale,MXN,8.7,0.94
2001-10-15,Puebla,San Andres Cholula,Puebla,2626,19.01,-98.2,pulses and nuts,"Beans (black, imported)",567,KG,actual,Wholesale,MXN,12.5,1.35
2001-10-15,Sinaloa,Culiacan,Culiacán,2629,24.8,-107.39,cereals and tubers,Maize (white),67,KG,actual,Wholesale,MXN,2,0.22
2001-10-15,Veracruz,Xico,Xalapa,2625,19.54,-96.93,cereals and tubers,Maize (white),67,KG,actual,Wholesale,MXN,1.94,0.21
2001-10-15,Veracruz,Xico,Xalapa,2625,19.54,-96.93,pulses and nuts,"Beans (black, imported)",567,KG,actual,Wholesale,MXN,12.1,1.31
2001-11-15,Distrito Federal,Cuauhtemoc,Mexico City,2627,19.41,-99.13,cereals and tubers,Maize (white),67,KG,actual,Wholesale,MXN,2.2,0.24
2001-11-15,Distrito Federal,Cuauhtemoc,Mexico City,2627,19.41,-99.13,cereals and tubers,"Rice (long grain, Sinaloa)",591,KG,actual,Wholesale,MXN,3.98,0.43
2001-11-15,Distrito Federal,Cuauhtemoc,Mexico City,2627,19.41,-99.13,cereals and tubers,"Rice (small grain, Morelos)",596,KG,actual,Wholesale,MXN,9,0.98
2001-11-15,Distrito Federal,Cuauhtemoc,Mexico City,2627,19.41,-99.13,pulses and nuts,"Beans (black, Zacatecas)",566,KG,actual,Wholesale,MXN,7.5,0.81
2001-11-15,Distrito Federal,Cuauhtemoc,Mexico City,2627,19.41,-99.13,pulses and nuts,"Beans (black, imported)",567,KG,actual,Wholesale,MXN,12.75,1.38
2001-11-15,Jalisco,Guadalajara,Guadalajara,2628,20.68,-103.35,cereals and tubers,Maize (white),67,KG,actual,Wholesale,MXN,1.75,0.19
2001-11-15,Jalisco,Guadalajara,Guadalajara,2628,20.68,-103.35,cereals and tubers,"Rice (long grain, Sinaloa)",591,KG,actual,Wholesale,MXN,3.5,0.38
2001-11-15,Puebla,San Andres Cholula,Puebla,2626,19.01,-98.2,cereals and tubers,"Rice (small grain, Morelos)",596,KG,actual,Wholesale,MXN,9,0.98
2001-11-15,Puebla,San Andres Cholula,Puebla,2626,19.01,-98.2,pulses and nuts,"Beans (black, Veracruz)",565,KG,actual,Wholesale,MXN,8.5,0.92
2001-11-15,Sinaloa,Culiacan,Culiacán,2629,24.8,-107.39,cereals and tubers,Maize (white),67,KG,actual,Wholesale,MXN,2.15,0.23
2001-11-15,Veracruz,Xico,Xalapa,2625,19.54,-96.93,cereals and tubers,Maize (white),67,KG,actual,Wholesale,MXN,1.95,0.21
2001-11-15,Veracruz,Xico,Xalapa,2625,19.54,-96.93,pulses and nuts,"Beans (black, imported)",567,KG,actual,Wholesale,MXN,11.5,1.25
2001-12-15,Distrito Federal,Cuauhtemoc,Mexico City,2627,19.41,-99.13,cereals and tubers,Maize (white),67,KG,actual,Wholesale,MXN,2.2,0.24
2001-12-15,Distrito Federal,Cuauhtemoc,Mexico City,2627,19.41,-99.13,cereals and tubers,"Rice (small grain, Morelos)",596,KG,actual,Wholesale,MXN,9,0.99
2001-12-15,Distrito Federal,Cuauhtemoc,Mexico City,2627,19.41,-99.13,pulses and nuts,"Beans (black, Veracruz)",565,KG,actual,Wholesale,MXN,8,0.88
2001-12-15,Distrito Federal,Cuauhtemoc,Mexico City,2627,19.41,-99.13,pulses and nuts,"Beans (black, imported)",567,KG,actual,Wholesale,MXN,13,1.43
2001-12-15,Puebla,San Andres Cholula,Puebla,2626,19.01,-98.2,cereals and tubers,Maize (white),67,KG,actual,Wholesale,MXN,2,0.22
2001-12-15,Puebla,San Andres Cholula,Puebla,2626,19.01,-98.2,cereals and tubers,"Rice (small grain, Morelos)",596,KG,actual,Wholesale,MXN,9,0.99
2001-12-15,Puebla,San Andres Cholula,Puebla,2626,19.01,-98.2,pulses and nuts,"Beans (black, Veracruz)",565,KG,actual,Wholesale,MXN,10,1.1
2001-12-15,Puebla,San Andres Cholula,Puebla,2626,19.01,-98.2,pulses and nuts,"Beans (black, imported)",567,KG,actual,Wholesale,MXN,12.5,1.37
2001-12-15,Sinaloa,Culiacan,Culiacán,2629,24.8,-107.39,cereals and tubers,Maize (white),67,KG,actual,Wholesale,MXN,2.15,0.24
2001-12-15,Veracruz,Xico,Xalapa,2625,19.54,-96.93,cereals and tubers,Maize (white),67,KG,actual,Wholesale,MXN,1.8,0.2
2001-12-15,Veracruz,Xico,Xalapa,2625,19.54,-96.93,pulses and nuts,"Beans (black, imported)",567,KG,actual,Wholesale,MXN,12.38,1.36
2002-01-15,Distrito Federal,Cuauhtemoc,Mexico City,2627,19.41,-99.13,cereals and tubers,Maize (white),67,KG,actual,Wholesale,MXN,2.18,0.24
2002-01-15,Distrito Federal,Cuauhtemoc,Mexico City,2627,19.41,-99.13,cereals and tubers,"Rice (long grain, Sinaloa)",591,KG,actual,Wholesale,MXN,3.84,0.42
2002-01-15,Distrito Federal,Cuauhtemoc,Mexico City,2627,19.41,-99.13,cereals and tubers,"Rice (small grain, Morelos)",596,KG,actual,Wholesale,MXN,9,0.98
2002-01-15,Distrito Federal,Cuauhtemoc,Mexico City,2627,19.41,-99.13,pulses and nuts,"Beans (black, Veracruz)",565,KG,actual,Wholesale,MXN,10,1.09
2002-01-15,Distrito Federal,Cuauhtemoc,Mexico City,2627,19.41,-99.13,pulses and nuts,"Beans (black, imported)",567,KG,actual,Wholesale,MXN,13.5,1.47
2002-01-15,Jalisco,Guadalajara,Guadalajara,2628,20.68,-103.35,cereals and tubers,"Rice (long grain, Sinaloa)",591,KG,actual,Wholesale,MXN,3.26,0.36
2002-01-15,Puebla,San Andres Cholula,Puebla,2626,19.01,-98.2,cereals and tubers,Maize (white),67,KG,actual,Wholesale,MXN,1.94,0.21
2002-01-15,Puebla,San Andres Cholula,Puebla,2626,19.01,-98.2,pulses and nuts,"Beans (black, Veracruz)",565,KG,actual,Wholesale,MXN,10,1.09
2002-01-15,Puebla,San Andres Cholula,Puebla,2626,19.01,-98.2,pulses and nuts,"Beans (black, imported)",567,KG,actual,Wholesale,MXN,13.2,1.44
2002-01-15,Sinaloa,Culiacan,Culiacán,2629,24.8,-107.39,cereals and tubers,Maize (white),67,KG,actual,Wholesale,MXN,2.04,0.22
2002-01-15,Veracruz,Xico,Xalapa,2625,19.54,-96.93,cereals and tubers,Maize (white),67,KG,actual,Wholesale,MXN,1.8,0.2
2002-02-15,Distrito Federal,Cuauhtemoc,Mexico City,2627,19.41,-99.13,cereals and tubers,Maize (white),67,KG,actual,Wholesale,MXN,2.1,0.23
2002-02-15,Distrito Federal,Cuauhtemoc,Mexico City,2627,19.41,-99.13,cereals and tubers,"Rice (small grain, Morelos)",596,KG,actual,Wholesale,MXN,9,0.99
2002-02-15,Distrito Federal,Cuauhtemoc,Mexico City,2627,19.41,-99.13,pulses and nuts,"Beans (black, Veracruz)",565,KG,actual,Wholesale,MXN,10.12,1.12
2002-02-15,Distrito Federal,Cuauhtemoc,Mexico City,2627,19.41,-99.13,pulses and nuts,"Beans (black, Zacatecas)",566,KG,actual,Wholesale,MXN,10,1.1
2002-02-15,Distrito Federal,Cuauhtemoc,Mexico City,2627,19.41,-99.13,pulses and nuts,"Beans (black, imported)",567,KG,actual,Wholesale,MXN,13.88,1.53
2002-02-15,Jalisco,Guadalajara,Guadalajara,2628,20.68,-103.35,cereals and tubers,Maize (white),67,KG,actual,Wholesale,MXN,1.8,0.2
2002-02-15,Jalisco,Guadalajara,Guadalajara,2628,20.68,-103.35,cereals and tubers,"Rice (long grain, Sinaloa)",591,KG,actual,Wholesale,MXN,3.1,0.34
2002-02-15,Puebla,San Andres Cholula,Puebla,2626,19.01,-98.2,cereals and tubers,Maize (white),67,KG,actual,Wholesale,MXN,1.79,0.2
2002-02-15,Puebla,San Andres Cholula,Puebla,2626,19.01,-98.2,cereals and tubers,"Rice (small grain, Morelos)",596,KG,actual,Wholesale,MXN,9,0.99
2002-02-15,Puebla,San Andres Cholula,Puebla,2626,19.01,-98.2,pulses and nuts,"Beans (black, Veracruz)",565,KG,actual,Wholesale,MXN,10,1.1
2002-02-15,Puebla,San Andres Cholula,Puebla,2626,19.01,-98.2,pulses and nuts,"Beans (black, imported)",567,KG,actual,Wholesale,MXN,13.62,1.5
2002-02-15,Sinaloa,Culiacan,Culiacán,2629,24.8,-107.39,cereals and tubers,Maize (white),67,KG,actual,Wholesale,MXN,2,0.22
2002-02-15,Veracruz,Xico,Xalapa,2625,19.54,-96.93,cereals and tubers,Maize (white),67,KG,actual,Wholesale,MXN,1.92,0.21
2002-02-15,Veracruz,Xico,Xalapa,2625,19.54,-96.93,pulses and nuts,"Beans (black, imported)",567,KG,actual,Wholesale,MXN,12.67,1.4
2002-03-15,Distrito Federal,Cuauhtemoc,Mexico City,2627,19.41,-99.13,cereals and tubers,Maize (white),67,KG,actual,Wholesale,MXN,2.05,0.23
2002-03-15,Distrito Federal,Cuauhtemoc,Mexico City,2627,19.41,-99.13,cereals and tubers,"Rice (small grain, Morelos)",596,KG,actual,Wholesale,MXN,9,0.99
2002-03-15,Distrito Federal,Cuauhtemoc,Mexico City,2627,19.41,-99.13,pulses and nuts,"Beans (black, Veracruz)",565,KG,actual,Wholesale,MXN,10.45,1.15
2002-03-15,Distrito Federal,Cuauhtemoc,Mexico City,2627,19.41,-99.13,pulses and nuts,"Beans (black, Zacatecas)",566,KG,actual,Wholesale,MXN,9.8,1.08
2002-03-15,Distrito Federal,Cuauhtemoc,Mexico City,2627,19.41,-99.13,pulses and nuts,"Beans (black, imported)",567,KG,actual,Wholesale,MXN,13.42,1.48
2002-03-15,Jalisco,Guadalajara,Guadalajara,2628,20.68,-103.35,cereals and tubers,Maize (white),67,KG,actual,Wholesale,MXN,1.8,0.2
2002-03-15,Jalisco,Guadalajara,Guadalajara,2628,20.68,-103.35,cereals and tubers,"Rice (long grain, Sinaloa)",591,KG,actual,Wholesale,MXN,3.28,0.36
2002-03-15,Puebla,San Andres Cholula,Puebla,2626,19.01,-98.2,cereals and tubers,Maize (white),67,KG,actual,Wholesale,MXN,1.8,0.2
2002-03-15,Puebla,San Andres Cholula,Puebla,2626,19.01,-98.2,pulses and nuts,"Beans (black, Veracruz)",565,KG,actual,Wholesale,MXN,9.25,1.02
2002-03-15,Sinaloa,Culiacan,Culiacán,2629,24.8,-107.39,cereals and tubers,Maize (white),67,KG,actual,Wholesale,MXN,2.5,0.28
2002-03-15,Veracruz,Xico,Xalapa,2625,19.54,-96.93,cereals and tubers,Maize (white),67,KG,actual,Wholesale,MXN,2,0.22
2002-03-15,Veracruz,Xico,Xalapa,2625,19.54,-96.93,pulses and nuts,"Beans (black, imported)",567,KG,actual,Wholesale,MXN,12.5,1.38
2002-04-15,Distrito Federal,Cuauhtemoc,Mexico City,2627,19.41,-99.13,cereals and tubers,Maize (white),67,KG,actual,Wholesale,MXN,2.02,0.22
2002-04-15,Distrito Federal,Cuauhtemoc,Mexico City,2627,19.41,-99.13,cereals and tubers,"Rice (long grain, Sinaloa)",591,KG,actual,Wholesale,MXN,3.44,0.38
2002-04-15,Distrito Federal,Cuauhtemoc,Mexico City,2627,19.41,-99.13,cereals and tubers,"Rice (small grain, Morelos)",596,KG,actual,Wholesale,MXN,9,0.98
2002-04-15,Distrito Federal,Cuauhtemoc,Mexico City,2627,19.41,-99.13,pulses and nuts,"Beans (black, Veracruz)",565,KG,actual,Wholesale,MXN,10.5,1.15
2002-04-15,Distrito Federal,Cuauhtemoc,Mexico City,2627,19.41,-99.13,pulses and nuts,"Beans (black, imported)",567,KG,actual,Wholesale,MXN,13.5,1.47
2002-04-15,Jalisco,Guadalajara,Guadalajara,2628,20.68,-103.35,cereals and tubers,Maize (white),67,KG,actual,Wholesale,MXN,1.8,0.2
2002-04-15,Jalisco,Guadalajara,Guadalajara,2628,20.68,-103.35,cereals and tubers,"Rice (long grain, Sinaloa)",591,KG,actual,Wholesale,MXN,3.24,0.35
2002-04-15,Puebla,San Andres Cholula,Puebla,2626,19.01,-98.2,cereals and tubers,Maize (white),67,KG,actual,Wholesale,MXN,1.8,0.2
2002-04-15,Puebla,San Andres Cholula,Puebla,2626,19.01,-98.2,pulses and nuts,"Beans (black, Veracruz)",565,KG,actual,Wholesale,MXN,9.2,1
2002-04-15,Puebla,San Andres Cholula,Puebla,2626,19.01,-98.2,pulses and nuts,"Beans (black, imported)",567,KG,actual,Wholesale,MXN,12.5,1.36
2002-04-15,Sinaloa,Culiacan,Culiacán,2629,24.8,-107.39,cereals and tubers,Maize (white),67,KG,actual,Wholesale,MXN,2.5,0.27
2002-04-15,Veracruz,Xico,Xalapa,2625,19.54,-96.93,cereals and tubers,Maize (white),67,KG,actual,Wholesale,MXN,2,0.22
2002-04-15,Veracruz,Xico,Xalapa,2625,19.54,-96.93,pulses and nuts,"Beans (black, imported)",567,KG,actual,Wholesale,MXN,12.2,1.33
2002-05-15,Distrito Federal,Cuauhtemoc,Mexico City,2627,19.41,-99.13,cereals and tubers,Maize (white),67,KG,actual,Wholesale,MXN,2,0.21
2002-05-15,Distrito Federal,Cuauhtemoc,Mexico City,2627,19.41,-99.13,cereals and tubers,"Rice (long grain, Sinaloa)",591,KG,actual,Wholesale,MXN,3.15,0.33
2002-05-15,Distrito Federal,Cuauhtemoc,Mexico City,2627,19.41,-99.13,cereals and tubers,"Rice (small grain, Morelos)",596,KG,actual,Wholesale,MXN,9,0.95
2002-05-15,Distrito Federal,Cuauhtemoc,Mexico City,2627,19.41,-99.13,pulses and nuts,"Beans (black, Veracruz)",565,KG,actual,Wholesale,MXN,10.62,1.12
2002-05-15,Distrito Federal,Cuauhtemoc,Mexico City,2627,19.41,-99.13,pulses and nuts,"Beans (black, Zacatecas)",566,KG,actual,Wholesale,MXN,10.65,1.13
2002-05-15,Distrito Federal,Cuauhtemoc,Mexico City,2627,19.41,-99.13,pulses and nuts,"Beans (black, imported)",567,KG,actual,Wholesale,MXN,13.05,1.38
2002-05-15,Jalisco,Guadalajara,Guadalajara,2628,20.68,-103.35,cereals and tubers,Maize (white),67,KG,actual,Wholesale,MXN,1.8,0.19
2002-05-15,Jalisco,Guadalajara,Guadalajara,2628,20.68,-103.35,cereals and tubers,"Rice (long grain, Sinaloa)",591,KG,actual,Wholesale,MXN,3.25,0.34
2002-05-15,Puebla,San Andres Cholula,Puebla,2626,19.01,-98.2,cereals and tubers,Maize (white),67,KG,actual,Wholesale,MXN,1.8,0.19
2002-05-15,Puebla,San Andres Cholula,Puebla,2626,19.01,-98.2,cereals and tubers,"Rice (small grain, Morelos)",596,KG,actual,Wholesale,MXN,8.5,0.9
2002-05-15,Puebla,San Andres Cholula,Puebla,2626,19.01,-98.2,pulses and nuts,"Beans (black, Veracruz)",565,KG,actual,Wholesale,MXN,9.75,1.03
2002-05-15,Puebla,San Andres Cholula,Puebla,2626,19.01,-98.2,pulses and nuts,"Beans (black, imported)",567,KG,actual,Wholesale,MXN,12.5,1.32
2002-05-15,Sinaloa,Culiacan,Culiacán,2629,24.8,-107.39,cereals and tubers,Maize (white),67,KG,actual,Wholesale,MXN,2.5,0.26
2002-05-15,Veracruz,Xico,Xalapa,2625,19.54,-96.93,cereals and tubers,Maize (white),67,KG,actual,Wholesale,MXN,1.9,0.2
2002-05-15,Veracruz,Xico,Xalapa,2625,19.54,-96.93,pulses and nuts,"Beans (black, imported)",567,KG,actual,Wholesale,MXN,11.62,1.23
2002-06-15,Distrito Federal,Cuauhtemoc,Mexico City,2627,19.41,-99.13,cereals and tubers,Maize (white),67,KG,actual,Wholesale,MXN,2,0.21
2002-06-15,Distrito Federal,Cuauhtemoc,Mexico City,2627,19.41,-99.13,cereals and tubers,"Rice (long grain, Sinaloa)",591,KG,actual,Wholesale,MXN,3,0.31
2002-06-15,Distrito Federal,Cuauhtemoc,Mexico City,2627,19.41,-99.13,cereals and tubers,"Rice (small grain, Morelos)",596,KG,actual,Wholesale,MXN,8.98,0.93
2002-06-15,Distrito Federal,Cuauhtemoc,Mexico City,2627,19.41,-99.13,pulses and nuts,"Beans (black, Zacatecas)",566,KG,actual,Wholesale,MXN,10.65,1.11
2002-06-15,Distrito Federal,Cuauhtemoc,Mexico City,2627,19.41,-99.13,pulses and nuts,"Beans (black, imported)",567,KG,actual,Wholesale,MXN,12.45,1.29
2002-06-15,Jalisco,Guadalajara,Guadalajara,2628,20.68,-103.35,cereals and tubers,Maize (white),67,KG,actual,Wholesale,MXN,1.72,0.18
2002-06-15,Jalisco,Guadalajara,Guadalajara,2628,20.68,-103.35,cereals and tubers,"Rice (long grain, Sinaloa)",591,KG,actual,Wholesale,MXN,3,0.31
2002-06-15,Puebla,San Andres Cholula,Puebla,2626,19.01,-98.2,cereals and tubers,Maize (white),67,KG,actual,Wholesale,MXN,1.8,0.19
2002-06-15,Puebla,San Andres Cholula,Puebla,2626,19.01,-98.2,pulses and nuts,"Beans (black, Veracruz)",565,KG,actual,Wholesale,MXN,9.62,1
2002-06-15,Puebla,San Andres Cholula,Puebla,2626,19.01,-98.2,pulses and nuts,"Beans (black, imported)",567,KG,actual,Wholesale,MXN,12.38,1.29
2002-06-15,Sinaloa,Culiacan,Culiacán,2629,24.8,-107.39,cereals and tubers,Maize (white),67,KG,actual,Wholesale,MXN,2.5,0.26
2002-06-15,Veracruz,Xico,Xalapa,2625,19.54,-96.93,cereals and tubers,Maize (white),67,KG,actual,Wholesale,MXN,1.9,0.2
2002-06-15,Veracruz,Xico,Xalapa,2625,19.54,-96.93,pulses and nuts,"Beans (black, imported)",567,KG,actual,Wholesale,MXN,11.25,1.17
2002-07-15,Distrito Federal,Cuauhtemoc,Mexico City,2627,19.41,-99.13,cereals and tubers,Maize (white),67,KG,actual,Wholesale,MXN,2,0.21
2002-07-15,Distrito Federal,Cuauhtemoc,Mexico City,2627,19.41,-99.13,cereals and tubers,"Rice (long grain, Sinaloa)",591,KG,actual,Wholesale,MXN,3,0.31
2002-07-15,Distrito Federal,Cuauhtemoc,Mexico City,2627,19.41,-99.13,cereals and tubers,"Rice (small grain, Morelos)",596,KG,actual,Wholesale,MXN,9,0.92
2002-07-15,Distrito Federal,Cuauhtemoc,Mexico City,2627,19.41,-99.13,pulses and nuts,"Beans (black, imported)",567,KG,actual,Wholesale,MXN,11.66,1.2
2002-07-15,Jalisco,Guadalajara,Guadalajara,2628,20.68,-103.35,cereals and tubers,Maize (white),67,KG,actual,Wholesale,MXN,1.76,0.18
2002-07-15,Jalisco,Guadalajara,Guadalajara,2628,20.68,-103.35,cereals and tubers,"Rice (long grain, Sinaloa)",591,KG,actual,Wholesale,MXN,3.12,0.32
2002-07-15,Puebla,San Andres Cholula,Puebla,2626,19.01,-98.2,cereals and tubers,Maize (white),67,KG,actual,Wholesale,MXN,1.88,0.19
2002-07-15,Puebla,San Andres Cholula,Puebla,2626,19.01,-98.2,cereals and tubers,"Rice (small grain, Morelos)",596,KG,actual,Wholesale,MXN,8.6,0.88
2002-07-15,Puebla,San Andres Cholula,Puebla,2626,19.01,-98.2,pulses and nuts,"Beans (black, Veracruz)",565,KG,actual,Wholesale,MXN,10,1.03
2002-07-15,Puebla,San Andres Cholula,Puebla,2626,19.01,-98.2,pulses and nuts,"Beans (black, imported)",567,KG,actual,Wholesale,MXN,11.6,1.19
2002-07-15,Sinaloa,Culiacan,Culiacán,2629,24.8,-107.39,cereals and tubers,Maize (white),67,KG,actual,Wholesale,MXN,2.5,0.26
2002-07-15,Veracruz,Xico,Xalapa,2625,19.54,-96.93,cereals and tubers,Maize (white),67,KG,actual,Wholesale,MXN,1.9,0.2
2002-07-15,Veracruz,Xico,Xalapa,2625,19.54,-96.93,pulses and nuts,"Beans (black, imported)",567,KG,actual,Wholesale,MXN,10.7,1.1
2002-08-15,Distrito Federal,Cuauhtemoc,Mexico City,2627,19.41,-99.13,cereals and tubers,"Rice (small grain, Morelos)",596,KG,actual,Wholesale,MXN,8.95,0.9
2002-08-15,Distrito Federal,Cuauhtemoc,Mexico City,2627,19.41,-99.13,pulses and nuts,"Beans (black, imported)",567,KG,actual,Wholesale,MXN,10.62,1.07
2002-08-15,Jalisco,Guadalajara,Guadalajara,2628,20.68,-103.35,cereals and tubers,Maize (white),67,KG,actual,Wholesale,MXN,1.85,0.19
2002-08-15,Jalisco,Guadalajara,Guadalajara,2628,20.68,-103.35,cereals and tubers,"Rice (long grain, Sinaloa)",591,KG,actual,Wholesale,MXN,3.05,0.31
2002-08-15,Puebla,San Andres Cholula,Puebla,2626,19.01,-98.2,cereals and tubers,Maize (white),67,KG,actual,Wholesale,MXN,1.85,0.19
2002-08-15,Puebla,San Andres Cholula,Puebla,2626,19.01,-98.2,cereals and tubers,"Rice (small grain, Morelos)",596,KG,actual,Wholesale,MXN,8.5,0.86
2002-08-15,Puebla,San Andres Cholula,Puebla,2626,19.01,-98.2,pulses and nuts,"Beans (black, Veracruz)",565,KG,actual,Wholesale,MXN,9.88,1
2002-08-15,Puebla,San Andres Cholula,Puebla,2626,19.01,-98.2,pulses and nuts,"Beans (black, imported)",567,KG,actual,Wholesale,MXN,11,1.11
2002-08-15,Sinaloa,Culiacan,Culiacán,2629,24.8,-107.39,cereals and tubers,Maize (white),67,KG,actual,Wholesale,MXN,2.5,0.25
2002-08-15,Veracruz,Xico,Xalapa,2625,19.54,-96.93,pulses and nuts,"Beans (black, imported)",567,KG,actual,Wholesale,MXN,9.72,0.98
2002-09-15,Distrito Federal,Cuauhtemoc,Mexico City,2627,19.41,-99.13,cereals and tubers,Maize (white),67,KG,actual,Wholesale,MXN,2.1,0.21
2002-09-15,Distrito Federal,Cuauhtemoc,Mexico City,2627,19.41,-99.13,cereals and tubers,"Rice (long grain, Sinaloa)",591,KG,actual,Wholesale,MXN,3.1,0.31
2002-09-15,Distrito Federal,Cuauhtemoc,Mexico City,2627,19.41,-99.13,cereals and tubers,"Rice (small grain, Morelos)",596,KG,actual,Wholesale,MXN,8.8,0.88
2002-09-15,Distrito Federal,Cuauhtemoc,Mexico City,2627,19.41,-99.13,pulses and nuts,"Beans (black, Zacatecas)",566,KG,actual,Wholesale,MXN,9.75,0.98
2002-09-15,Distrito Federal,Cuauhtemoc,Mexico City,2627,19.41,-99.13,pulses and nuts,"Beans (black, imported)",567,KG,actual,Wholesale,MXN,10,1
2002-09-15,Jalisco,Guadalajara,Guadalajara,2628,20.68,-103.35,cereals and tubers,Maize (white),67,KG,actual,Wholesale,MXN,1.8,0.18
2002-09-15,Jalisco,Guadalajara,Guadalajara,2628,20.68,-103.35,cereals and tubers,"Rice (long grain, Sinaloa)",591,KG,actual,Wholesale,MXN,3.25,0.33
2002-09-15,Puebla,San Andres Cholula,Puebla,2626,19.01,-98.2,cereals and tubers,Maize (white),67,KG,actual,Wholesale,MXN,1.94,0.19
2002-09-15,Puebla,San Andres Cholula,Puebla,2626,19.01,-98.2,cereals and tubers,"Rice (small grain, Morelos)",596,KG,actual,Wholesale,MXN,8.5,0.85
2002-09-15,Puebla,San Andres Cholula,Puebla,2626,19.01,-98.2,pulses and nuts,"Beans (black, Veracruz)",565,KG,actual,Wholesale,MXN,9.38,0.94
2002-09-15,Puebla,San Andres Cholula,Puebla,2626,19.01,-98.2,pulses and nuts,"Beans (black, imported)",567,KG,actual,Wholesale,MXN,10.25,1.03
2002-09-15,Sinaloa,Culiacan,Culiacán,2629,24.8,-107.39,cereals and tubers,Maize (white),67,KG,actual,Wholesale,MXN,2,0.2
2002-10-15,Distrito Federal,Cuauhtemoc,Mexico City,2627,19.41,-99.13,cereals and tubers,Maize (white),67,KG,actual,Wholesale,MXN,2.22,0.22
2002-10-15,Distrito Federal,Cuauhtemoc,Mexico City,2627,19.41,-99.13,cereals and tubers,"Rice (long grain, Sinaloa)",591,KG,actual,Wholesale,MXN,3.16,0.31
2002-10-15,Distrito Federal,Cuauhtemoc,Mexico City,2627,19.41,-99.13,cereals and tubers,"Rice (small grain, Morelos)",596,KG,actual,Wholesale,MXN,8.8,0.87
2002-10-15,Distrito Federal,Cuauhtemoc,Mexico City,2627,19.41,-99.13,pulses and nuts,"Beans (black, Zacatecas)",566,KG,actual,Wholesale,MXN,9.2,0.91
2002-10-15,Distrito Federal,Cuauhtemoc,Mexico City,2627,19.41,-99.13,pulses and nuts,"Beans (black, imported)",567,KG,actual,Wholesale,MXN,10,0.99
2002-10-15,Jalisco,Guadalajara,Guadalajara,2628,20.68,-103.35,cereals and tubers,Maize (white),67,KG,actual,Wholesale,MXN,1.9,0.19
2002-10-15,Jalisco,Guadalajara,Guadalajara,2628,20.68,-103.35,cereals and tubers,"Rice (long grain, Sinaloa)",591,KG,actual,Wholesale,MXN,3,0.3
2002-10-15,Puebla,San Andres Cholula,Puebla,2626,19.01,-98.2,cereals and tubers,Maize (white),67,KG,actual,Wholesale,MXN,2,0.2
2002-10-15,Puebla,San Andres Cholula,Puebla,2626,19.01,-98.2,cereals and tubers,"Rice (small grain, Morelos)",596,KG,actual,Wholesale,MXN,8.5,0.84
2002-10-15,Puebla,San Andres Cholula,Puebla,2626,19.01,-98.2,pulses and nuts,"Beans (black, Veracruz)",565,KG,actual,Wholesale,MXN,8.7,0.86
2002-10-15,Puebla,San Andres Cholula,Puebla,2626,19.01,-98.2,pulses and nuts,"Beans (black, imported)",567,KG,actual,Wholesale,MXN,9.8,0.97
2002-10-15,Sinaloa,Culiacan,Culiacán,2629,24.8,-107.39,cereals and tubers,Maize (white),67,KG,actual,Wholesale,MXN,2.1,0.21
2002-10-15,Veracruz,Xico,Xalapa,2625,19.54,-96.93,cereals and tubers,Maize (white),67,KG,actual,Wholesale,MXN,2.03,0.2
2002-10-15,Veracruz,Xico,Xalapa,2625,19.54,-96.93,pulses and nuts,"Beans (black, imported)",567,KG,actual,Wholesale,MXN,8.23,0.82
2002-11-15,Distrito Federal,Cuauhtemoc,Mexico City,2627,19.41,-99.13,cereals and tubers,Maize (white),67,KG,actual,Wholesale,MXN,2.3,0.23
2002-11-15,Distrito Federal,Cuauhtemoc,Mexico City,2627,19.41,-99.13,cereals and tubers,"Rice (small grain, Morelos)",596,KG,actual,Wholesale,MXN,8.8,0.86
2002-11-15,Distrito Federal,Cuauhtemoc,Mexico City,2627,19.41,-99.13,pulses and nuts,"Beans (black, imported)",567,KG,actual,Wholesale,MXN,9.88,0.97
2002-11-15,Jalisco,Guadalajara,Guadalajara,2628,20.68,-103.35,cereals and tubers,Maize (white),67,KG,actual,Wholesale,MXN,1.9,0.19
2002-11-15,Puebla,San Andres Cholula,Puebla,2626,19.01,-98.2,cereals and tubers,Maize (white),67,KG,actual,Wholesale,MXN,2.15,0.21
2002-11-15,Puebla,San Andres Cholula,Puebla,2626,19.01,-98.2,cereals and tubers,"Rice (small grain, Morelos)",596,KG,actual,Wholesale,MXN,8.5,0.83
2002-11-15,Puebla,San Andres Cholula,Puebla,2626,19.01,-98.2,pulses and nuts,"Beans (black, Veracruz)",565,KG,actual,Wholesale,MXN,8.5,0.83
2002-11-15,Puebla,San Andres Cholula,Puebla,2626,19.01,-98.2,pulses and nuts,"Beans (black, imported)",567,KG,actual,Wholesale,MXN,9.75,0.95
2002-11-15,Sinaloa,Culiacan,Culiacán,2629,24.8,-107.39,cereals and tubers,Maize (white),67,KG,actual,Wholesale,MXN,2.5,0.24
2002-12-15,Distrito Federal,Cuauhtemoc,Mexico City,2627,19.41,-99.13,cereals and tubers,Maize (white),67,KG,actual,Wholesale,MXN,2.28,0.22
2002-12-15,Distrito Federal,Cuauhtemoc,Mexico City,2627,19.41,-99.13,cereals and tubers,"Rice (long grain, Sinaloa)",591,KG,actual,Wholesale,MXN,3.2,0.31
2002-12-15,Distrito Federal,Cuauhtemoc,Mexico City,2627,19.41,-99.13,cereals and tubers,"Rice (small grain, Morelos)",596,KG,actual,Wholesale,MXN,8.8,0.86
2002-12-15,Distrito Federal,Cuauhtemoc,Mexico City,2627,19.41,-99.13,pulses and nuts,"Beans (black, Zacatecas)",566,KG,actual,Wholesale,MXN,7.1,0.7
2002-12-15,Distrito Federal,Cuauhtemoc,Mexico City,2627,19.41,-99.13,pulses and nuts,"Beans (black, imported)",567,KG,actual,Wholesale,MXN,9.5,0.93
2002-12-15,Jalisco,Guadalajara,Guadalajara,2628,20.68,-103.35,cereals and tubers,Maize (white),67,KG,actual,Wholesale,MXN,1.9,0.19
2002-12-15,Jalisco,Guadalajara,Guadalajara,2628,20.68,-103.35,cereals and tubers,"Rice (long grain, Sinaloa)",591,KG,actual,Wholesale,MXN,3,0.29
2002-12-15,Puebla,San Andres Cholula,Puebla,2626,19.01,-98.2,cereals and tubers,Maize (white),67,KG,actual,Wholesale,MXN,2.2,0.22
2002-12-15,Puebla,San Andres Cholula,Puebla,2626,19.01,-98.2,cereals and tubers,"Rice (small grain, Morelos)",596,KG,actual,Wholesale,MXN,8.5,0.83
2002-12-15,Puebla,San Andres Cholula,Puebla,2626,19.01,-98.2,pulses and nuts,"Beans (black, Veracruz)",565,KG,actual,Wholesale,MXN,8.5,0.83
2002-12-15,Sinaloa,Culiacan,Culiacán,2629,24.8,-107.39,cereals and tubers,Maize (white),67,KG,actual,Wholesale,MXN,2.5,0.25
2003-01-15,Distrito Federal,Cuauhtemoc,Mexico City,2627,19.41,-99.13,cereals and tubers,Maize (white),67,KG,actual,Wholesale,MXN,2.2,0.21
2003-01-15,Distrito Federal,Cuauhtemoc,Mexico City,2627,19.41,-99.13,cereals and tubers,"Rice (long grain, Sinaloa)",591,KG,actual,Wholesale,MXN,3.2,0.3
2003-01-15,Distrito Federal,Cuauhtemoc,Mexico City,2627,19.41,-99.13,cereals and tubers,"Rice (small grain, Morelos)",596,KG,actual,Wholesale,MXN,8.64,0.82
2003-01-15,Distrito Federal,Cuauhtemoc,Mexico City,2627,19.41,-99.13,pulses and nuts,"Beans (black, Veracruz)",565,KG,actual,Wholesale,MXN,8.4,0.8
2003-01-15,Distrito Federal,Cuauhtemoc,Mexico City,2627,19.41,-99.13,pulses and nuts,"Beans (black, imported)",567,KG,actual,Wholesale,MXN,9.7,0.92
2003-01-15,Jalisco,Guadalajara,Guadalajara,2628,20.68,-103.35,cereals and tubers,Maize (white),67,KG,actual,Wholesale,MXN,1.82,0.17
2003-01-15,Jalisco,Guadalajara,Guadalajara,2628,20.68,-103.35,cereals and tubers,"Rice (long grain, Sinaloa)",591,KG,actual,Wholesale,MXN,2.84,0.27
2003-01-15,Puebla,San Andres Cholula,Puebla,2626,19.01,-98.2,cereals and tubers,Maize (white),67,KG,actual,Wholesale,MXN,2.2,0.21
2003-01-15,Puebla,San Andres Cholula,Puebla,2626,19.01,-98.2,cereals and tubers,"Rice (small grain, Morelos)",596,KG,actual,Wholesale,MXN,8.5,0.81
2003-01-15,Puebla,San Andres Cholula,Puebla,2626,19.01,-98.2,pulses and nuts,"Beans (black, Veracruz)",565,KG,actual,Wholesale,MXN,7.96,0.76
2003-01-15,Puebla,San Andres Cholula,Puebla,2626,19.01,-98.2,pulses and nuts,"Beans (black, imported)",567,KG,actual,Wholesale,MXN,9.4,0.9
2003-01-15,Sinaloa,Culiacan,Culiacán,2629,24.8,-107.39,cereals and tubers,Maize (white),67,KG,actual,Wholesale,MXN,2.74,0.26
2003-01-15,Veracruz,Xico,Xalapa,2625,19.54,-96.93,cereals and tubers,Maize (white),67,KG,actual,Wholesale,MXN,2,0.19
2003-02-15,Distrito Federal,Cuauhtemoc,Mexico City,2627,19.41,-99.13,cereals and tubers,Maize (white),67,KG,actual,Wholesale,MXN,2.2,0.2
2003-02-15,Distrito Federal,Cuauhtemoc,Mexico City,2627,19.41,-99.13,cereals and tubers,"Rice (long grain, Sinaloa)",591,KG,actual,Wholesale,MXN,3.35,0.31
2003-02-15,Distrito Federal,Cuauhtemoc,Mexico City,2627,19.41,-99.13,cereals and tubers,"Rice (small grain, Morelos)",596,KG,actual,Wholesale,MXN,8.6,0.8
2003-02-15,Distrito Federal,Cuauhtemoc,Mexico City,2627,19.41,-99.13,pulses and nuts,"Beans (black, Veracruz)",565,KG,actual,Wholesale,MXN,8.3,0.77
2003-02-15,Distrito Federal,Cuauhtemoc,Mexico City,2627,19.41,-99.13,pulses and nuts,"Beans (black, imported)",567,KG,actual,Wholesale,MXN,11.62,1.08
2003-02-15,Jalisco,Guadalajara,Guadalajara,2628,20.68,-103.35,cereals and tubers,Maize (white),67,KG,actual,Wholesale,MXN,1.9,0.18
2003-02-15,Jalisco,Guadalajara,Guadalajara,2628,20.68,-103.35,cereals and tubers,"Rice (long grain, Sinaloa)",591,KG,actual,Wholesale,MXN,3,0.28
2003-02-15,Puebla,San Andres Cholula,Puebla,2626,19.01,-98.2,cereals and tubers,Maize (white),67,KG,actual,Wholesale,MXN,2.2,0.2
2003-02-15,Puebla,San Andres Cholula,Puebla,2626,19.01,-98.2,cereals and tubers,"Rice (small grain, Morelos)",596,KG,actual,Wholesale,MXN,8.5,0.79
2003-02-15,Puebla,San Andres Cholula,Puebla,2626,19.01,-98.2,pulses and nuts,"Beans (black, Veracruz)",565,KG,actual,Wholesale,MXN,8,0.74
2003-02-15,Puebla,San Andres Cholula,Puebla,2626,19.01,-98.2,pulses and nuts,"Beans (black, imported)",567,KG,actual,Wholesale,MXN,11.75,1.09
2003-02-15,Sinaloa,Culiacan,Culiacán,2629,24.8,-107.39,cereals and tubers,Maize (white),67,KG,actual,Wholesale,MXN,3,0.28
2003-02-15,Veracruz,Xico,Xalapa,2625,19.54,-96.93,cereals and tubers,Maize (white),67,KG,actual,Wholesale,MXN,2.05,0.19
2003-03-15,Distrito Federal,Cuauhtemoc,Mexico City,2627,19.41,-99.13,cereals and tubers,Maize (white),67,KG,actual,Wholesale,MXN,2.18,0.2
2003-03-15,Distrito Federal,Cuauhtemoc,Mexico City,2627,19.41,-99.13,cereals and tubers,"Rice (long grain, Sinaloa)",591,KG,actual,Wholesale,MXN,3.55,0.33
2003-03-15,Distrito Federal,Cuauhtemoc,Mexico City,2627,19.41,-99.13,cereals and tubers,"Rice (small grain, Morelos)",596,KG,actual,Wholesale,MXN,8.6,0.79
2003-03-15,Distrito Federal,Cuauhtemoc,Mexico City,2627,19.41,-99.13,pulses and nuts,"Beans (black, Veracruz)",565,KG,actual,Wholesale,MXN,8.6,0.79
2003-03-15,Distrito Federal,Cuauhtemoc,Mexico City,2627,19.41,-99.13,pulses and nuts,"Beans (black, imported)",567,KG,actual,Wholesale,MXN,12,1.11
2003-03-15,Jalisco,Guadalajara,Guadalajara,2628,20.68,-103.35,cereals and tubers,"Rice (long grain, Sinaloa)",591,KG,actual,Wholesale,MXN,3.25,0.3
2003-03-15,Puebla,San Andres Cholula,Puebla,2626,19.01,-98.2,cereals and tubers,Maize (white),67,KG,actual,Wholesale,MXN,2.12,0.2
2003-03-15,Puebla,San Andres Cholula,Puebla,2626,19.01,-98.2,cereals and tubers,"Rice (small grain, Morelos)",596,KG,actual,Wholesale,MXN,8.5,0.78
2003-03-15,Puebla,San Andres Cholula,Puebla,2626,19.01,-98.2,pulses and nuts,"Beans (black, Veracruz)",565,KG,actual,Wholesale,MXN,8.25,0.76
2003-03-15,Puebla,San Andres Cholula,Puebla,2626,19.01,-98.2,pulses and nuts,"Beans (black, imported)",567,KG,actual,Wholesale,MXN,12.25,1.13
2003-03-15,Sinaloa,Culiacan,Culiacán,2629,24.8,-107.39,cereals and tubers,Maize (white),67,KG,actual,Wholesale,MXN,3,0.28
2003-03-15,Veracruz,Xico,Xalapa,2625,19.54,-96.93,cereals and tubers,Maize (white),67,KG,actual,Wholesale,MXN,2.1,0.19
2003-03-15,Veracruz,Xico,Xalapa,2625,19.54,-96.93,pulses and nuts,"Beans (black, imported)",567,KG,actual,Wholesale,MXN,10.42,0.96
2003-04-15,Distrito Federal,Cuauhtemoc,Mexico City,2627,19.41,-99.13,cereals and tubers,Maize (white),67,KG,actual,Wholesale,MXN,2.06,0.19
2003-04-15,Distrito Federal,Cuauhtemoc,Mexico City,2627,19.41,-99.13,cereals and tubers,"Rice (long grain, Sinaloa)",591,KG,actual,Wholesale,MXN,3.72,0.35
2003-04-15,Distrito Federal,Cuauhtemoc,Mexico City,2627,19.41,-99.13,cereals and tubers,"Rice (small grain, Morelos)",596,KG,actual,Wholesale,MXN,8.6,0.81
2003-04-15,Distrito Federal,Cuauhtemoc,Mexico City,2627,19.41,-99.13,pulses and nuts,"Beans (black, Veracruz)",565,KG,actual,Wholesale,MXN,9,0.85
2003-04-15,Distrito Federal,Cuauhtemoc,Mexico City,2627,19.41,-99.13,pulses and nuts,"Beans (black, Zacatecas)",566,KG,actual,Wholesale,MXN,6.8,0.64
2003-04-15,Distrito Federal,Cuauhtemoc,Mexico City,2627,19.41,-99.13,pulses and nuts,"Beans (black, imported)",567,KG,actual,Wholesale,MXN,13.4,1.27
2003-04-15,Jalisco,Guadalajara,Guadalajara,2628,20.68,-103.35,cereals and tubers,"Rice (long grain, Sinaloa)",591,KG,actual,Wholesale,MXN,3.56,0.34
2003-04-15,Puebla,San Andres Cholula,Puebla,2626,19.01,-98.2,cereals and tubers,Maize (white),67,KG,actual,Wholesale,MXN,2.2,0.21
2003-04-15,Puebla,San Andres Cholula,Puebla,2626,19.01,-98.2,cereals and tubers,"Rice (small grain, Morelos)",596,KG,actual,Wholesale,MXN,8.5,0.8
2003-04-15,Puebla,San Andres Cholula,Puebla,2626,19.01,-98.2,pulses and nuts,"Beans (black, Veracruz)",565,KG,actual,Wholesale,MXN,8.2,0.77
2003-04-15,Puebla,San Andres Cholula,Puebla,2626,19.01,-98.2,pulses and nuts,"Beans (black, imported)",567,KG,actual,Wholesale,MXN,13,1.23
2003-04-15,Sinaloa,Culiacan,Culiacán,2629,24.8,-107.39,cereals and tubers,Maize (white),67,KG,actual,Wholesale,MXN,3,0.28
2003-04-15,Veracruz,Xico,Xalapa,2625,19.54,-96.93,cereals and tubers,Maize (white),67,KG,actual,Wholesale,MXN,2.08,0.2
2003-04-15,Veracruz,Xico,Xalapa,2625,19.54,-96.93,pulses and nuts,"Beans (black, imported)",567,KG,actual,Wholesale,MXN,11,1.04
2003-05-15,Distrito Federal,Cuauhtemoc,Mexico City,2627,19.41,-99.13,cereals and tubers,Maize (white),67,KG,actual,Wholesale,MXN,2.2,0.21
2003-05-15,Distrito Federal,Cuauhtemoc,Mexico City,2627,19.41,-99.13,cereals and tubers,"Rice (long grain, Sinaloa)",591,KG,actual,Wholesale,MXN,4.15,0.4
2003-05-15,Distrito Federal,Cuauhtemoc,Mexico City,2627,19.41,-99.13,cereals and tubers,"Rice (small grain, Morelos)",596,KG,actual,Wholesale,MXN,8.58,0.82
2003-05-15,Distrito Federal,Cuauhtemoc,Mexico City,2627,19.41,-99.13,pulses and nuts,"Beans (black, Veracruz)",565,KG,actual,Wholesale,MXN,8.75,0.84
2003-05-15,Distrito Federal,Cuauhtemoc,Mexico City,2627,19.41,-99.13,pulses and nuts,"Beans (black, Zacatecas)",566,KG,actual,Wholesale,MXN,6.85,0.66
2003-05-15,Distrito Federal,Cuauhtemoc,Mexico City,2627,19.41,-99.13,pulses and nuts,"Beans (black, imported)",567,KG,actual,Wholesale,MXN,13.5,1.29
2003-05-15,Jalisco,Guadalajara,Guadalajara,2628,20.68,-103.35,cereals and tubers,Maize (white),67,KG,actual,Wholesale,MXN,2,0.19
2003-05-15,Jalisco,Guadalajara,Guadalajara,2628,20.68,-103.35,cereals and tubers,"Rice (long grain, Sinaloa)",591,KG,actual,Wholesale,MXN,3.6,0.35
2003-05-15,Puebla,San Andres Cholula,Puebla,2626,19.01,-98.2,cereals and tubers,Maize (white),67,KG,actual,Wholesale,MXN,2.2,0.21
2003-05-15,Puebla,San Andres Cholula,Puebla,2626,19.01,-98.2,cereals and tubers,"Rice (small grain, Morelos)",596,KG,actual,Wholesale,MXN,8.5,0.81
2003-05-15,Puebla,San Andres Cholula,Puebla,2626,19.01,-98.2,pulses and nuts,"Beans (black, Veracruz)",565,KG,actual,Wholesale,MXN,8.5,0.81
2003-05-15,Puebla,San Andres Cholula,Puebla,2626,19.01,-98.2,pulses and nuts,"Beans (black, imported)",567,KG,actual,Wholesale,MXN,13,1.25
2003-05-15,Sinaloa,Culiacan,Culiacán,2629,24.8,-107.39,cereals and tubers,Maize (white),67,KG,actual,Wholesale,MXN,3,0.29
2003-05-15,Veracruz,Xico,Xalapa,2625,19.54,-96.93,cereals and tubers,Maize (white),67,KG,actual,Wholesale,MXN,2.05,0.2
2003-05-15,Veracruz,Xico,Xalapa,2625,19.54,-96.93,pulses and nuts,"Beans (black, imported)",567,KG,actual,Wholesale,MXN,12.2,1.17
2003-06-15,Distrito Federal,Cuauhtemoc,Mexico City,2627,19.41,-99.13,cereals and tubers,Maize (white),67,KG,actual,Wholesale,MXN,2,0.19
2003-06-15,Distrito Federal,Cuauhtemoc,Mexico City,2627,19.41,-99.13,cereals and tubers,"Rice (long grain, Sinaloa)",591,KG,actual,Wholesale,MXN,4.25,0.41
2003-06-15,Distrito Federal,Cuauhtemoc,Mexico City,2627,19.41,-99.13,cereals and tubers,"Rice (small grain, Morelos)",596,KG,actual,Wholesale,MXN,8.4,0.8
2003-06-15,Distrito Federal,Cuauhtemoc,Mexico City,2627,19.41,-99.13,pulses and nuts,"Beans (black, Veracruz)",565,KG,actual,Wholesale,MXN,8.5,0.81
2003-06-15,Distrito Federal,Cuauhtemoc,Mexico City,2627,19.41,-99.13,pulses and nuts,"Beans (black, Zacatecas)",566,KG,actual,Wholesale,MXN,6.72,0.64
2003-06-15,Distrito Federal,Cuauhtemoc,Mexico City,2627,19.41,-99.13,pulses and nuts,"Beans (black, imported)",567,KG,actual,Wholesale,MXN,12.72,1.21
2003-06-15,Jalisco,Guadalajara,Guadalajara,2628,20.68,-103.35,cereals and tubers,"Rice (long grain, Sinaloa)",591,KG,actual,Wholesale,MXN,3.58,0.34
2003-06-15,Puebla,San Andres Cholula,Puebla,2626,19.01,-98.2,cereals and tubers,Maize (white),67,KG,actual,Wholesale,MXN,2.2,0.21
2003-06-15,Puebla,San Andres Cholula,Puebla,2626,19.01,-98.2,pulses and nuts,"Beans (black, Veracruz)",565,KG,actual,Wholesale,MXN,8,0.76
2003-06-15,Puebla,San Andres Cholula,Puebla,2626,19.01,-98.2,pulses and nuts,"Beans (black, imported)",567,KG,actual,Wholesale,MXN,12.5,1.19
2003-06-15,Sinaloa,Culiacan,Culiacán,2629,24.8,-107.39,cereals and tubers,Maize (white),67,KG,actual,Wholesale,MXN,3,0.29
2003-06-15,Veracruz,Xico,Xalapa,2625,19.54,-96.93,cereals and tubers,Maize (white),67,KG,actual,Wholesale,MXN,2.15,0.21
2003-06-15,Veracruz,Xico,Xalapa,2625,19.54,-96.93,pulses and nuts,"Beans (black, imported)",567,KG,actual,Wholesale,MXN,11.35,1.08
2003-07-15,Distrito Federal,Cuauhtemoc,Mexico City,2627,19.41,-99.13,cereals and tubers,Maize (white),67,KG,actual,Wholesale,MXN,2.3,0.22
2003-07-15,Distrito Federal,Cuauhtemoc,Mexico City,2627,19.41,-99.13,cereals and tubers,"Rice (long grain, Sinaloa)",591,KG,actual,Wholesale,MXN,4.4,0.42
2003-07-15,Distrito Federal,Cuauhtemoc,Mexico City,2627,19.41,-99.13,pulses and nuts,"Beans (black, Zacatecas)",566,KG,actual,Wholesale,MXN,6.68,0.64
2003-07-15,Distrito Federal,Cuauhtemoc,Mexico City,2627,19.41,-99.13,pulses and nuts,"Beans (black, imported)",567,KG,actual,Wholesale,MXN,10,0.96
2003-07-15,Jalisco,Guadalajara,Guadalajara,2628,20.68,-103.35,cereals and tubers,Maize (white),67,KG,actual,Wholesale,MXN,1.98,0.19
2003-07-15,Jalisco,Guadalajara,Guadalajara,2628,20.68,-103.35,cereals and tubers,"Rice (long grain, Sinaloa)",591,KG,actual,Wholesale,MXN,3.72,0.36
2003-07-15,Puebla,San Andres Cholula,Puebla,2626,19.01,-98.2,cereals and tubers,Maize (white),67,KG,actual,Wholesale,MXN,2.2,0.21
2003-07-15,Puebla,San Andres Cholula,Puebla,2626,19.01,-98.2,cereals and tubers,"Rice (small grain, Morelos)",596,KG,actual,Wholesale,MXN,8.5,0.81
2003-07-15,Puebla,San Andres Cholula,Puebla,2626,19.01,-98.2,pulses and nuts,"Beans (black, Veracruz)",565,KG,actual,Wholesale,MXN,7.62,0.73
2003-07-15,Puebla,San Andres Cholula,Puebla,2626,19.01,-98.2,pulses and nuts,"Beans (black, imported)",567,KG,actual,Wholesale,MXN,9.7,0.93
2003-07-15,Sinaloa,Culiacan,Culiacán,2629,24.8,-107.39,cereals and tubers,Maize (white),67,KG,actual,Wholesale,MXN,3,0.29
2003-07-15,Veracruz,Xico,Xalapa,2625,19.54,-96.93,cereals and tubers,Maize (white),67,KG,actual,Wholesale,MXN,2.12,0.2
2003-08-15,Distrito Federal,Cuauhtemoc,Mexico City,2627,19.41,-99.13,cereals and tubers,Maize (white),67,KG,actual,Wholesale,MXN,2.34,0.22
2003-08-15,Distrito Federal,Cuauhtemoc,Mexico City,2627,19.41,-99.13,cereals and tubers,"Rice (long grain, Sinaloa)",591,KG,actual,Wholesale,MXN,4.4,0.41
2003-08-15,Distrito Federal,Cuauhtemoc,Mexico City,2627,19.41,-99.13,cereals and tubers,"Rice (small grain, Morelos)",596,KG,actual,Wholesale,MXN,8.4,0.78
2003-08-15,Distrito Federal,Cuauhtemoc,Mexico City,2627,19.41,-99.13,pulses and nuts,"Beans (black, Zacatecas)",566,KG,actual,Wholesale,MXN,6.5,0.61
2003-08-15,Distrito Federal,Cuauhtemoc,Mexico City,2627,19.41,-99.13,pulses and nuts,"Beans (black, imported)",567,KG,actual,Wholesale,MXN,9.3,0.87
2003-08-15,Jalisco,Guadalajara,Guadalajara,2628,20.68,-103.35,cereals and tubers,Maize (white),67,KG,actual,Wholesale,MXN,2.1,0.2
2003-08-15,Jalisco,Guadalajara,Guadalajara,2628,20.68,-103.35,cereals and tubers,"Rice (long grain, Sinaloa)",591,KG,actual,Wholesale,MXN,4,0.37
2003-08-15,Puebla,San Andres Cholula,Puebla,2626,19.01,-98.2,cereals and tubers,Maize (white),67,KG,actual,Wholesale,MXN,2.2,0.21
2003-08-15,Puebla,San Andres Cholula,Puebla,2626,19.01,-98.2,pulses and nuts,"Beans (black, Veracruz)",565,KG,actual,Wholesale,MXN,7.5,0.7
2003-08-15,Puebla,San Andres Cholula,Puebla,2626,19.01,-98.2,pulses and nuts,"Beans (black, imported)",567,KG,actual,Wholesale,MXN,9.38,0.88
2003-08-15,Sinaloa,Culiacan,Culiacán,2629,24.8,-107.39,cereals and tubers,Maize (white),67,KG,actual,Wholesale,MXN,3,0.28
2003-08-15,Veracruz,Xico,Xalapa,2625,19.54,-96.93,cereals and tubers,Maize (white),67,KG,actual,Wholesale,MXN,2.12,0.2
2003-08-15,Veracruz,Xico,Xalapa,2625,19.54,-96.93,pulses and nuts,"Beans (black, imported)",567,KG,actual,Wholesale,MXN,10,0.93
2003-09-15,Distrito Federal,Cuauhtemoc,Mexico City,2627,19.41,-99.13,cereals and tubers,Maize (white),67,KG,actual,Wholesale,MXN,2.39,0.22
2003-09-15,Distrito Federal,Cuauhtemoc,Mexico City,2627,19.41,-99.13,cereals and tubers,"Rice (long grain, Sinaloa)",591,KG,actual,Wholesale,MXN,4.58,0.42
2003-09-15,Distrito Federal,Cuauhtemoc,Mexico City,2627,19.41,-99.13,cereals and tubers,"Rice (small grain, Morelos)",596,KG,actual,Wholesale,MXN,8.45,0.77
2003-09-15,Distrito Federal,Cuauhtemoc,Mexico City,2627,19.41,-99.13,pulses and nuts,"Beans (black, imported)",567,KG,actual,Wholesale,MXN,9.5,0.87
2003-09-15,Jalisco,Guadalajara,Guadalajara,2628,20.68,-103.35,cereals and tubers,Maize (white),67,KG,actual,Wholesale,MXN,2.08,0.19
2003-09-15,Puebla,San Andres Cholula,Puebla,2626,19.01,-98.2,cereals and tubers,Maize (white),67,KG,actual,Wholesale,MXN,2.2,0.2
2003-09-15,Puebla,San Andres Cholula,Puebla,2626,19.01,-98.2,cereals and tubers,"Rice (small grain, Morelos)",596,KG,actual,Wholesale,MXN,8.5,0.78
2003-09-15,Puebla,San Andres Cholula,Puebla,2626,19.01,-98.2,pulses and nuts,"Beans (black, Veracruz)",565,KG,actual,Wholesale,MXN,7.5,0.68
2003-09-15,Puebla,San Andres Cholula,Puebla,2626,19.01,-98.2,pulses and nuts,"Beans (black, imported)",567,KG,actual,Wholesale,MXN,9,0.82
2003-09-15,Sinaloa,Culiacan,Culiacán,2629,24.8,-107.39,cereals and tubers,Maize (white),67,KG,actual,Wholesale,MXN,3,0.27
2003-09-15,Veracruz,Xico,Xalapa,2625,19.54,-96.93,pulses and nuts,"Beans (black, imported)",567,KG,actual,Wholesale,MXN,11,1
2003-10-15,Distrito Federal,Cuauhtemoc,Mexico City,2627,19.41,-99.13,cereals and tubers,Maize (white),67,KG,actual,Wholesale,MXN,2.41,0.22
2003-10-15,Distrito Federal,Cuauhtemoc,Mexico City,2627,19.41,-99.13,cereals and tubers,"Rice (long grain, Sinaloa)",591,KG,actual,Wholesale,MXN,4.96,0.44
2003-10-15,Distrito Federal,Cuauhtemoc,Mexico City,2627,19.41,-99.13,cereals and tubers,"Rice (small grain, Morelos)",596,KG,actual,Wholesale,MXN,8.6,0.77
2003-10-15,Distrito Federal,Cuauhtemoc,Mexico City,2627,19.41,-99.13,pulses and nuts,"Beans (black, Veracruz)",565,KG,actual,Wholesale,MXN,7.86,0.7
2003-10-15,Distrito Federal,Cuauhtemoc,Mexico City,2627,19.41,-99.13,pulses and nuts,"Beans (black, imported)",567,KG,actual,Wholesale,MXN,9.38,0.84
2003-10-15,Jalisco,Guadalajara,Guadalajara,2628,20.68,-103.35,cereals and tubers,Maize (white),67,KG,actual,Wholesale,MXN,2,0.18
2003-10-15,Puebla,San Andres Cholula,Puebla,2626,19.01,-98.2,cereals and tubers,Maize (white),67,KG,actual,Wholesale,MXN,2.26,0.2
2003-10-15,Puebla,San Andres Cholula,Puebla,2626,19.01,-98.2,cereals and tubers,"Rice (small grain, Morelos)",596,KG,actual,Wholesale,MXN,8.5,0.76
2003-10-15,Puebla,San Andres Cholula,Puebla,2626,19.01,-98.2,pulses and nuts,"Beans (black, Veracruz)",565,KG,actual,Wholesale,MXN,7.5,0.67
2003-10-15,Puebla,San Andres Cholula,Puebla,2626,19.01,-98.2,pulses and nuts,"Beans (black, imported)",567,KG,actual,Wholesale,MXN,9,0.8
2003-10-15,Sinaloa,Culiacan,Culiacán,2629,24.8,-107.39,cereals and tubers,Maize (white),67,KG,actual,Wholesale,MXN,3,0.27
2003-10-15,Veracruz,Xico,Xalapa,2625,19.54,-96.93,cereals and tubers,Maize (white),67,KG,actual,Wholesale,MXN,2.28,0.2
2003-10-15,Veracruz,Xico,Xalapa,2625,19.54,-96.93,pulses and nuts,"Beans (black, imported)",567,KG,actual,Wholesale,MXN,8.62,0.77
2003-11-15,Distrito Federal,Cuauhtemoc,Mexico City,2627,19.41,-99.13,cereals and tubers,Maize (white),67,KG,actual,Wholesale,MXN,2.4,0.22
2003-11-15,Distrito Federal,Cuauhtemoc,Mexico City,2627,19.41,-99.13,cereals and tubers,"Rice (long grain, Sinaloa)",591,KG,actual,Wholesale,MXN,5.22,0.47
2003-11-15,Distrito Federal,Cuauhtemoc,Mexico City,2627,19.41,-99.13,cereals and tubers,"Rice (small grain, Morelos)",596,KG,actual,Wholesale,MXN,8.6,0.77
2003-11-15,Distrito Federal,Cuauhtemoc,Mexico City,2627,19.41,-99.13,pulses and nuts,"Beans (black, Veracruz)",565,KG,actual,Wholesale,MXN,7.5,0.67
2003-11-15,Distrito Federal,Cuauhtemoc,Mexico City,2627,19.41,-99.13,pulses and nuts,"Beans (black, imported)",567,KG,actual,Wholesale,MXN,9.22,0.83
2003-11-15,Jalisco,Guadalajara,Guadalajara,2628,20.68,-103.35,cereals and tubers,Maize (white),67,KG,actual,Wholesale,MXN,2,0.18
2003-11-15,Jalisco,Guadalajara,Guadalajara,2628,20.68,-103.35,cereals and tubers,"Rice (long grain, Sinaloa)",591,KG,actual,Wholesale,MXN,4,0.36
2003-11-15,Puebla,San Andres Cholula,Puebla,2626,19.01,-98.2,cereals and tubers,Maize (white),67,KG,actual,Wholesale,MXN,2.3,0.21
2003-11-15,Puebla,San Andres Cholula,Puebla,2626,19.01,-98.2,cereals and tubers,"Rice (small grain, Morelos)",596,KG,actual,Wholesale,MXN,8.5,0.76
2003-11-15,Puebla,San Andres Cholula,Puebla,2626,19.01,-98.2,pulses and nuts,"Beans (black, Veracruz)",565,KG,actual,Wholesale,MXN,7.5,0.67
2003-11-15,Puebla,San Andres Cholula,Puebla,2626,19.01,-98.2,pulses and nuts,"Beans (black, imported)",567,KG,actual,Wholesale,MXN,9,0.81
2003-11-15,Sinaloa,Culiacan,Culiacán,2629,24.8,-107.39,cereals and tubers,Maize (white),67,KG,actual,Wholesale,MXN,3,0.27
2003-11-15,Veracruz,Xico,Xalapa,2625,19.54,-96.93,cereals and tubers,Maize (white),67,KG,actual,Wholesale,MXN,2.15,0.19
2003-11-15,Veracruz,Xico,Xalapa,2625,19.54,-96.93,pulses and nuts,"Beans (black, imported)",567,KG,actual,Wholesale,MXN,8.78,0.79
2003-12-15,Distrito Federal,Cuauhtemoc,Mexico City,2627,19.41,-99.13,cereals and tubers,Maize (white),67,KG,actual,Wholesale,MXN,2.4,0.21
2003-12-15,Distrito Federal,Cuauhtemoc,Mexico City,2627,19.41,-99.13,cereals and tubers,"Rice (small grain, Morelos)",596,KG,actual,Wholesale,MXN,8.58,0.76
2003-12-15,Distrito Federal,Cuauhtemoc,Mexico City,2627,19.41,-99.13,pulses and nuts,"Beans (black, Veracruz)",565,KG,actual,Wholesale,MXN,7.5,0.66
2003-12-15,Distrito Federal,Cuauhtemoc,Mexico City,2627,19.41,-99.13,pulses and nuts,"Beans (black, imported)",567,KG,actual,Wholesale,MXN,9.18,0.81
2003-12-15,Jalisco,Guadalajara,Guadalajara,2628,20.68,-103.35,cereals and tubers,"Rice (long grain, Sinaloa)",591,KG,actual,Wholesale,MXN,4,0.35
2003-12-15,Puebla,San Andres Cholula,Puebla,2626,19.01,-98.2,cereals and tubers,Maize (white),67,KG,actual,Wholesale,MXN,2.22,0.2
2003-12-15,Puebla,San Andres Cholula,Puebla,2626,19.01,-98.2,cereals and tubers,"Rice (small grain, Morelos)",596,KG,actual,Wholesale,MXN,8.5,0.75
2003-12-15,Puebla,San Andres Cholula,Puebla,2626,19.01,-98.2,pulses and nuts,"Beans (black, Veracruz)",565,KG,actual,Wholesale,MXN,7.3,0.65
2003-12-15,Puebla,San Andres Cholula,Puebla,2626,19.01,-98.2,pulses and nuts,"Beans (black, imported)",567,KG,actual,Wholesale,MXN,9.4,0.83
2003-12-15,Sinaloa,Culiacan,Culiacán,2629,24.8,-107.39,cereals and tubers,Maize (white),67,KG,actual,Wholesale,MXN,3,0.27
2003-12-15,Veracruz,Xico,Xalapa,2625,19.54,-96.93,cereals and tubers,Maize (white),67,KG,actual,Wholesale,MXN,2.04,0.18
2003-12-15,Veracruz,Xico,Xalapa,2625,19.54,-96.93,pulses and nuts,"Beans (black, imported)",567,KG,actual,Wholesale,MXN,8.86,0.78
2004-01-15,Distrito Federal,Cuauhtemoc,Mexico City,2627,19.41,-99.13,cereals and tubers,Maize (white),67,KG,actual,Wholesale,MXN,2.35,0.22
2004-01-15,Distrito Federal,Cuauhtemoc,Mexico City,2627,19.41,-99.13,cereals and tubers,"Rice (small grain, Morelos)",596,KG,actual,Wholesale,MXN,8.7,0.8
2004-01-15,Distrito Federal,Cuauhtemoc,Mexico City,2627,19.41,-99.13,pulses and nuts,"Beans (black, Veracruz)",565,KG,actual,Wholesale,MXN,7.35,0.68
2004-01-15,Distrito Federal,Cuauhtemoc,Mexico City,2627,19.41,-99.13,pulses and nuts,"Beans (black, imported)",567,KG,actual,Wholesale,MXN,9.4,0.87
2004-01-15,Jalisco,Guadalajara,Guadalajara,2628,20.68,-103.35,cereals and tubers,Maize (white),67,KG,actual,Wholesale,MXN,2.05,0.19
2004-01-15,Jalisco,Guadalajara,Guadalajara,2628,20.68,-103.35,cereals and tubers,"Rice (long grain, Sinaloa)",591,KG,actual,Wholesale,MXN,5.05,0.47
2004-01-15,Puebla,San Andres Cholula,Puebla,2626,19.01,-98.2,cereals and tubers,Maize (white),67,KG,actual,Wholesale,MXN,2.2,0.2
2004-01-15,Puebla,San Andres Cholula,Puebla,2626,19.01,-98.2,cereals and tubers,"Rice (small grain, Morelos)",596,KG,actual,Wholesale,MXN,8.88,0.82
2004-01-15,Puebla,San Andres Cholula,Puebla,2626,19.01,-98.2,pulses and nuts,"Beans (black, Veracruz)",565,KG,actual,Wholesale,MXN,7,0.65
2004-01-15,Puebla,San Andres Cholula,Puebla,2626,19.01,-98.2,pulses and nuts,"Beans (black, imported)",567,KG,actual,Wholesale,MXN,9.3,0.86
2004-01-15,Sinaloa,Culiacan,Culiacán,2629,24.8,-107.39,cereals and tubers,Maize (white),67,KG,actual,Wholesale,MXN,3.05,0.28
2004-01-15,Veracruz,Xico,Xalapa,2625,19.54,-96.93,cereals and tubers,Maize (white),67,KG,actual,Wholesale,MXN,2.12,0.2
2004-01-15,Veracruz,Xico,Xalapa,2625,19.54,-96.93,pulses and nuts,"Beans (black, imported)",567,KG,actual,Wholesale,MXN,8.78,0.81
2004-02-15,Distrito Federal,Cuauhtemoc,Mexico City,2627,19.41,-99.13,cereals and tubers,Maize (white),67,KG,actual,Wholesale,MXN,2.3,0.21
2004-02-15,Distrito Federal,Cuauhtemoc,Mexico City,2627,19.41,-99.13,cereals and tubers,"Rice (long grain, Sinaloa)",591,KG,actual,Wholesale,MXN,5.62,0.51
2004-02-15,Distrito Federal,Cuauhtemoc,Mexico City,2627,19.41,-99.13,cereals and tubers,"Rice (small grain, Morelos)",596,KG,actual,Wholesale,MXN,9.52,0.87
2004-02-15,Distrito Federal,Cuauhtemoc,Mexico City,2627,19.41,-99.13,pulses and nuts,"Beans (black, Veracruz)",565,KG,actual,Wholesale,MXN,7.4,0.68
2004-02-15,Puebla,San Andres Cholula,Puebla,2626,19.01,-98.2,cereals and tubers,Maize (white),67,KG,actual,Wholesale,MXN,2.2,0.2
2004-02-15,Puebla,San Andres Cholula,Puebla,2626,19.01,-98.2,cereals and tubers,"Rice (small grain, Morelos)",596,KG,actual,Wholesale,MXN,9.5,0.87
2004-02-15,Puebla,San Andres Cholula,Puebla,2626,19.01,-98.2,pulses and nuts,"Beans (black, Veracruz)",565,KG,actual,Wholesale,MXN,7,0.64
2004-02-15,Puebla,San Andres Cholula,Puebla,2626,19.01,-98.2,pulses and nuts,"Beans (black, imported)",567,KG,actual,Wholesale,MXN,9.45,0.86
2004-02-15,Sinaloa,Culiacan,Culiacán,2629,24.8,-107.39,cereals and tubers,Maize (white),67,KG,actual,Wholesale,MXN,3,0.27
2004-02-15,Veracruz,Xico,Xalapa,2625,19.54,-96.93,cereals and tubers,Maize (white),67,KG,actual,Wholesale,MXN,2.18,0.2
2004-02-15,Veracruz,Xico,Xalapa,2625,19.54,-96.93,pulses and nuts,"Beans (black, imported)",567,KG,actual,Wholesale,MXN,8.52,0.78
2004-03-15,Distrito Federal,Cuauhtemoc,Mexico City,2627,19.41,-99.13,cereals and tubers,Maize (white),67,KG,actual,Wholesale,MXN,2.22,0.2
2004-03-15,Distrito Federal,Cuauhtemoc,Mexico City,2627,19.41,-99.13,cereals and tubers,"Rice (long grain, Sinaloa)",591,KG,actual,Wholesale,MXN,6,0.54
2004-03-15,Distrito Federal,Cuauhtemoc,Mexico City,2627,19.41,-99.13,cereals and tubers,"Rice (small grain, Morelos)",596,KG,actual,Wholesale,MXN,10.9,0.99
2004-03-15,Distrito Federal,Cuauhtemoc,Mexico City,2627,19.41,-99.13,pulses and nuts,"Beans (black, Veracruz)",565,KG,actual,Wholesale,MXN,7.48,0.68
2004-03-15,Distrito Federal,Cuauhtemoc,Mexico City,2627,19.41,-99.13,pulses and nuts,"Beans (black, Zacatecas)",566,KG,actual,Wholesale,MXN,5.9,0.54
2004-03-15,Distrito Federal,Cuauhtemoc,Mexico City,2627,19.41,-99.13,pulses and nuts,"Beans (black, imported)",567,KG,actual,Wholesale,MXN,9.46,0.86
2004-03-15,Jalisco,Guadalajara,Guadalajara,2628,20.68,-103.35,cereals and tubers,Maize (white),67,KG,actual,Wholesale,MXN,2.2,0.2
2004-03-15,Jalisco,Guadalajara,Guadalajara,2628,20.68,-103.35,cereals and tubers,"Rice (long grain, Sinaloa)",591,KG,actual,Wholesale,MXN,5,0.45
2004-03-15,Puebla,San Andres Cholula,Puebla,2626,19.01,-98.2,cereals and tubers,Maize (white),67,KG,actual,Wholesale,MXN,2.2,0.2
2004-03-15,Puebla,San Andres Cholula,Puebla,2626,19.01,-98.2,cereals and tubers,"Rice (small grain, Morelos)",596,KG,actual,Wholesale,MXN,9.7,0.88
2004-03-15,Puebla,San Andres Cholula,Puebla,2626,19.01,-98.2,pulses and nuts,"Beans (black, Veracruz)",565,KG,actual,Wholesale,MXN,6.7,0.61
2004-03-15,Puebla,San Andres Cholula,Puebla,2626,19.01,-98.2,pulses and nuts,"Beans (black, imported)",567,KG,actual,Wholesale,MXN,9.5,0.86
2004-03-15,Sinaloa,Culiacan,Culiacán,2629,24.8,-107.39,cereals and tubers,Maize (white),67,KG,actual,Wholesale,MXN,3,0.27
2004-03-15,Veracruz,Xico,Xalapa,2625,19.54,-96.93,cereals and tubers,Maize (white),67,KG,actual,Wholesale,MXN,2.18,0.2
2004-03-15,Veracruz,Xico,Xalapa,2625,19.54,-96.93,pulses and nuts,"Beans (black, imported)",567,KG,actual,Wholesale,MXN,8.38,0.76
2004-04-15,Distrito Federal,Cuauhtemoc,Mexico City,2627,19.41,-99.13,cereals and tubers,Maize (white),67,KG,actual,Wholesale,MXN,2.22,0.2
2004-04-15,Distrito Federal,Cuauhtemoc,Mexico City,2627,19.41,-99.13,cereals and tubers,"Rice (long grain, Sinaloa)",591,KG,actual,Wholesale,MXN,6.08,0.54
2004-04-15,Distrito Federal,Cuauhtemoc,Mexico City,2627,19.41,-99.13,cereals and tubers,"Rice (small grain, Morelos)",596,KG,actual,Wholesale,MXN,11.08,0.98
2004-04-15,Distrito Federal,Cuauhtemoc,Mexico City,2627,19.41,-99.13,pulses and nuts,"Beans (black, Veracruz)",565,KG,actual,Wholesale,MXN,7.35,0.65
2004-04-15,Distrito Federal,Cuauhtemoc,Mexico City,2627,19.41,-99.13,pulses and nuts,"Beans (black, Zacatecas)",566,KG,actual,Wholesale,MXN,5.5,0.49
2004-04-15,Distrito Federal,Cuauhtemoc,Mexico City,2627,19.41,-99.13,pulses and nuts,"Beans (black, imported)",567,KG,actual,Wholesale,MXN,9.65,0.86
2004-04-15,Jalisco,Guadalajara,Guadalajara,2628,20.68,-103.35,cereals and tubers,Maize (white),67,KG,actual,Wholesale,MXN,2.15,0.19
2004-04-15,Jalisco,Guadalajara,Guadalajara,2628,20.68,-103.35,cereals and tubers,"Rice (long grain, Sinaloa)",591,KG,actual,Wholesale,MXN,5.32,0.47
2004-04-15,Puebla,San Andres Cholula,Puebla,2626,19.01,-98.2,cereals and tubers,Maize (white),67,KG,actual,Wholesale,MXN,2.2,0.2
2004-04-15,Puebla,San Andres Cholula,Puebla,2626,19.01,-98.2,cereals and tubers,"Rice (small grain, Morelos)",596,KG,actual,Wholesale,MXN,10.5,0.93
2004-04-15,Puebla,San Andres Cholula,Puebla,2626,19.01,-98.2,pulses and nuts,"Beans (black, Veracruz)",565,KG,actual,Wholesale,MXN,6.5,0.58
2004-04-15,Puebla,San Andres Cholula,Puebla,2626,19.01,-98.2,pulses and nuts,"Beans (black, imported)",567,KG,actual,Wholesale,MXN,9.38,0.83
2004-04-15,Sinaloa,Culiacan,Culiacán,2629,24.8,-107.39,cereals and tubers,Maize (white),67,KG,actual,Wholesale,MXN,3,0.27
2004-04-15,Veracruz,Xico,Xalapa,2625,19.54,-96.93,pulses and nuts,"Beans (black, imported)",567,KG,actual,Wholesale,MXN,8.68,0.77
2004-05-15,Distrito Federal,Cuauhtemoc,Mexico City,2627,19.41,-99.13,cereals and tubers,Maize (white),67,KG,actual,Wholesale,MXN,2.4,0.21
2004-05-15,Distrito Federal,Cuauhtemoc,Mexico City,2627,19.41,-99.13,cereals and tubers,"Rice (long grain, Sinaloa)",591,KG,actual,Wholesale,MXN,6.4,0.56
2004-05-15,Distrito Federal,Cuauhtemoc,Mexico City,2627,19.41,-99.13,cereals and tubers,"Rice (small grain, Morelos)",596,KG,actual,Wholesale,MXN,12.05,1.05
2004-05-15,Distrito Federal,Cuauhtemoc,Mexico City,2627,19.41,-99.13,pulses and nuts,"Beans (black, Veracruz)",565,KG,actual,Wholesale,MXN,7,0.61
2004-05-15,Distrito Federal,Cuauhtemoc,Mexico City,2627,19.41,-99.13,pulses and nuts,"Beans (black, imported)",567,KG,actual,Wholesale,MXN,9.82,0.85
2004-05-15,Jalisco,Guadalajara,Guadalajara,2628,20.68,-103.35,cereals and tubers,Maize (white),67,KG,actual,Wholesale,MXN,2.1,0.18
2004-05-15,Jalisco,Guadalajara,Guadalajara,2628,20.68,-103.35,cereals and tubers,"Rice (long grain, Sinaloa)",591,KG,actual,Wholesale,MXN,5.38,0.47
2004-05-15,Puebla,San Andres Cholula,Puebla,2626,19.01,-98.2,cereals and tubers,Maize (white),67,KG,actual,Wholesale,MXN,2.22,0.19
2004-05-15,Puebla,San Andres Cholula,Puebla,2626,19.01,-98.2,cereals and tubers,"Rice (small grain, Morelos)",596,KG,actual,Wholesale,MXN,11.25,0.98
2004-05-15,Puebla,San Andres Cholula,Puebla,2626,19.01,-98.2,pulses and nuts,"Beans (black, Veracruz)",565,KG,actual,Wholesale,MXN,6.5,0.56
2004-05-15,Sinaloa,Culiacan,Culiacán,2629,24.8,-107.39,cereals and tubers,Maize (white),67,KG,actual,Wholesale,MXN,3,0.26
2004-05-15,Veracruz,Xico,Xalapa,2625,19.54,-96.93,cereals and tubers,Maize (white),67,KG,actual,Wholesale,MXN,2.2,0.19
2004-05-15,Veracruz,Xico,Xalapa,2625,19.54,-96.93,pulses and nuts,"Beans (black, imported)",567,KG,actual,Wholesale,MXN,8.63,0.75
2004-06-15,Distrito Federal,Cuauhtemoc,Mexico City,2627,19.41,-99.13,cereals and tubers,"Rice (long grain, Sinaloa)",591,KG,actual,Wholesale,MXN,6.58,0.58
2004-06-15,Distrito Federal,Cuauhtemoc,Mexico City,2627,19.41,-99.13,cereals and tubers,"Rice (small grain, Morelos)",596,KG,actual,Wholesale,MXN,13.2,1.16
2004-06-15,Distrito Federal,Cuauhtemoc,Mexico City,2627,19.41,-99.13,pulses and nuts,"Beans (black, imported)",567,KG,actual,Wholesale,MXN,9.8,0.86
2004-06-15,Jalisco,Guadalajara,Guadalajara,2628,20.68,-103.35,cereals and tubers,Maize (white),67,KG,actual,Wholesale,MXN,2.2,0.19
2004-06-15,Jalisco,Guadalajara,Guadalajara,2628,20.68,-103.35,cereals and tubers,"Rice (long grain, Sinaloa)",591,KG,actual,Wholesale,MXN,5.76,0.51
2004-06-15,Puebla,San Andres Cholula,Puebla,2626,19.01,-98.2,cereals and tubers,Maize (white),67,KG,actual,Wholesale,MXN,2.3,0.2
2004-06-15,Puebla,San Andres Cholula,Puebla,2626,19.01,-98.2,cereals and tubers,"Rice (small grain, Morelos)",596,KG,actual,Wholesale,MXN,12,1.05
2004-06-15,Puebla,San Andres Cholula,Puebla,2626,19.01,-98.2,pulses and nuts,"Beans (black, Veracruz)",565,KG,actual,Wholesale,MXN,6.8,0.6
2004-06-15,Puebla,San Andres Cholula,Puebla,2626,19.01,-98.2,pulses and nuts,"Beans (black, imported)",567,KG,actual,Wholesale,MXN,9.5,0.83
2004-06-15,Sinaloa,Culiacan,Culiacán,2629,24.8,-107.39,cereals and tubers,Maize (white),67,KG,actual,Wholesale,MXN,3,0.26
2004-06-15,Veracruz,Xico,Xalapa,2625,19.54,-96.93,cereals and tubers,Maize (white),67,KG,actual,Wholesale,MXN,2.22,0.2
2004-06-15,Veracruz,Xico,Xalapa,2625,19.54,-96.93,pulses and nuts,"Beans (black, imported)",567,KG,actual,Wholesale,MXN,8.94,0.79
2004-07-15,Distrito Federal,Cuauhtemoc,Mexico City,2627,19.41,-99.13,cereals and tubers,Maize (white),67,KG,actual,Wholesale,MXN,2.4,0.21
2004-07-15,Distrito Federal,Cuauhtemoc,Mexico City,2627,19.41,-99.13,cereals and tubers,"Rice (long grain, Sinaloa)",591,KG,actual,Wholesale,MXN,6.6,0.57
2004-07-15,Distrito Federal,Cuauhtemoc,Mexico City,2627,19.41,-99.13,cereals and tubers,"Rice (small grain, Morelos)",596,KG,actual,Wholesale,MXN,13.65,1.19
2004-07-15,Distrito Federal,Cuauhtemoc,Mexico City,2627,19.41,-99.13,pulses and nuts,"Beans (black, Veracruz)",565,KG,actual,Wholesale,MXN,7,0.61
2004-07-15,Distrito Federal,Cuauhtemoc,Mexico City,2627,19.41,-99.13,pulses and nuts,"Beans (black, Zacatecas)",566,KG,actual,Wholesale,MXN,5.5,0.48
2004-07-15,Distrito Federal,Cuauhtemoc,Mexico City,2627,19.41,-99.13,pulses and nuts,"Beans (black, imported)",567,KG,actual,Wholesale,MXN,9.8,0.85
2004-07-15,Jalisco,Guadalajara,Guadalajara,2628,20.68,-103.35,cereals and tubers,Maize (white),67,KG,actual,Wholesale,MXN,2.2,0.19
2004-07-15,Jalisco,Guadalajara,Guadalajara,2628,20.68,-103.35,cereals and tubers,"Rice (long grain, Sinaloa)",591,KG,actual,Wholesale,MXN,6.2,0.54
2004-07-15,Puebla,San Andres Cholula,Puebla,2626,19.01,-98.2,cereals and tubers,Maize (white),67,KG,actual,Wholesale,MXN,2.3,0.2
2004-07-15,Puebla,San Andres Cholula,Puebla,2626,19.01,-98.2,cereals and tubers,"Rice (small grain, Morelos)",596,KG,actual,Wholesale,MXN,12.5,1.09
2004-07-15,Puebla,San Andres Cholula,Puebla,2626,19.01,-98.2,pulses and nuts,"Beans (black, Veracruz)",565,KG,actual,Wholesale,MXN,6.88,0.6
2004-07-15,Puebla,San Andres Cholula,Puebla,2626,19.01,-98.2,pulses and nuts,"Beans (black, imported)",567,KG,actual,Wholesale,MXN,9.5,0.83
2004-07-15,Sinaloa,Culiacan,Culiacán,2629,24.8,-107.39,cereals and tubers,Maize (white),67,KG,actual,Wholesale,MXN,3,0.26
2004-07-15,Veracruz,Xico,Xalapa,2625,19.54,-96.93,cereals and tubers,Maize (white),67,KG,actual,Wholesale,MXN,2.2,0.19
2004-07-15,Veracruz,Xico,Xalapa,2625,19.54,-96.93,pulses and nuts,"Beans (black, imported)",567,KG,actual,Wholesale,MXN,8.92,0.78
2004-08-15,Distrito Federal,Cuauhtemoc,Mexico City,2627,19.41,-99.13,cereals and tubers,Maize (white),67,KG,actual,Wholesale,MXN,2.45,0.22
2004-08-15,Distrito Federal,Cuauhtemoc,Mexico City,2627,19.41,-99.13,cereals and tubers,"Rice (long grain, Sinaloa)",591,KG,actual,Wholesale,MXN,6.6,0.58
2004-08-15,Distrito Federal,Cuauhtemoc,Mexico City,2627,19.41,-99.13,cereals and tubers,"Rice (small grain, Morelos)",596,KG,actual,Wholesale,MXN,13.9,1.22
2004-08-15,Distrito Federal,Cuauhtemoc,Mexico City,2627,19.41,-99.13,pulses and nuts,"Beans (black, Zacatecas)",566,KG,actual,Wholesale,MXN,5.48,0.48
2004-08-15,Distrito Federal,Cuauhtemoc,Mexico City,2627,19.41,-99.13,pulses and nuts,"Beans (black, imported)",567,KG,actual,Wholesale,MXN,10,0.88
2004-08-15,Jalisco,Guadalajara,Guadalajara,2628,20.68,-103.35,cereals and tubers,Maize (white),67,KG,actual,Wholesale,MXN,2.2,0.19
2004-08-15,Jalisco,Guadalajara,Guadalajara,2628,20.68,-103.35,cereals and tubers,"Rice (long grain, Sinaloa)",591,KG,actual,Wholesale,MXN,6.48,0.57
2004-08-15,Puebla,San Andres Cholula,Puebla,2626,19.01,-98.2,cereals and tubers,Maize (white),67,KG,actual,Wholesale,MXN,2.3,0.2
2004-08-15,Puebla,San Andres Cholula,Puebla,2626,19.01,-98.2,cereals and tubers,"Rice (small grain, Morelos)",596,KG,actual,Wholesale,MXN,13,1.14
2004-08-15,Puebla,San Andres Cholula,Puebla,2626,19.01,-98.2,pulses and nuts,"Beans (black, Veracruz)",565,KG,actual,Wholesale,MXN,6.5,0.57
2004-08-15,Puebla,San Andres Cholula,Puebla,2626,19.01,-98.2,pulses and nuts,"Beans (black, imported)",567,KG,actual,Wholesale,MXN,9.5,0.84
2004-08-15,Sinaloa,Culiacan,Culiacán,2629,24.8,-107.39,cereals and tubers,Maize (white),67,KG,actual,Wholesale,MXN,3,0.26
2004-08-15,Veracruz,Xico,Xalapa,2625,19.54,-96.93,cereals and tubers,Maize (white),67,KG,actual,Wholesale,MXN,2.2,0.19
2004-09-15,Distrito Federal,Cuauhtemoc,Mexico City,2627,19.41,-99.13,cereals and tubers,Maize (white),67,KG,actual,Wholesale,MXN,2.56,0.22
2004-09-15,Distrito Federal,Cuauhtemoc,Mexico City,2627,19.41,-99.13,cereals and tubers,"Rice (long grain, Sinaloa)",591,KG,actual,Wholesale,MXN,6.46,0.56
2004-09-15,Distrito Federal,Cuauhtemoc,Mexico City,2627,19.41,-99.13,cereals and tubers,"Rice (small grain, Morelos)",596,KG,actual,Wholesale,MXN,13.2,1.15
2004-09-15,Distrito Federal,Cuauhtemoc,Mexico City,2627,19.41,-99.13,pulses and nuts,"Beans (black, Veracruz)",565,KG,actual,Wholesale,MXN,7.34,0.64
2004-09-15,Distrito Federal,Cuauhtemoc,Mexico City,2627,19.41,-99.13,pulses and nuts,"Beans (black, imported)",567,KG,actual,Wholesale,MXN,10.22,0.89
2004-09-15,Jalisco,Guadalajara,Guadalajara,2628,20.68,-103.35,cereals and tubers,"Rice (long grain, Sinaloa)",591,KG,actual,Wholesale,MXN,6.08,0.53
2004-09-15,Puebla,San Andres Cholula,Puebla,2626,19.01,-98.2,cereals and tubers,Maize (white),67,KG,actual,Wholesale,MXN,2.3,0.2
2004-09-15,Puebla,San Andres Cholula,Puebla,2626,19.01,-98.2,cereals and tubers,"Rice (small grain, Morelos)",596,KG,actual,Wholesale,MXN,13.4,1.16
2004-09-15,Puebla,San Andres Cholula,Puebla,2626,19.01,-98.2,pulses and nuts,"Beans (black, Veracruz)",565,KG,actual,Wholesale,MXN,6.9,0.6
2004-09-15,Puebla,San Andres Cholula,Puebla,2626,19.01,-98.2,pulses and nuts,"Beans (black, imported)",567,KG,actual,Wholesale,MXN,9.92,0.86
2004-09-15,Sinaloa,Culiacan,Culiacán,2629,24.8,-107.39,cereals and tubers,Maize (white),67,KG,actual,Wholesale,MXN,3,0.26
2004-09-15,Veracruz,Xico,Xalapa,2625,19.54,-96.93,cereals and tubers,Maize (white),67,KG,actual,Wholesale,MXN,2.28,0.2
2004-09-15,Veracruz,Xico,Xalapa,2625,19.54,-96.93,pulses and nuts,"Beans (black, imported)",567,KG,actual,Wholesale,MXN,9.36,0.81
2004-10-15,Distrito Federal,Cuauhtemoc,Mexico City,2627,19.41,-99.13,cereals and tubers,Maize (white),67,KG,actual,Wholesale,MXN,2.65,0.23
2004-10-15,Distrito Federal,Cuauhtemoc,Mexico City,2627,19.41,-99.13,cereals and tubers,"Rice (long grain, Sinaloa)",591,KG,actual,Wholesale,MXN,6.42,0.56
2004-10-15,Distrito Federal,Cuauhtemoc,Mexico City,2627,19.41,-99.13,cereals and tubers,"Rice (small grain, Morelos)",596,KG,actual,Wholesale,MXN,13.5,1.18
2004-10-15,Distrito Federal,Cuauhtemoc,Mexico City,2627,19.41,-99.13,pulses and nuts,"Beans (black, Zacatecas)",566,KG,actual,Wholesale,MXN,5.5,0.48
2004-10-15,Distrito Federal,Cuauhtemoc,Mexico City,2627,19.41,-99.13,pulses and nuts,"Beans (black, imported)",567,KG,actual,Wholesale,MXN,10.82,0.95
2004-10-15,Jalisco,Guadalajara,Guadalajara,2628,20.68,-103.35,cereals and tubers,Maize (white),67,KG,actual,Wholesale,MXN,2.25,0.2
2004-10-15,Jalisco,Guadalajara,Guadalajara,2628,20.68,-103.35,cereals and tubers,"Rice (long grain, Sinaloa)",591,KG,actual,Wholesale,MXN,5.9,0.52
2004-10-15,Puebla,San Andres Cholula,Puebla,2626,19.01,-98.2,cereals and tubers,Maize (white),67,KG,actual,Wholesale,MXN,2.35,0.21
2004-10-15,Puebla,San Andres Cholula,Puebla,2626,19.01,-98.2,cereals and tubers,"Rice (small grain, Morelos)",596,KG,actual,Wholesale,MXN,14,1.22
2004-10-15,Puebla,San Andres Cholula,Puebla,2626,19.01,-98.2,pulses and nuts,"Beans (black, Veracruz)",565,KG,actual,Wholesale,MXN,7.25,0.63
2004-10-15,Puebla,San Andres Cholula,Puebla,2626,19.01,-98.2,pulses and nuts,"Beans (black, imported)",567,KG,actual,Wholesale,MXN,10.5,0.92
2004-10-15,Sinaloa,Culiacan,Culiacán,2629,24.8,-107.39,cereals and tubers,Maize (white),67,KG,actual,Wholesale,MXN,3,0.26
2004-10-15,Veracruz,Xico,Xalapa,2625,19.54,-96.93,cereals and tubers,Maize (white),67,KG,actual,Wholesale,MXN,2.25,0.2
2004-10-15,Veracruz,Xico,Xalapa,2625,19.54,-96.93,pulses and nuts,"Beans (black, imported)",567,KG,actual,Wholesale,MXN,9.72,0.85
2004-11-15,Distrito Federal,Cuauhtemoc,Mexico City,2627,19.41,-99.13,cereals and tubers,Maize (white),67,KG,actual,Wholesale,MXN,2.62,0.23
2004-11-15,Distrito Federal,Cuauhtemoc,Mexico City,2627,19.41,-99.13,cereals and tubers,"Rice (long grain, Sinaloa)",591,KG,actual,Wholesale,MXN,6.1,0.54
2004-11-15,Distrito Federal,Cuauhtemoc,Mexico City,2627,19.41,-99.13,cereals and tubers,"Rice (small grain, Morelos)",596,KG,actual,Wholesale,MXN,13.85,1.22
2004-11-15,Distrito Federal,Cuauhtemoc,Mexico City,2627,19.41,-99.13,pulses and nuts,"Beans (black, imported)",567,KG,actual,Wholesale,MXN,10.8,0.95
2004-11-15,Jalisco,Guadalajara,Guadalajara,2628,20.68,-103.35,cereals and tubers,Maize (white),67,KG,actual,Wholesale,MXN,2.12,0.19
2004-11-15,Jalisco,Guadalajara,Guadalajara,2628,20.68,-103.35,cereals and tubers,"Rice (long grain, Sinaloa)",591,KG,actual,Wholesale,MXN,5.8,0.51
2004-11-15,Puebla,San Andres Cholula,Puebla,2626,19.01,-98.2,cereals and tubers,Maize (white),67,KG,actual,Wholesale,MXN,2.35,0.21
2004-11-15,Puebla,San Andres Cholula,Puebla,2626,19.01,-98.2,cereals and tubers,"Rice (small grain, Morelos)",596,KG,actual,Wholesale,MXN,14,1.23
2004-11-15,Puebla,San Andres Cholula,Puebla,2626,19.01,-98.2,pulses and nuts,"Beans (black, Veracruz)",565,KG,actual,Wholesale,MXN,7.5,0.66
2004-11-15,Puebla,San Andres Cholula,Puebla,2626,19.01,-98.2,pulses and nuts,"Beans (black, imported)",567,KG,actual,Wholesale,MXN,10.5,0.92
2004-11-15,Sinaloa,Culiacan,Culiacán,2629,24.8,-107.39,cereals and tubers,Maize (white),67,KG,actual,Wholesale,MXN,3,0.26
2004-11-15,Veracruz,Xico,Xalapa,2625,19.54,-96.93,cereals and tubers,Maize (white),67,KG,actual,Wholesale,MXN,2.15,0.19
2004-12-15,Distrito Federal,Cuauhtemoc,Mexico City,2627,19.41,-99.13,cereals and tubers,"Rice (long grain, Sinaloa)",591,KG,actual,Wholesale,MXN,5.84,0.52
2004-12-15,Distrito Federal,Cuauhtemoc,Mexico City,2627,19.41,-99.13,cereals and tubers,"Rice (small grain, Morelos)",596,KG,actual,Wholesale,MXN,14,1.25
2004-12-15,Distrito Federal,Cuauhtemoc,Mexico City,2627,19.41,-99.13,pulses and nuts,"Beans (black, Veracruz)",565,KG,actual,Wholesale,MXN,7.58,0.68
2004-12-15,Distrito Federal,Cuauhtemoc,Mexico City,2627,19.41,-99.13,pulses and nuts,"Beans (black, Zacatecas)",566,KG,actual,Wholesale,MXN,6,0.54
2004-12-15,Distrito Federal,Cuauhtemoc,Mexico City,2627,19.41,-99.13,pulses and nuts,"Beans (black, imported)",567,KG,actual,Wholesale,MXN,10.74,0.96
2004-12-15,Jalisco,Guadalajara,Guadalajara,2628,20.68,-103.35,cereals and tubers,Maize (white),67,KG,actual,Wholesale,MXN,2.02,0.18
2004-12-15,Puebla,San Andres Cholula,Puebla,2626,19.01,-98.2,cereals and tubers,Maize (white),67,KG,actual,Wholesale,MXN,2.18,0.19
2004-12-15,Puebla,San Andres Cholula,Puebla,2626,19.01,-98.2,cereals and tubers,"Rice (small grain, Morelos)",596,KG,actual,Wholesale,MXN,14,1.25
2004-12-15,Puebla,San Andres Cholula,Puebla,2626,19.01,-98.2,pulses and nuts,"Beans (black, Veracruz)",565,KG,actual,Wholesale,MXN,7.5,0.67
2004-12-15,Puebla,San Andres Cholula,Puebla,2626,19.01,-98.2,pulses and nuts,"Beans (black, imported)",567,KG,actual,Wholesale,MXN,10.5,0.94
2004-12-15,Sinaloa,Culiacan,Culiacán,2629,24.8,-107.39,cereals and tubers,Maize (white),67,KG,actual,Wholesale,MXN,3,0.27
2004-12-15,Veracruz,Xico,Xalapa,2625,19.54,-96.93,cereals and tubers,Maize (white),67,KG,actual,Wholesale,MXN,2.1,0.19
2004-12-15,Veracruz,Xico,Xalapa,2625,19.54,-96.93,pulses and nuts,"Beans (black, imported)",567,KG,actual,Wholesale,MXN,9.94,0.89
2005-01-15,Distrito Federal,Cuauhtemoc,Mexico City,2627,19.41,-99.13,cereals and tubers,"Rice (long grain, Sinaloa)",591,KG,actual,Wholesale,MXN,5.6,0.5
2005-01-15,Distrito Federal,Cuauhtemoc,Mexico City,2627,19.41,-99.13,cereals and tubers,"Rice (small grain, Morelos)",596,KG,actual,Wholesale,MXN,14,1.25
2005-01-15,Distrito Federal,Cuauhtemoc,Mexico City,2627,19.41,-99.13,pulses and nuts,"Beans (black, Veracruz)",565,KG,actual,Wholesale,MXN,7.5,0.67
2005-01-15,Distrito Federal,Cuauhtemoc,Mexico City,2627,19.41,-99.13,pulses and nuts,"Beans (black, imported)",567,KG,actual,Wholesale,MXN,10.8,0.96
2005-01-15,Jalisco,Guadalajara,Guadalajara,2628,20.68,-103.35,cereals and tubers,Maize (white),67,KG,actual,Wholesale,MXN,1.98,0.18
2005-01-15,Jalisco,Guadalajara,Guadalajara,2628,20.68,-103.35,cereals and tubers,"Rice (long grain, Sinaloa)",591,KG,actual,Wholesale,MXN,5.8,0.52
2005-01-15,Puebla,San Andres Cholula,Puebla,2626,19.01,-98.2,cereals and tubers,Maize (white),67,KG,actual,Wholesale,MXN,2.1,0.19
2005-01-15,Puebla,San Andres Cholula,Puebla,2626,19.01,-98.2,cereals and tubers,"Rice (small grain, Morelos)",596,KG,actual,Wholesale,MXN,14,1.25
2005-01-15,Puebla,San Andres Cholula,Puebla,2626,19.01,-98.2,pulses and nuts,"Beans (black, Veracruz)",565,KG,actual,Wholesale,MXN,7.5,0.67
2005-01-15,Sinaloa,Culiacan,Culiacán,2629,24.8,-107.39,cereals and tubers,Maize (white),67,KG,actual,Wholesale,MXN,3,0.27
2005-01-15,Veracruz,Xico,Xalapa,2625,19.54,-96.93,cereals and tubers,Maize (white),67,KG,actual,Wholesale,MXN,2.02,0.18
2005-01-15,Veracruz,Xico,Xalapa,2625,19.54,-96.93,pulses and nuts,"Beans (black, imported)",567,KG,actual,Wholesale,MXN,9.95,0.89
2005-02-15,Distrito Federal,Cuauhtemoc,Mexico City,2627,19.41,-99.13,cereals and tubers,Maize (white),67,KG,actual,Wholesale,MXN,2.35,0.21
2005-02-15,Distrito Federal,Cuauhtemoc,Mexico City,2627,19.41,-99.13,cereals and tubers,"Rice (long grain, Sinaloa)",591,KG,actual,Wholesale,MXN,5.5,0.49
2005-02-15,Distrito Federal,Cuauhtemoc,Mexico City,2627,19.41,-99.13,cereals and tubers,"Rice (small grain, Morelos)",596,KG,actual,Wholesale,MXN,14,1.25
2005-02-15,Distrito Federal,Cuauhtemoc,Mexico City,2627,19.41,-99.13,pulses and nuts,"Beans (black, Veracruz)",565,KG,actual,Wholesale,MXN,7.5,0.67
2005-02-15,Distrito Federal,Cuauhtemoc,Mexico City,2627,19.41,-99.13,pulses and nuts,"Beans (black, imported)",567,KG,actual,Wholesale,MXN,10.8,0.97
2005-02-15,Jalisco,Guadalajara,Guadalajara,2628,20.68,-103.35,cereals and tubers,Maize (white),67,KG,actual,Wholesale,MXN,1.9,0.17
2005-02-15,Jalisco,Guadalajara,Guadalajara,2628,20.68,-103.35,cereals and tubers,"Rice (long grain, Sinaloa)",591,KG,actual,Wholesale,MXN,5.54,0.5
2005-02-15,Puebla,San Andres Cholula,Puebla,2626,19.01,-98.2,cereals and tubers,"Rice (small grain, Morelos)",596,KG,actual,Wholesale,MXN,14,1.25
2005-02-15,Puebla,San Andres Cholula,Puebla,2626,19.01,-98.2,pulses and nuts,"Beans (black, Veracruz)",565,KG,actual,Wholesale,MXN,7.5,0.67
2005-02-15,Puebla,San Andres Cholula,Puebla,2626,19.01,-98.2,pulses and nuts,"Beans (black, imported)",567,KG,actual,Wholesale,MXN,10.5,0.94
2005-02-15,Sinaloa,Culiacan,Culiacán,2629,24.8,-107.39,cereals and tubers,Maize (white),67,KG,actual,Wholesale,MXN,3,0.27
2005-02-15,Veracruz,Xico,Xalapa,2625,19.54,-96.93,cereals and tubers,Maize (white),67,KG,actual,Wholesale,MXN,2.05,0.18
2005-03-15,Distrito Federal,Cuauhtemoc,Mexico City,2627,19.41,-99.13,cereals and tubers,Maize (white),67,KG,actual,Wholesale,MXN,2.28,0.2
2005-03-15,Distrito Federal,Cuauhtemoc,Mexico City,2627,19.41,-99.13,cereals and tubers,"Rice (long grain, Sinaloa)",591,KG,actual,Wholesale,MXN,5.36,0.48
2005-03-15,Distrito Federal,Cuauhtemoc,Mexico City,2627,19.41,-99.13,cereals and tubers,"Rice (small grain, Morelos)",596,KG,actual,Wholesale,MXN,14,1.25
2005-03-15,Distrito Federal,Cuauhtemoc,Mexico City,2627,19.41,-99.13,pulses and nuts,"Beans (black, Veracruz)",565,KG,actual,Wholesale,MXN,7.64,0.68
2005-03-15,Distrito Federal,Cuauhtemoc,Mexico City,2627,19.41,-99.13,pulses and nuts,"Beans (black, imported)",567,KG,actual,Wholesale,MXN,10.48,0.93
2005-03-15,Jalisco,Guadalajara,Guadalajara,2628,20.68,-103.35,cereals and tubers,Maize (white),67,KG,actual,Wholesale,MXN,1.82,0.16
2005-03-15,Jalisco,Guadalajara,Guadalajara,2628,20.68,-103.35,cereals and tubers,"Rice (long grain, Sinaloa)",591,KG,actual,Wholesale,MXN,5.36,0.48
2005-03-15,Puebla,San Andres Cholula,Puebla,2626,19.01,-98.2,cereals and tubers,Maize (white),67,KG,actual,Wholesale,MXN,2.08,0.19
2005-03-15,Puebla,San Andres Cholula,Puebla,2626,19.01,-98.2,cereals and tubers,"Rice (small grain, Morelos)",596,KG,actual,Wholesale,MXN,14,1.25
2005-03-15,Puebla,San Andres Cholula,Puebla,2626,19.01,-98.2,pulses and nuts,"Beans (black, Veracruz)",565,KG,actual,Wholesale,MXN,7.5,0.67
2005-03-15,Puebla,San Andres Cholula,Puebla,2626,19.01,-98.2,pulses and nuts,"Beans (black, imported)",567,KG,actual,Wholesale,MXN,10.3,0.92
2005-03-15,Sinaloa,Culiacan,Culiacán,2629,24.8,-107.39,cereals and tubers,Maize (white),67,KG,actual,Wholesale,MXN,3,0.27
2005-03-15,Veracruz,Xico,Xalapa,2625,19.54,-96.93,cereals and tubers,Maize (white),67,KG,actual,Wholesale,MXN,2.1,0.19
2005-04-15,Distrito Federal,Cuauhtemoc,Mexico City,2627,19.41,-99.13,cereals and tubers,Maize (white),67,KG,actual,Wholesale,MXN,2.3,0.21
2005-04-15,Distrito Federal,Cuauhtemoc,Mexico City,2627,19.41,-99.13,cereals and tubers,"Rice (long grain, Sinaloa)",591,KG,actual,Wholesale,MXN,5.4,0.49
2005-04-15,Distrito Federal,Cuauhtemoc,Mexico City,2627,19.41,-99.13,cereals and tubers,"Rice (small grain, Morelos)",596,KG,actual,Wholesale,MXN,14,1.26
2005-04-15,Distrito Federal,Cuauhtemoc,Mexico City,2627,19.41,-99.13,pulses and nuts,"Beans (black, Veracruz)",565,KG,actual,Wholesale,MXN,7.48,0.67
2005-04-15,Distrito Federal,Cuauhtemoc,Mexico City,2627,19.41,-99.13,pulses and nuts,"Beans (black, imported)",567,KG,actual,Wholesale,MXN,10.42,0.94
2005-04-15,Jalisco,Guadalajara,Guadalajara,2628,20.68,-103.35,cereals and tubers,Maize (white),67,KG,actual,Wholesale,MXN,1.85,0.17
2005-04-15,Jalisco,Guadalajara,Guadalajara,2628,20.68,-103.35,cereals and tubers,"Rice (long grain, Sinaloa)",591,KG,actual,Wholesale,MXN,5.35,0.48
2005-04-15,Puebla,San Andres Cholula,Puebla,2626,19.01,-98.2,cereals and tubers,Maize (white),67,KG,actual,Wholesale,MXN,2,0.18
2005-04-15,Puebla,San Andres Cholula,Puebla,2626,19.01,-98.2,cereals and tubers,"Rice (small grain, Morelos)",596,KG,actual,Wholesale,MXN,14,1.26
2005-04-15,Puebla,San Andres Cholula,Puebla,2626,19.01,-98.2,pulses and nuts,"Beans (black, Veracruz)",565,KG,actual,Wholesale,MXN,7.5,0.68
2005-04-15,Puebla,San Andres Cholula,Puebla,2626,19.01,-98.2,pulses and nuts,"Beans (black, imported)",567,KG,actual,Wholesale,MXN,10,0.9
2005-04-15,Sinaloa,Culiacan,Culiacán,2629,24.8,-107.39,cereals and tubers,Maize (white),67,KG,actual,Wholesale,MXN,3,0.27
2005-04-15,Veracruz,Xico,Xalapa,2625,19.54,-96.93,pulses and nuts,"Beans (black, imported)",567,KG,actual,Wholesale,MXN,10,0.9
2005-05-15,Distrito Federal,Cuauhtemoc,Mexico City,2627,19.41,-99.13,cereals and tubers,Maize (white),67,KG,actual,Wholesale,MXN,2.2,0.2
2005-05-15,Distrito Federal,Cuauhtemoc,Mexico City,2627,19.41,-99.13,cereals and tubers,"Rice (long grain, Sinaloa)",591,KG,actual,Wholesale,MXN,5.1,0.46
2005-05-15,Distrito Federal,Cuauhtemoc,Mexico City,2627,19.41,-99.13,cereals and tubers,"Rice (small grain, Morelos)",596,KG,actual,Wholesale,MXN,14.25,1.29
2005-05-15,Distrito Federal,Cuauhtemoc,Mexico City,2627,19.41,-99.13,pulses and nuts,"Beans (black, Veracruz)",565,KG,actual,Wholesale,MXN,7.42,0.67
2005-05-15,Distrito Federal,Cuauhtemoc,Mexico City,2627,19.41,-99.13,pulses and nuts,"Beans (black, Zacatecas)",566,KG,actual,Wholesale,MXN,6,0.54
2005-05-15,Distrito Federal,Cuauhtemoc,Mexico City,2627,19.41,-99.13,pulses and nuts,"Beans (black, imported)",567,KG,actual,Wholesale,MXN,10.4,0.94
2005-05-15,Jalisco,Guadalajara,Guadalajara,2628,20.68,-103.35,cereals and tubers,Maize (white),67,KG,actual,Wholesale,MXN,1.92,0.17
2005-05-15,Jalisco,Guadalajara,Guadalajara,2628,20.68,-103.35,cereals and tubers,"Rice (long grain, Sinaloa)",591,KG,actual,Wholesale,MXN,5.25,0.48
2005-05-15,Puebla,San Andres Cholula,Puebla,2626,19.01,-98.2,cereals and tubers,"Rice (small grain, Morelos)",596,KG,actual,Wholesale,MXN,14,1.27
2005-05-15,Puebla,San Andres Cholula,Puebla,2626,19.01,-98.2,pulses and nuts,"Beans (black, Veracruz)",565,KG,actual,Wholesale,MXN,7.88,0.72
2005-05-15,Puebla,San Andres Cholula,Puebla,2626,19.01,-98.2,pulses and nuts,"Beans (black, imported)",567,KG,actual,Wholesale,MXN,10,0.91
2005-05-15,Sinaloa,Culiacan,Culiacán,2629,24.8,-107.39,cereals and tubers,Maize (white),67,KG,actual,Wholesale,MXN,3,0.27
2005-05-15,Veracruz,Xico,Xalapa,2625,19.54,-96.93,cereals and tubers,Maize (white),67,KG,actual,Wholesale,MXN,2.1,0.19
2005-05-15,Veracruz,Xico,Xalapa,2625,19.54,-96.93,pulses and nuts,"Beans (black, imported)",567,KG,actual,Wholesale,MXN,9.38,0.85
2005-06-15,Distrito Federal,Cuauhtemoc,Mexico City,2627,19.41,-99.13,cereals and tubers,"Rice (small grain, Morelos)",596,KG,actual,Wholesale,MXN,14,1.3
2005-06-15,Distrito Federal,Cuauhtemoc,Mexico City,2627,19.41,-99.13,pulses and nuts,"Beans (black, Zacatecas)",566,KG,actual,Wholesale,MXN,6,0.56
2005-06-15,Distrito Federal,Cuauhtemoc,Mexico City,2627,19.41,-99.13,pulses and nuts,"Beans (black, imported)",567,KG,actual,Wholesale,MXN,10.16,0.94
2005-06-15,Jalisco,Guadalajara,Guadalajara,2628,20.68,-103.35,cereals and tubers,Maize (white),67,KG,actual,Wholesale,MXN,1.9,0.18
2005-06-15,Jalisco,Guadalajara,Guadalajara,2628,20.68,-103.35,cereals and tubers,"Rice (long grain, Sinaloa)",591,KG,actual,Wholesale,MXN,4.8,0.44
2005-06-15,Puebla,San Andres Cholula,Puebla,2626,19.01,-98.2,cereals and tubers,Maize (white),67,KG,actual,Wholesale,MXN,2,0.19
2005-06-15,Puebla,San Andres Cholula,Puebla,2626,19.01,-98.2,cereals and tubers,"Rice (small grain, Morelos)",596,KG,actual,Wholesale,MXN,14,1.3
2005-06-15,Puebla,San Andres Cholula,Puebla,2626,19.01,-98.2,pulses and nuts,"Beans (black, Veracruz)",565,KG,actual,Wholesale,MXN,7.7,0.71
2005-06-15,Puebla,San Andres Cholula,Puebla,2626,19.01,-98.2,pulses and nuts,"Beans (black, imported)",567,KG,actual,Wholesale,MXN,9.7,0.9
2005-06-15,Sinaloa,Culiacan,Culiacán,2629,24.8,-107.39,cereals and tubers,Maize (white),67,KG,actual,Wholesale,MXN,3,0.28
2005-06-15,Veracruz,Xico,Xalapa,2625,19.54,-96.93,cereals and tubers,Maize (white),67,KG,actual,Wholesale,MXN,2.1,0.19
2005-06-15,Veracruz,Xico,Xalapa,2625,19.54,-96.93,pulses and nuts,"Beans (black, imported)",567,KG,actual,Wholesale,MXN,9.38,0.87
2005-07-15,Distrito Federal,Cuauhtemoc,Mexico City,2627,19.41,-99.13,cereals and tubers,Maize (white),67,KG,actual,Wholesale,MXN,2.22,0.21
2005-07-15,Distrito Federal,Cuauhtemoc,Mexico City,2627,19.41,-99.13,cereals and tubers,"Rice (long grain, Sinaloa)",591,KG,actual,Wholesale,MXN,5.1,0.48
2005-07-15,Distrito Federal,Cuauhtemoc,Mexico City,2627,19.41,-99.13,cereals and tubers,"Rice (small grain, Morelos)",596,KG,actual,Wholesale,MXN,14,1.32
2005-07-15,Distrito Federal,Cuauhtemoc,Mexico City,2627,19.41,-99.13,pulses and nuts,"Beans (black, Zacatecas)",566,KG,actual,Wholesale,MXN,6,0.57
2005-07-15,Distrito Federal,Cuauhtemoc,Mexico City,2627,19.41,-99.13,pulses and nuts,"Beans (black, imported)",567,KG,actual,Wholesale,MXN,9.95,0.94
2005-07-15,Jalisco,Guadalajara,Guadalajara,2628,20.68,-103.35,cereals and tubers,Maize (white),67,KG,actual,Wholesale,MXN,1.9,0.18
2005-07-15,Jalisco,Guadalajara,Guadalajara,2628,20.68,-103.35,cereals and tubers,"Rice (long grain, Sinaloa)",591,KG,actual,Wholesale,MXN,4.8,0.45
2005-07-15,Puebla,San Andres Cholula,Puebla,2626,19.01,-98.2,cereals and tubers,Maize (white),67,KG,actual,Wholesale,MXN,2.08,0.2
2005-07-15,Puebla,San Andres Cholula,Puebla,2626,19.01,-98.2,cereals and tubers,"Rice (small grain, Morelos)",596,KG,actual,Wholesale,MXN,14,1.32
2005-07-15,Puebla,San Andres Cholula,Puebla,2626,19.01,-98.2,pulses and nuts,"Beans (black, Veracruz)",565,KG,actual,Wholesale,MXN,7.5,0.71
2005-07-15,Puebla,San Andres Cholula,Puebla,2626,19.01,-98.2,pulses and nuts,"Beans (black, imported)",567,KG,actual,Wholesale,MXN,9.5,0.9
2005-07-15,Sinaloa,Culiacan,Culiacán,2629,24.8,-107.39,cereals and tubers,Maize (white),67,KG,actual,Wholesale,MXN,3,0.28
2005-07-15,Veracruz,Xico,Xalapa,2625,19.54,-96.93,cereals and tubers,Maize (white),67,KG,actual,Wholesale,MXN,2.1,0.2
2005-08-15,Distrito Federal,Cuauhtemoc,Mexico City,2627,19.41,-99.13,cereals and tubers,Maize (white),67,KG,actual,Wholesale,MXN,2.24,0.21
2005-08-15,Distrito Federal,Cuauhtemoc,Mexico City,2627,19.41,-99.13,cereals and tubers,"Rice (long grain, Sinaloa)",591,KG,actual,Wholesale,MXN,5.02,0.47
2005-08-15,Distrito Federal,Cuauhtemoc,Mexico City,2627,19.41,-99.13,pulses and nuts,"Beans (black, Zacatecas)",566,KG,actual,Wholesale,MXN,6.08,0.57
2005-08-15,Jalisco,Guadalajara,Guadalajara,2628,20.68,-103.35,cereals and tubers,Maize (white),67,KG,actual,Wholesale,MXN,1.9,0.18
2005-08-15,Jalisco,Guadalajara,Guadalajara,2628,20.68,-103.35,cereals and tubers,"Rice (long grain, Sinaloa)",591,KG,actual,Wholesale,MXN,4.8,0.45
2005-08-15,Puebla,San Andres Cholula,Puebla,2626,19.01,-98.2,cereals and tubers,Maize (white),67,KG,actual,Wholesale,MXN,2.12,0.2
2005-08-15,Puebla,San Andres Cholula,Puebla,2626,19.01,-98.2,cereals and tubers,"Rice (small grain, Morelos)",596,KG,actual,Wholesale,MXN,14,1.32
2005-08-15,Puebla,San Andres Cholula,Puebla,2626,19.01,-98.2,pulses and nuts,"Beans (black, Veracruz)",565,KG,actual,Wholesale,MXN,7.5,0.71
2005-08-15,Puebla,San Andres Cholula,Puebla,2626,19.01,-98.2,pulses and nuts,"Beans (black, imported)",567,KG,actual,Wholesale,MXN,9.5,0.9
2005-08-15,Sinaloa,Culiacan,Culiacán,2629,24.8,-107.39,cereals and tubers,Maize (white),67,KG,actual,Wholesale,MXN,3,0.28
2005-08-15,Veracruz,Xico,Xalapa,2625,19.54,-96.93,cereals and tubers,Maize (white),67,KG,actual,Wholesale,MXN,2.1,0.2
2005-08-15,Veracruz,Xico,Xalapa,2625,19.54,-96.93,pulses and nuts,"Beans (black, imported)",567,KG,actual,Wholesale,MXN,9.52,0.9
2005-09-15,Distrito Federal,Cuauhtemoc,Mexico City,2627,19.41,-99.13,cereals and tubers,Maize (white),67,KG,actual,Wholesale,MXN,2.22,0.21
2005-09-15,Distrito Federal,Cuauhtemoc,Mexico City,2627,19.41,-99.13,cereals and tubers,"Rice (long grain, Sinaloa)",591,KG,actual,Wholesale,MXN,5,0.46
2005-09-15,Distrito Federal,Cuauhtemoc,Mexico City,2627,19.41,-99.13,cereals and tubers,"Rice (small grain, Morelos)",596,KG,actual,Wholesale,MXN,14,1.3
2005-09-15,Distrito Federal,Cuauhtemoc,Mexico City,2627,19.41,-99.13,pulses and nuts,"Beans (black, imported)",567,KG,actual,Wholesale,MXN,9.75,0.9
2005-09-15,Jalisco,Guadalajara,Guadalajara,2628,20.68,-103.35,cereals and tubers,Maize (white),67,KG,actual,Wholesale,MXN,1.8,0.17
2005-09-15,Jalisco,Guadalajara,Guadalajara,2628,20.68,-103.35,cereals and tubers,"Rice (long grain, Sinaloa)",591,KG,actual,Wholesale,MXN,4.86,0.45
2005-09-15,Puebla,San Andres Cholula,Puebla,2626,19.01,-98.2,cereals and tubers,Maize (white),67,KG,actual,Wholesale,MXN,2.2,0.2
2005-09-15,Puebla,San Andres Cholula,Puebla,2626,19.01,-98.2,cereals and tubers,"Rice (small grain, Morelos)",596,KG,actual,Wholesale,MXN,14,1.3
2005-09-15,Puebla,San Andres Cholula,Puebla,2626,19.01,-98.2,pulses and nuts,"Beans (black, Veracruz)",565,KG,actual,Wholesale,MXN,7.75,0.72
2005-09-15,Puebla,San Andres Cholula,Puebla,2626,19.01,-98.2,pulses and nuts,"Beans (black, imported)",567,KG,actual,Wholesale,MXN,9.5,0.88
2005-09-15,Sinaloa,Culiacan,Culiacán,2629,24.8,-107.39,cereals and tubers,Maize (white),67,KG,actual,Wholesale,MXN,3,0.28
2005-09-15,Veracruz,Xico,Xalapa,2625,19.54,-96.93,cereals and tubers,Maize (white),67,KG,actual,Wholesale,MXN,2.1,0.19
2005-09-15,Veracruz,Xico,Xalapa,2625,19.54,-96.93,pulses and nuts,"Beans (black, imported)",567,KG,actual,Wholesale,MXN,9.5,0.88
2005-10-15,Distrito Federal,Cuauhtemoc,Mexico City,2627,19.41,-99.13,cereals and tubers,Maize (white),67,KG,actual,Wholesale,MXN,2.2,0.2
2005-10-15,Distrito Federal,Cuauhtemoc,Mexico City,2627,19.41,-99.13,cereals and tubers,"Rice (long grain, Sinaloa)",591,KG,actual,Wholesale,MXN,5,0.46
2005-10-15,Distrito Federal,Cuauhtemoc,Mexico City,2627,19.41,-99.13,pulses and nuts,"Beans (black, Veracruz)",565,KG,actual,Wholesale,MXN,7.88,0.72
2005-10-15,Distrito Federal,Cuauhtemoc,Mexico City,2627,19.41,-99.13,pulses and nuts,"Beans (black, Zacatecas)",566,KG,actual,Wholesale,MXN,6.2,0.57
2005-10-15,Distrito Federal,Cuauhtemoc,Mexico City,2627,19.41,-99.13,pulses and nuts,"Beans (black, imported)",567,KG,actual,Wholesale,MXN,9.6,0.88
2005-10-15,Jalisco,Guadalajara,Guadalajara,2628,20.68,-103.35,cereals and tubers,Maize (white),67,KG,actual,Wholesale,MXN,1.85,0.17
2005-10-15,Jalisco,Guadalajara,Guadalajara,2628,20.68,-103.35,cereals and tubers,"Rice (long grain, Sinaloa)",591,KG,actual,Wholesale,MXN,4.9,0.45
2005-10-15,Puebla,San Andres Cholula,Puebla,2626,19.01,-98.2,cereals and tubers,Maize (white),67,KG,actual,Wholesale,MXN,2.18,0.2
2005-10-15,Puebla,San Andres Cholula,Puebla,2626,19.01,-98.2,cereals and tubers,"Rice (small grain, Morelos)",596,KG,actual,Wholesale,MXN,14,1.29
2005-10-15,Puebla,San Andres Cholula,Puebla,2626,19.01,-98.2,pulses and nuts,"Beans (black, Veracruz)",565,KG,actual,Wholesale,MXN,8.5,0.78
2005-10-15,Puebla,San Andres Cholula,Puebla,2626,19.01,-98.2,pulses and nuts,"Beans (black, imported)",567,KG,actual,Wholesale,MXN,9.5,0.87
2005-10-15,Sinaloa,Culiacan,Culiacán,2629,24.8,-107.39,cereals and tubers,Maize (white),67,KG,actual,Wholesale,MXN,3,0.28
2005-10-15,Veracruz,Xico,Xalapa,2625,19.54,-96.93,pulses and nuts,"Beans (black, imported)",567,KG,actual,Wholesale,MXN,9.2,0.85
2005-11-15,Distrito Federal,Cuauhtemoc,Mexico City,2627,19.41,-99.13,cereals and tubers,Maize (white),67,KG,actual,Wholesale,MXN,2.22,0.21
2005-11-15,Distrito Federal,Cuauhtemoc,Mexico City,2627,19.41,-99.13,cereals and tubers,"Rice (small grain, Morelos)",596,KG,actual,Wholesale,MXN,13.88,1.3
2005-11-15,Distrito Federal,Cuauhtemoc,Mexico City,2627,19.41,-99.13,pulses and nuts,"Beans (black, imported)",567,KG,actual,Wholesale,MXN,10.88,1.02
2005-11-15,Jalisco,Guadalajara,Guadalajara,2628,20.68,-103.35,cereals and tubers,Maize (white),67,KG,actual,Wholesale,MXN,1.98,0.19
2005-11-15,Jalisco,Guadalajara,Guadalajara,2628,20.68,-103.35,cereals and tubers,"Rice (long grain, Sinaloa)",591,KG,actual,Wholesale,MXN,4.75,0.45
2005-11-15,Puebla,San Andres Cholula,Puebla,2626,19.01,-98.2,cereals and tubers,Maize (white),67,KG,actual,Wholesale,MXN,2.34,0.22
2005-11-15,Puebla,San Andres Cholula,Puebla,2626,19.01,-98.2,cereals and tubers,"Rice (small grain, Morelos)",596,KG,actual,Wholesale,MXN,14.32,1.35
2005-11-15,Puebla,San Andres Cholula,Puebla,2626,19.01,-98.2,pulses and nuts,"Beans (black, Veracruz)",565,KG,actual,Wholesale,MXN,9.2,0.86
2005-11-15,Puebla,San Andres Cholula,Puebla,2626,19.01,-98.2,pulses and nuts,"Beans (black, imported)",567,KG,actual,Wholesale,MXN,10.2,0.96
2005-11-15,Sinaloa,Culiacan,Culiacán,2629,24.8,-107.39,cereals and tubers,Maize (white),67,KG,actual,Wholesale,MXN,3,0.28
2005-11-15,Veracruz,Xico,Xalapa,2625,19.54,-96.93,cereals and tubers,Maize (white),67,KG,actual,Wholesale,MXN,2.02,0.19
2005-11-15,Veracruz,Xico,Xalapa,2625,19.54,-96.93,pulses and nuts,"Beans (black, imported)",567,KG,actual,Wholesale,MXN,10.55,0.99
2005-12-15,Distrito Federal,Cuauhtemoc,Mexico City,2627,19.41,-99.13,cereals and tubers,Maize (white),67,KG,actual,Wholesale,MXN,2.2,0.21
2005-12-15,Distrito Federal,Cuauhtemoc,Mexico City,2627,19.41,-99.13,cereals and tubers,"Rice (long grain, Sinaloa)",591,KG,actual,Wholesale,MXN,5.2,0.48
2005-12-15,Distrito Federal,Cuauhtemoc,Mexico City,2627,19.41,-99.13,pulses and nuts,"Beans (black, Zacatecas)",566,KG,actual,Wholesale,MXN,7.2,0.67
2005-12-15,Distrito Federal,Cuauhtemoc,Mexico City,2627,19.41,-99.13,pulses and nuts,"Beans (black, imported)",567,KG,actual,Wholesale,MXN,11.45,1.07
2005-12-15,Jalisco,Guadalajara,Guadalajara,2628,20.68,-103.35,cereals and tubers,"Rice (long grain, Sinaloa)",591,KG,actual,Wholesale,MXN,4.75,0.44
2005-12-15,Puebla,San Andres Cholula,Puebla,2626,19.01,-98.2,cereals and tubers,Maize (white),67,KG,actual,Wholesale,MXN,2.45,0.23
2005-12-15,Puebla,San Andres Cholula,Puebla,2626,19.01,-98.2,cereals and tubers,"Rice (small grain, Morelos)",596,KG,actual,Wholesale,MXN,14.4,1.34
2005-12-15,Puebla,San Andres Cholula,Puebla,2626,19.01,-98.2,pulses and nuts,"Beans (black, Veracruz)",565,KG,actual,Wholesale,MXN,9.5,0.89
2005-12-15,Puebla,San Andres Cholula,Puebla,2626,19.01,-98.2,pulses and nuts,"Beans (black, imported)",567,KG,actual,Wholesale,MXN,11,1.03
2005-12-15,Sinaloa,Culiacan,Culiacán,2629,24.8,-107.39,cereals and tubers,Maize (white),67,KG,actual,Wholesale,MXN,3,0.28
2005-12-15,Veracruz,Xico,Xalapa,2625,19.54,-96.93,cereals and tubers,Maize (white),67,KG,actual,Wholesale,MXN,2.08,0.19
2005-12-15,Veracruz,Xico,Xalapa,2625,19.54,-96.93,pulses and nuts,"Beans (black, imported)",567,KG,actual,Wholesale,MXN,10.92,1.02
2006-01-15,Distrito Federal,Cuauhtemoc,Mexico City,2627,19.41,-99.13,cereals and tubers,Maize (white),67,KG,actual,Wholesale,MXN,2.25,0.21
2006-01-15,Distrito Federal,Cuauhtemoc,Mexico City,2627,19.41,-99.13,cereals and tubers,"Rice (long grain, Sinaloa)",591,KG,actual,Wholesale,MXN,5.2,0.49
2006-01-15,Distrito Federal,Cuauhtemoc,Mexico City,2627,19.41,-99.13,cereals and tubers,"Rice (small grain, Morelos)",596,KG,actual,Wholesale,MXN,13.5,1.28
2006-01-15,Distrito Federal,Cuauhtemoc,Mexico City,2627,19.41,-99.13,pulses and nuts,"Beans (black, Veracruz)",565,KG,actual,Wholesale,MXN,9,0.85
2006-01-15,Distrito Federal,Cuauhtemoc,Mexico City,2627,19.41,-99.13,pulses and nuts,"Beans (black, imported)",567,KG,actual,Wholesale,MXN,11,1.04
2006-01-15,Jalisco,Guadalajara,Guadalajara,2628,20.68,-103.35,cereals and tubers,Maize (white),67,KG,actual,Wholesale,MXN,2.1,0.2
2006-01-15,Jalisco,Guadalajara,Guadalajara,2628,20.68,-103.35,cereals and tubers,"Rice (long grain, Sinaloa)",591,KG,actual,Wholesale,MXN,4.8,0.46
2006-01-15,Puebla,San Andres Cholula,Puebla,2626,19.01,-98.2,cereals and tubers,Maize (white),67,KG,actual,Wholesale,MXN,2.28,0.22
2006-01-15,Puebla,San Andres Cholula,Puebla,2626,19.01,-98.2,cereals and tubers,"Rice (small grain, Morelos)",596,KG,actual,Wholesale,MXN,14.4,1.37
2006-01-15,Puebla,San Andres Cholula,Puebla,2626,19.01,-98.2,pulses and nuts,"Beans (black, Veracruz)",565,KG,actual,Wholesale,MXN,9.5,0.9
2006-01-15,Puebla,San Andres Cholula,Puebla,2626,19.01,-98.2,pulses and nuts,"Beans (black, imported)",567,KG,actual,Wholesale,MXN,11,1.04
2006-01-15,Sinaloa,Culiacan,Culiacán,2629,24.8,-107.39,cereals and tubers,Maize (white),67,KG,actual,Wholesale,MXN,3,0.28
2006-01-15,Veracruz,Xico,Xalapa,2625,19.54,-96.93,cereals and tubers,Maize (white),67,KG,actual,Wholesale,MXN,2,0.19
2006-01-15,Veracruz,Xico,Xalapa,2625,19.54,-96.93,pulses and nuts,"Beans (black, imported)",567,KG,actual,Wholesale,MXN,11,1.04
2006-02-15,Distrito Federal,Cuauhtemoc,Mexico City,2627,19.41,-99.13,cereals and tubers,Maize (white),67,KG,actual,Wholesale,MXN,2.22,0.21
2006-02-15,Distrito Federal,Cuauhtemoc,Mexico City,2627,19.41,-99.13,cereals and tubers,"Rice (long grain, Sinaloa)",591,KG,actual,Wholesale,MXN,5.2,0.49
2006-02-15,Distrito Federal,Cuauhtemoc,Mexico City,2627,19.41,-99.13,cereals and tubers,"Rice (small grain, Morelos)",596,KG,actual,Wholesale,MXN,13.5,1.28
2006-02-15,Distrito Federal,Cuauhtemoc,Mexico City,2627,19.41,-99.13,pulses and nuts,"Beans (black, Veracruz)",565,KG,actual,Wholesale,MXN,9,0.85
2006-02-15,Distrito Federal,Cuauhtemoc,Mexico City,2627,19.41,-99.13,pulses and nuts,"Beans (black, Zacatecas)",566,KG,actual,Wholesale,MXN,7.8,0.74
2006-02-15,Distrito Federal,Cuauhtemoc,Mexico City,2627,19.41,-99.13,pulses and nuts,"Beans (black, imported)",567,KG,actual,Wholesale,MXN,11,1.04
2006-02-15,Jalisco,Guadalajara,Guadalajara,2628,20.68,-103.35,cereals and tubers,Maize (white),67,KG,actual,Wholesale,MXN,2.1,0.2
2006-02-15,Jalisco,Guadalajara,Guadalajara,2628,20.68,-103.35,cereals and tubers,"Rice (long grain, Sinaloa)",591,KG,actual,Wholesale,MXN,4.9,0.46
2006-02-15,Puebla,San Andres Cholula,Puebla,2626,19.01,-98.2,cereals and tubers,Maize (white),67,KG,actual,Wholesale,MXN,2.2,0.21
2006-02-15,Puebla,San Andres Cholula,Puebla,2626,19.01,-98.2,pulses and nuts,"Beans (black, Veracruz)",565,KG,actual,Wholesale,MXN,9.5,0.9
2006-02-15,Puebla,San Andres Cholula,Puebla,2626,19.01,-98.2,pulses and nuts,"Beans (black, imported)",567,KG,actual,Wholesale,MXN,11,1.04
2006-02-15,Sinaloa,Culiacan,Culiacán,2629,24.8,-107.39,cereals and tubers,Maize (white),67,KG,actual,Wholesale,MXN,3,0.28
2006-02-15,Veracruz,Xico,Xalapa,2625,19.54,-96.93,cereals and tubers,Maize (white),67,KG,actual,Wholesale,MXN,2.05,0.19
2006-03-15,Distrito Federal,Cuauhtemoc,Mexico City,2627,19.41,-99.13,cereals and tubers,Maize (white),67,KG,actual,Wholesale,MXN,2.38,0.22
2006-03-15,Distrito Federal,Cuauhtemoc,Mexico City,2627,19.41,-99.13,cereals and tubers,"Rice (long grain, Sinaloa)",591,KG,actual,Wholesale,MXN,5.2,0.49
2006-03-15,Distrito Federal,Cuauhtemoc,Mexico City,2627,19.41,-99.13,cereals and tubers,"Rice (small grain, Morelos)",596,KG,actual,Wholesale,MXN,13.44,1.26
2006-03-15,Distrito Federal,Cuauhtemoc,Mexico City,2627,19.41,-99.13,pulses and nuts,"Beans (black, Veracruz)",565,KG,actual,Wholesale,MXN,9,0.85
2006-03-15,Distrito Federal,Cuauhtemoc,Mexico City,2627,19.41,-99.13,pulses and nuts,"Beans (black, Zacatecas)",566,KG,actual,Wholesale,MXN,7.64,0.72
2006-03-15,Distrito Federal,Cuauhtemoc,Mexico City,2627,19.41,-99.13,pulses and nuts,"Beans (black, imported)",567,KG,actual,Wholesale,MXN,11.08,1.04
2006-03-15,Jalisco,Guadalajara,Guadalajara,2628,20.68,-103.35,cereals and tubers,Maize (white),67,KG,actual,Wholesale,MXN,2,0.19
2006-03-15,Jalisco,Guadalajara,Guadalajara,2628,20.68,-103.35,cereals and tubers,"Rice (long grain, Sinaloa)",591,KG,actual,Wholesale,MXN,4.9,0.46
2006-03-15,Puebla,San Andres Cholula,Puebla,2626,19.01,-98.2,cereals and tubers,Maize (white),67,KG,actual,Wholesale,MXN,2.2,0.21
2006-03-15,Puebla,San Andres Cholula,Puebla,2626,19.01,-98.2,cereals and tubers,"Rice (small grain, Morelos)",596,KG,actual,Wholesale,MXN,14.4,1.35
2006-03-15,Puebla,San Andres Cholula,Puebla,2626,19.01,-98.2,pulses and nuts,"Beans (black, Veracruz)",565,KG,actual,Wholesale,MXN,9.5,0.89
2006-03-15,Puebla,San Andres Cholula,Puebla,2626,19.01,-98.2,pulses and nuts,"Beans (black, imported)",567,KG,actual,Wholesale,MXN,11.5,1.08
2006-03-15,Sinaloa,Culiacan,Culiacán,2629,24.8,-107.39,cereals and tubers,Maize (white),67,KG,actual,Wholesale,MXN,3,0.28
2006-03-15,Veracruz,Xico,Xalapa,2625,19.54,-96.93,pulses and nuts,"Beans (black, imported)",567,KG,actual,Wholesale,MXN,11,1.03
2006-04-15,Distrito Federal,Cuauhtemoc,Mexico City,2627,19.41,-99.13,cereals and tubers,Maize (white),67,KG,actual,Wholesale,MXN,2.4,0.22
2006-04-15,Distrito Federal,Cuauhtemoc,Mexico City,2627,19.41,-99.13,cereals and tubers,"Rice (long grain, Sinaloa)",591,KG,actual,Wholesale,MXN,5.2,0.47
2006-04-15,Distrito Federal,Cuauhtemoc,Mexico City,2627,19.41,-99.13,cereals and tubers,"Rice (small grain, Morelos)",596,KG,actual,Wholesale,MXN,13.1,1.18
2006-04-15,Distrito Federal,Cuauhtemoc,Mexico City,2627,19.41,-99.13,pulses and nuts,"Beans (black, Veracruz)",565,KG,actual,Wholesale,MXN,9,0.81
2006-04-15,Jalisco,Guadalajara,Guadalajara,2628,20.68,-103.35,cereals and tubers,Maize (white),67,KG,actual,Wholesale,MXN,2.3,0.21
2006-04-15,Jalisco,Guadalajara,Guadalajara,2628,20.68,-103.35,cereals and tubers,"Rice (long grain, Sinaloa)",591,KG,actual,Wholesale,MXN,5,0.45
2006-04-15,Puebla,San Andres Cholula,Puebla,2626,19.01,-98.2,cereals and tubers,Maize (white),67,KG,actual,Wholesale,MXN,2.2,0.2
2006-04-15,Puebla,San Andres Cholula,Puebla,2626,19.01,-98.2,pulses and nuts,"Beans (black, Veracruz)",565,KG,actual,Wholesale,MXN,9.5,0.86
2006-04-15,Puebla,San Andres Cholula,Puebla,2626,19.01,-98.2,pulses and nuts,"Beans (black, imported)",567,KG,actual,Wholesale,MXN,11.62,1.05
2006-04-15,Sinaloa,Culiacan,Culiacán,2629,24.8,-107.39,cereals and tubers,Maize (white),67,KG,actual,Wholesale,MXN,3,0.27
2006-04-15,Veracruz,Xico,Xalapa,2625,19.54,-96.93,cereals and tubers,Maize (white),67,KG,actual,Wholesale,MXN,2.4,0.22
2006-04-15,Veracruz,Xico,Xalapa,2625,19.54,-96.93,pulses and nuts,"Beans (black, imported)",567,KG,actual,Wholesale,MXN,11.62,1.05
2006-05-15,Distrito Federal,Cuauhtemoc,Mexico City,2627,19.41,-99.13,cereals and tubers,Maize (white),67,KG,actual,Wholesale,MXN,2.64,0.24
2006-05-15,Distrito Federal,Cuauhtemoc,Mexico City,2627,19.41,-99.13,cereals and tubers,"Rice (long grain, Sinaloa)",591,KG,actual,Wholesale,MXN,5.22,0.47
2006-05-15,Distrito Federal,Cuauhtemoc,Mexico City,2627,19.41,-99.13,cereals and tubers,"Rice (small grain, Morelos)",596,KG,actual,Wholesale,MXN,13,1.17
2006-05-15,Distrito Federal,Cuauhtemoc,Mexico City,2627,19.41,-99.13,pulses and nuts,"Beans (black, Veracruz)",565,KG,actual,Wholesale,MXN,9.54,0.86
2006-05-15,Distrito Federal,Cuauhtemoc,Mexico City,2627,19.41,-99.13,pulses and nuts,"Beans (black, Zacatecas)",566,KG,actual,Wholesale,MXN,8.24,0.74
2006-05-15,Distrito Federal,Cuauhtemoc,Mexico City,2627,19.41,-99.13,pulses and nuts,"Beans (black, imported)",567,KG,actual,Wholesale,MXN,12.4,1.11
2006-05-15,Jalisco,Guadalajara,Guadalajara,2628,20.68,-103.35,cereals and tubers,Maize (white),67,KG,actual,Wholesale,MXN,2.24,0.2
2006-05-15,Jalisco,Guadalajara,Guadalajara,2628,20.68,-103.35,cereals and tubers,"Rice (long grain, Sinaloa)",591,KG,actual,Wholesale,MXN,5.04,0.45
2006-05-15,Puebla,San Andres Cholula,Puebla,2626,19.01,-98.2,cereals and tubers,"Rice (small grain, Morelos)",596,KG,actual,Wholesale,MXN,14.4,1.29
2006-05-15,Puebla,San Andres Cholula,Puebla,2626,19.01,-98.2,pulses and nuts,"Beans (black, Veracruz)",565,KG,actual,Wholesale,MXN,9.5,0.85
2006-05-15,Puebla,San Andres Cholula,Puebla,2626,19.01,-98.2,pulses and nuts,"Beans (black, imported)",567,KG,actual,Wholesale,MXN,12.4,1.11
2006-05-15,Sinaloa,Culiacan,Culiacán,2629,24.8,-107.39,cereals and tubers,Maize (white),67,KG,actual,Wholesale,MXN,3,0.27
2006-05-15,Veracruz,Xico,Xalapa,2625,19.54,-96.93,cereals and tubers,Maize (white),67,KG,actual,Wholesale,MXN,2.4,0.22
2006-05-15,Veracruz,Xico,Xalapa,2625,19.54,-96.93,pulses and nuts,"Beans (black, imported)",567,KG,actual,Wholesale,MXN,12.26,1.1
2006-06-15,Distrito Federal,Cuauhtemoc,Mexico City,2627,19.41,-99.13,cereals and tubers,Maize (white),67,KG,actual,Wholesale,MXN,2.7,0.24
2006-06-15,Distrito Federal,Cuauhtemoc,Mexico City,2627,19.41,-99.13,cereals and tubers,"Rice (long grain, Sinaloa)",591,KG,actual,Wholesale,MXN,5.22,0.46
2006-06-15,Distrito Federal,Cuauhtemoc,Mexico City,2627,19.41,-99.13,cereals and tubers,"Rice (small grain, Morelos)",596,KG,actual,Wholesale,MXN,13,1.14
2006-06-15,Distrito Federal,Cuauhtemoc,Mexico City,2627,19.41,-99.13,pulses and nuts,"Beans (black, Veracruz)",565,KG,actual,Wholesale,MXN,9.25,0.81
2006-06-15,Distrito Federal,Cuauhtemoc,Mexico City,2627,19.41,-99.13,pulses and nuts,"Beans (black, Zacatecas)",566,KG,actual,Wholesale,MXN,7.85,0.69
2006-06-15,Distrito Federal,Cuauhtemoc,Mexico City,2627,19.41,-99.13,pulses and nuts,"Beans (black, imported)",567,KG,actual,Wholesale,MXN,12.7,1.12
2006-06-15,Jalisco,Guadalajara,Guadalajara,2628,20.68,-103.35,cereals and tubers,Maize (white),67,KG,actual,Wholesale,MXN,2.3,0.2
2006-06-15,Puebla,San Andres Cholula,Puebla,2626,19.01,-98.2,cereals and tubers,Maize (white),67,KG,actual,Wholesale,MXN,2.4,0.21
2006-06-15,Puebla,San Andres Cholula,Puebla,2626,19.01,-98.2,cereals and tubers,"Rice (small grain, Morelos)",596,KG,actual,Wholesale,MXN,14.2,1.25
2006-06-15,Puebla,San Andres Cholula,Puebla,2626,19.01,-98.2,pulses and nuts,"Beans (black, Veracruz)",565,KG,actual,Wholesale,MXN,10,0.88
2006-06-15,Puebla,San Andres Cholula,Puebla,2626,19.01,-98.2,pulses and nuts,"Beans (black, imported)",567,KG,actual,Wholesale,MXN,13,1.14
2006-06-15,Sinaloa,Culiacan,Culiacán,2629,24.8,-107.39,cereals and tubers,Maize (white),67,KG,actual,Wholesale,MXN,3,0.26
2006-06-15,Veracruz,Xico,Xalapa,2625,19.54,-96.93,cereals and tubers,Maize (white),67,KG,actual,Wholesale,MXN,2.3,0.2
2006-06-15,Veracruz,Xico,Xalapa,2625,19.54,-96.93,pulses and nuts,"Beans (black, imported)",567,KG,actual,Wholesale,MXN,13.15,1.16
2006-07-15,Distrito Federal,Cuauhtemoc,Mexico City,2627,19.41,-99.13,cereals and tubers,Maize (white),67,KG,actual,Wholesale,MXN,2.6,0.24
2006-07-15,Distrito Federal,Cuauhtemoc,Mexico City,2627,19.41,-99.13,cereals and tubers,"Rice (long grain, Sinaloa)",591,KG,actual,Wholesale,MXN,5.52,0.5
2006-07-15,Distrito Federal,Cuauhtemoc,Mexico City,2627,19.41,-99.13,cereals and tubers,"Rice (small grain, Morelos)",596,KG,actual,Wholesale,MXN,12.95,1.18
2006-07-15,Distrito Federal,Cuauhtemoc,Mexico City,2627,19.41,-99.13,pulses and nuts,"Beans (black, imported)",567,KG,actual,Wholesale,MXN,12.35,1.13
2006-07-15,Jalisco,Guadalajara,Guadalajara,2628,20.68,-103.35,cereals and tubers,Maize (white),67,KG,actual,Wholesale,MXN,2.32,0.21
2006-07-15,Jalisco,Guadalajara,Guadalajara,2628,20.68,-103.35,cereals and tubers,"Rice (long grain, Sinaloa)",591,KG,actual,Wholesale,MXN,5.12,0.47
2006-07-15,Puebla,San Andres Cholula,Puebla,2626,19.01,-98.2,cereals and tubers,Maize (white),67,KG,actual,Wholesale,MXN,2.4,0.22
2006-07-15,Puebla,San Andres Cholula,Puebla,2626,19.01,-98.2,cereals and tubers,"Rice (small grain, Morelos)",596,KG,actual,Wholesale,MXN,14,1.28
2006-07-15,Puebla,San Andres Cholula,Puebla,2626,19.01,-98.2,pulses and nuts,"Beans (black, Veracruz)",565,KG,actual,Wholesale,MXN,10,0.91
2006-07-15,Puebla,San Andres Cholula,Puebla,2626,19.01,-98.2,pulses and nuts,"Beans (black, imported)",567,KG,actual,Wholesale,MXN,12.75,1.16
2006-07-15,Sinaloa,Culiacan,Culiacán,2629,24.8,-107.39,cereals and tubers,Maize (white),67,KG,actual,Wholesale,MXN,3,0.27
2006-07-15,Veracruz,Xico,Xalapa,2625,19.54,-96.93,cereals and tubers,Maize (white),67,KG,actual,Wholesale,MXN,2.35,0.21
2006-07-15,Veracruz,Xico,Xalapa,2625,19.54,-96.93,pulses and nuts,"Beans (black, imported)",567,KG,actual,Wholesale,MXN,12.75,1.16
2006-08-15,Distrito Federal,Cuauhtemoc,Mexico City,2627,19.41,-99.13,cereals and tubers,Maize (white),67,KG,actual,Wholesale,MXN,2.77,0.26
2006-08-15,Distrito Federal,Cuauhtemoc,Mexico City,2627,19.41,-99.13,cereals and tubers,"Rice (long grain, Sinaloa)",591,KG,actual,Wholesale,MXN,5.6,0.52
2006-08-15,Distrito Federal,Cuauhtemoc,Mexico City,2627,19.41,-99.13,cereals and tubers,"Rice (small grain, Morelos)",596,KG,actual,Wholesale,MXN,12.75,1.18
2006-08-15,Distrito Federal,Cuauhtemoc,Mexico City,2627,19.41,-99.13,pulses and nuts,"Beans (black, Zacatecas)",566,KG,actual,Wholesale,MXN,7.76,0.72
2006-08-15,Distrito Federal,Cuauhtemoc,Mexico City,2627,19.41,-99.13,pulses and nuts,"Beans (black, imported)",567,KG,actual,Wholesale,MXN,11.86,1.1
2006-08-15,Jalisco,Guadalajara,Guadalajara,2628,20.68,-103.35,cereals and tubers,Maize (white),67,KG,actual,Wholesale,MXN,2.26,0.21
2006-08-15,Jalisco,Guadalajara,Guadalajara,2628,20.68,-103.35,cereals and tubers,"Rice (long grain, Sinaloa)",591,KG,actual,Wholesale,MXN,5.12,0.48
2006-08-15,Puebla,San Andres Cholula,Puebla,2626,19.01,-98.2,cereals and tubers,Maize (white),67,KG,actual,Wholesale,MXN,2.4,0.22
2006-08-15,Puebla,San Andres Cholula,Puebla,2626,19.01,-98.2,cereals and tubers,"Rice (small grain, Morelos)",596,KG,actual,Wholesale,MXN,14,1.3
2006-08-15,Puebla,San Andres Cholula,Puebla,2626,19.01,-98.2,pulses and nuts,"Beans (black, Veracruz)",565,KG,actual,Wholesale,MXN,10,0.93
2006-08-15,Puebla,San Andres Cholula,Puebla,2626,19.01,-98.2,pulses and nuts,"Beans (black, imported)",567,KG,actual,Wholesale,MXN,11.7,1.09
2006-08-15,Sinaloa,Culiacan,Culiacán,2629,24.8,-107.39,cereals and tubers,Maize (white),67,KG,actual,Wholesale,MXN,3,0.28
2006-08-15,Veracruz,Xico,Xalapa,2625,19.54,-96.93,cereals and tubers,Maize (white),67,KG,actual,Wholesale,MXN,2.52,0.23
2006-08-15,Veracruz,Xico,Xalapa,2625,19.54,-96.93,pulses and nuts,"Beans (black, imported)",567,KG,actual,Wholesale,MXN,12.52,1.16
2006-09-15,Distrito Federal,Cuauhtemoc,Mexico City,2627,19.41,-99.13,cereals and tubers,Maize (white),67,KG,actual,Wholesale,MXN,2.88,0.26
2006-09-15,Distrito Federal,Cuauhtemoc,Mexico City,2627,19.41,-99.13,cereals and tubers,"Rice (small grain, Morelos)",596,KG,actual,Wholesale,MXN,12,1.1
2006-09-15,Distrito Federal,Cuauhtemoc,Mexico City,2627,19.41,-99.13,pulses and nuts,"Beans (black, Zacatecas)",566,KG,actual,Wholesale,MXN,7.68,0.7
2006-09-15,Distrito Federal,Cuauhtemoc,Mexico City,2627,19.41,-99.13,pulses and nuts,"Beans (black, imported)",567,KG,actual,Wholesale,MXN,12.25,1.12
2006-09-15,Jalisco,Guadalajara,Guadalajara,2628,20.68,-103.35,cereals and tubers,Maize (white),67,KG,actual,Wholesale,MXN,2.4,0.22
2006-09-15,Puebla,San Andres Cholula,Puebla,2626,19.01,-98.2,cereals and tubers,Maize (white),67,KG,actual,Wholesale,MXN,2.7,0.25
2006-09-15,Puebla,San Andres Cholula,Puebla,2626,19.01,-98.2,pulses and nuts,"Beans (black, Veracruz)",565,KG,actual,Wholesale,MXN,10,0.91
2006-09-15,Puebla,San Andres Cholula,Puebla,2626,19.01,-98.2,pulses and nuts,"Beans (black, imported)",567,KG,actual,Wholesale,MXN,12,1.1
2006-09-15,Sinaloa,Culiacan,Culiacán,2629,24.8,-107.39,cereals and tubers,Maize (white),67,KG,actual,Wholesale,MXN,3,0.27
2006-09-15,Veracruz,Xico,Xalapa,2625,19.54,-96.93,cereals and tubers,Maize (white),67,KG,actual,Wholesale,MXN,2.65,0.24
2006-09-15,Veracruz,Xico,Xalapa,2625,19.54,-96.93,pulses and nuts,"Beans (black, imported)",567,KG,actual,Wholesale,MXN,12.05,1.1
2006-10-15,Distrito Federal,Cuauhtemoc,Mexico City,2627,19.41,-99.13,cereals and tubers,Maize (white),67,KG,actual,Wholesale,MXN,2.9,0.27
2006-10-15,Distrito Federal,Cuauhtemoc,Mexico City,2627,19.41,-99.13,cereals and tubers,"Rice (small grain, Morelos)",596,KG,actual,Wholesale,MXN,12,1.11
2006-10-15,Distrito Federal,Cuauhtemoc,Mexico City,2627,19.41,-99.13,pulses and nuts,"Beans (black, imported)",567,KG,actual,Wholesale,MXN,11.68,1.08
2006-10-15,Jalisco,Guadalajara,Guadalajara,2628,20.68,-103.35,cereals and tubers,Maize (white),67,KG,actual,Wholesale,MXN,2.52,0.23
2006-10-15,Puebla,San Andres Cholula,Puebla,2626,19.01,-98.2,cereals and tubers,Maize (white),67,KG,actual,Wholesale,MXN,3,0.28
2006-10-15,Puebla,San Andres Cholula,Puebla,2626,19.01,-98.2,cereals and tubers,"Rice (small grain, Morelos)",596,KG,actual,Wholesale,MXN,13,1.2
2006-10-15,Puebla,San Andres Cholula,Puebla,2626,19.01,-98.2,pulses and nuts,"Beans (black, Veracruz)",565,KG,actual,Wholesale,MXN,10,0.92
2006-10-15,Puebla,San Andres Cholula,Puebla,2626,19.01,-98.2,pulses and nuts,"Beans (black, imported)",567,KG,actual,Wholesale,MXN,12,1.11
2006-10-15,Sinaloa,Culiacan,Culiacán,2629,24.8,-107.39,cereals and tubers,Maize (white),67,KG,actual,Wholesale,MXN,3,0.28
2006-10-15,Veracruz,Xico,Xalapa,2625,19.54,-96.93,cereals and tubers,Maize (white),67,KG,actual,Wholesale,MXN,2.48,0.23
2006-10-15,Veracruz,Xico,Xalapa,2625,19.54,-96.93,pulses and nuts,"Beans (black, imported)",567,KG,actual,Wholesale,MXN,11.3,1.04
2006-11-15,Distrito Federal,Cuauhtemoc,Mexico City,2627,19.41,-99.13,cereals and tubers,Maize (white),67,KG,actual,Wholesale,MXN,2.94,0.27
2006-11-15,Distrito Federal,Cuauhtemoc,Mexico City,2627,19.41,-99.13,cereals and tubers,"Rice (small grain, Morelos)",596,KG,actual,Wholesale,MXN,11.3,1.04
2006-11-15,Distrito Federal,Cuauhtemoc,Mexico City,2627,19.41,-99.13,pulses and nuts,"Beans (black, Veracruz)",565,KG,actual,Wholesale,MXN,8.96,0.83
2006-11-15,Distrito Federal,Cuauhtemoc,Mexico City,2627,19.41,-99.13,pulses and nuts,"Beans (black, Zacatecas)",566,KG,actual,Wholesale,MXN,7.06,0.65
2006-11-15,Jalisco,Guadalajara,Guadalajara,2628,20.68,-103.35,cereals and tubers,Maize (white),67,KG,actual,Wholesale,MXN,2.7,0.25
2006-11-15,Jalisco,Guadalajara,Guadalajara,2628,20.68,-103.35,cereals and tubers,"Rice (long grain, Sinaloa)",591,KG,actual,Wholesale,MXN,5.52,0.51
2006-11-15,Puebla,San Andres Cholula,Puebla,2626,19.01,-98.2,cereals and tubers,Maize (white),67,KG,actual,Wholesale,MXN,3,0.28
2006-11-15,Puebla,San Andres Cholula,Puebla,2626,19.01,-98.2,cereals and tubers,"Rice (small grain, Morelos)",596,KG,actual,Wholesale,MXN,13,1.2
2006-11-15,Puebla,San Andres Cholula,Puebla,2626,19.01,-98.2,pulses and nuts,"Beans (black, Veracruz)",565,KG,actual,Wholesale,MXN,9.6,0.89
2006-11-15,Puebla,San Andres Cholula,Puebla,2626,19.01,-98.2,pulses and nuts,"Beans (black, imported)",567,KG,actual,Wholesale,MXN,11.2,1.03
2006-11-15,Sinaloa,Culiacan,Culiacán,2629,24.8,-107.39,cereals and tubers,Maize (white),67,KG,actual,Wholesale,MXN,3,0.28
2006-11-15,Veracruz,Xico,Xalapa,2625,19.54,-96.93,cereals and tubers,Maize (white),67,KG,actual,Wholesale,MXN,2.7,0.25
2006-11-15,Veracruz,Xico,Xalapa,2625,19.54,-96.93,pulses and nuts,"Beans (black, imported)",567,KG,actual,Wholesale,MXN,11.62,1.07
2006-12-15,Distrito Federal,Cuauhtemoc,Mexico City,2627,19.41,-99.13,cereals and tubers,Maize (white),67,KG,actual,Wholesale,MXN,3.22,0.3
2006-12-15,Distrito Federal,Cuauhtemoc,Mexico City,2627,19.41,-99.13,cereals and tubers,"Rice (long grain, Sinaloa)",591,KG,actual,Wholesale,MXN,5.82,0.54
2006-12-15,Distrito Federal,Cuauhtemoc,Mexico City,2627,19.41,-99.13,cereals and tubers,"Rice (small grain, Morelos)",596,KG,actual,Wholesale,MXN,11.5,1.07
2006-12-15,Distrito Federal,Cuauhtemoc,Mexico City,2627,19.41,-99.13,pulses and nuts,"Beans (black, Veracruz)",565,KG,actual,Wholesale,MXN,8.95,0.83
2006-12-15,Distrito Federal,Cuauhtemoc,Mexico City,2627,19.41,-99.13,pulses and nuts,"Beans (black, Zacatecas)",566,KG,actual,Wholesale,MXN,6.95,0.65
2006-12-15,Distrito Federal,Cuauhtemoc,Mexico City,2627,19.41,-99.13,pulses and nuts,"Beans (black, imported)",567,KG,actual,Wholesale,MXN,10.95,1.02
2006-12-15,Jalisco,Guadalajara,Guadalajara,2628,20.68,-103.35,cereals and tubers,"Rice (long grain, Sinaloa)",591,KG,actual,Wholesale,MXN,5.5,0.51
2006-12-15,Puebla,San Andres Cholula,Puebla,2626,19.01,-98.2,cereals and tubers,Maize (white),67,KG,actual,Wholesale,MXN,3,0.28
2006-12-15,Puebla,San Andres Cholula,Puebla,2626,19.01,-98.2,cereals and tubers,"Rice (small grain, Morelos)",596,KG,actual,Wholesale,MXN,13,1.21
2006-12-15,Puebla,San Andres Cholula,Puebla,2626,19.01,-98.2,pulses and nuts,"Beans (black, Veracruz)",565,KG,actual,Wholesale,MXN,9.5,0.88
2006-12-15,Puebla,San Andres Cholula,Puebla,2626,19.01,-98.2,pulses and nuts,"Beans (black, imported)",567,KG,actual,Wholesale,MXN,11.5,1.07
2006-12-15,Sinaloa,Culiacan,Culiacán,2629,24.8,-107.39,cereals and tubers,Maize (white),67,KG,actual,Wholesale,MXN,3.25,0.3
2006-12-15,Veracruz,Xico,Xalapa,2625,19.54,-96.93,cereals and tubers,Maize (white),67,KG,actual,Wholesale,MXN,2.76,0.26
2006-12-15,Veracruz,Xico,Xalapa,2625,19.54,-96.93,pulses and nuts,"Beans (black, imported)",567,KG,actual,Wholesale,MXN,11.65,1.08
2007-01-15,Distrito Federal,Cuauhtemoc,Mexico City,2627,19.41,-99.13,cereals and tubers,Maize (white),67,KG,actual,Wholesale,MXN,3.45,0.31
2007-01-15,Distrito Federal,Cuauhtemoc,Mexico City,2627,19.41,-99.13,cereals and tubers,"Rice (long grain, Sinaloa)",591,KG,actual,Wholesale,MXN,5.9,0.54
2007-01-15,Distrito Federal,Cuauhtemoc,Mexico City,2627,19.41,-99.13,cereals and tubers,"Rice (small grain, Morelos)",596,KG,actual,Wholesale,MXN,11.7,1.07
2007-01-15,Distrito Federal,Cuauhtemoc,Mexico City,2627,19.41,-99.13,cereals and tubers,Tortilla,143,KG,actual,Retail,MXN,8.67,0.79
2007-01-15,Distrito Federal,Cuauhtemoc,Mexico City,2627,19.41,-99.13,pulses and nuts,"Beans (black, Veracruz)",565,KG,actual,Wholesale,MXN,8.76,0.8
2007-01-15,Distrito Federal,Cuauhtemoc,Mexico City,2627,19.41,-99.13,pulses and nuts,"Beans (black, imported)",567,KG,actual,Wholesale,MXN,11.2,1.02
2007-01-15,Jalisco,Guadalajara,Guadalajara,2628,20.68,-103.35,cereals and tubers,"Rice (long grain, Sinaloa)",591,KG,actual,Wholesale,MXN,5.54,0.51
2007-01-15,Puebla,San Andres Cholula,Puebla,2626,19.01,-98.2,cereals and tubers,Maize (white),67,KG,actual,Wholesale,MXN,3,0.27
2007-01-15,Puebla,San Andres Cholula,Puebla,2626,19.01,-98.2,cereals and tubers,"Rice (small grain, Morelos)",596,KG,actual,Wholesale,MXN,12.6,1.15
2007-01-15,Puebla,San Andres Cholula,Puebla,2626,19.01,-98.2,pulses and nuts,"Beans (black, Veracruz)",565,KG,actual,Wholesale,MXN,9.1,0.83
2007-01-15,Puebla,San Andres Cholula,Puebla,2626,19.01,-98.2,pulses and nuts,"Beans (black, imported)",567,KG,actual,Wholesale,MXN,10.7,0.98
2007-01-15,Sinaloa,Culiacan,Culiacán,2629,24.8,-107.39,cereals and tubers,Maize (white),67,KG,actual,Wholesale,MXN,4.1,0.37
2007-01-15,Veracruz,Xico,Xalapa,2625,19.54,-96.93,cereals and tubers,Maize (white),67,KG,actual,Wholesale,MXN,3.32,0.3
2007-02-15,Distrito Federal,Cuauhtemoc,Mexico City,2627,19.41,-99.13,cereals and tubers,Maize (white),67,KG,actual,Wholesale,MXN,3.55,0.32
2007-02-15,Distrito Federal,Cuauhtemoc,Mexico City,2627,19.41,-99.13,cereals and tubers,"Rice (long grain, Sinaloa)",591,KG,actual,Wholesale,MXN,5.95,0.54
2007-02-15,Distrito Federal,Cuauhtemoc,Mexico City,2627,19.41,-99.13,cereals and tubers,"Rice (small grain, Morelos)",596,KG,actual,Wholesale,MXN,11.58,1.06
2007-02-15,Distrito Federal,Cuauhtemoc,Mexico City,2627,19.41,-99.13,cereals and tubers,Tortilla,143,KG,actual,Retail,MXN,8.35,0.76
2007-02-15,Distrito Federal,Cuauhtemoc,Mexico City,2627,19.41,-99.13,pulses and nuts,"Beans (black, Veracruz)",565,KG,actual,Wholesale,MXN,8.65,0.79
2007-02-15,Distrito Federal,Cuauhtemoc,Mexico City,2627,19.41,-99.13,pulses and nuts,"Beans (black, imported)",567,KG,actual,Wholesale,MXN,11.55,1.05
2007-02-15,Jalisco,Guadalajara,Guadalajara,2628,20.68,-103.35,cereals and tubers,"Rice (long grain, Sinaloa)",591,KG,actual,Wholesale,MXN,5.88,0.54
2007-02-15,Puebla,San Andres Cholula,Puebla,2626,19.01,-98.2,cereals and tubers,"Rice (small grain, Morelos)",596,KG,actual,Wholesale,MXN,12.5,1.14
2007-02-15,Puebla,San Andres Cholula,Puebla,2626,19.01,-98.2,pulses and nuts,"Beans (black, Veracruz)",565,KG,actual,Wholesale,MXN,9,0.82
2007-02-15,Puebla,San Andres Cholula,Puebla,2626,19.01,-98.2,pulses and nuts,"Beans (black, imported)",567,KG,actual,Wholesale,MXN,10.5,0.96
2007-02-15,Sinaloa,Culiacan,Culiacán,2629,24.8,-107.39,cereals and tubers,Maize (white),67,KG,actual,Wholesale,MXN,4.5,0.41
2007-02-15,Veracruz,Xico,Xalapa,2625,19.54,-96.93,cereals and tubers,Maize (white),67,KG,actual,Wholesale,MXN,3.5,0.32
2007-02-15,Veracruz,Xico,Xalapa,2625,19.54,-96.93,pulses and nuts,"Beans (black, imported)",567,KG,actual,Wholesale,MXN,11.65,1.06
2007-03-15,Distrito Federal,Cuauhtemoc,Mexico City,2627,19.41,-99.13,cereals and tubers,Maize (white),67,KG,actual,Wholesale,MXN,3.54,0.32
2007-03-15,Distrito Federal,Cuauhtemoc,Mexico City,2627,19.41,-99.13,cereals and tubers,"Rice (long grain, Sinaloa)",591,KG,actual,Wholesale,MXN,6.22,0.56
2007-03-15,Distrito Federal,Cuauhtemoc,Mexico City,2627,19.41,-99.13,cereals and tubers,"Rice (small grain, Morelos)",596,KG,actual,Wholesale,MXN,11.5,1.03
2007-03-15,Distrito Federal,Cuauhtemoc,Mexico City,2627,19.41,-99.13,cereals and tubers,Tortilla,143,KG,actual,Retail,MXN,8.36,0.75
2007-03-15,Distrito Federal,Cuauhtemoc,Mexico City,2627,19.41,-99.13,pulses and nuts,"Beans (black, Veracruz)",565,KG,actual,Wholesale,MXN,8.58,0.77
2007-03-15,Distrito Federal,Cuauhtemoc,Mexico City,2627,19.41,-99.13,pulses and nuts,"Beans (black, imported)",567,KG,actual,Wholesale,MXN,11.5,1.03
2007-03-15,Jalisco,Guadalajara,Guadalajara,2628,20.68,-103.35,cereals and tubers,Maize (white),67,KG,actual,Wholesale,MXN,3.5,0.31
2007-03-15,Jalisco,Guadalajara,Guadalajara,2628,20.68,-103.35,cereals and tubers,"Rice (long grain, Sinaloa)",591,KG,actual,Wholesale,MXN,6.25,0.56
2007-03-15,Puebla,San Andres Cholula,Puebla,2626,19.01,-98.2,cereals and tubers,Maize (white),67,KG,actual,Wholesale,MXN,3,0.27
2007-03-15,Puebla,San Andres Cholula,Puebla,2626,19.01,-98.2,pulses and nuts,"Beans (black, Veracruz)",565,KG,actual,Wholesale,MXN,9,0.81
2007-03-15,Puebla,San Andres Cholula,Puebla,2626,19.01,-98.2,pulses and nuts,"Beans (black, imported)",567,KG,actual,Wholesale,MXN,10.5,0.94
2007-03-15,Sinaloa,Culiacan,Culiacán,2629,24.8,-107.39,cereals and tubers,Maize (white),67,KG,actual,Wholesale,MXN,4.5,0.4
2007-03-15,Veracruz,Xico,Xalapa,2625,19.54,-96.93,cereals and tubers,Maize (white),67,KG,actual,Wholesale,MXN,3.5,0.31
2007-03-15,Veracruz,Xico,Xalapa,2625,19.54,-96.93,pulses and nuts,"Beans (black, imported)",567,KG,actual,Wholesale,MXN,11.32,1.02
2007-04-15,Distrito Federal,Cuauhtemoc,Mexico City,2627,19.41,-99.13,cereals and tubers,Maize (white),67,KG,actual,Wholesale,MXN,3.48,0.32
2007-04-15,Distrito Federal,Cuauhtemoc,Mexico City,2627,19.41,-99.13,cereals and tubers,"Rice (long grain, Sinaloa)",591,KG,actual,Wholesale,MXN,6.4,0.58
2007-04-15,Distrito Federal,Cuauhtemoc,Mexico City,2627,19.41,-99.13,cereals and tubers,"Rice (small grain, Morelos)",596,KG,actual,Wholesale,MXN,11.38,1.04
2007-04-15,Distrito Federal,Cuauhtemoc,Mexico City,2627,19.41,-99.13,cereals and tubers,Tortilla,143,KG,actual,Retail,MXN,8.36,0.76
2007-04-15,Distrito Federal,Cuauhtemoc,Mexico City,2627,19.41,-99.13,pulses and nuts,"Beans (black, Veracruz)",565,KG,actual,Wholesale,MXN,8.2,0.75
2007-04-15,Distrito Federal,Cuauhtemoc,Mexico City,2627,19.41,-99.13,pulses and nuts,"Beans (black, imported)",567,KG,actual,Wholesale,MXN,11.5,1.05
2007-04-15,Jalisco,Guadalajara,Guadalajara,2628,20.68,-103.35,cereals and tubers,Maize (white),67,KG,actual,Wholesale,MXN,3.5,0.32
2007-04-15,Jalisco,Guadalajara,Guadalajara,2628,20.68,-103.35,cereals and tubers,"Rice (long grain, Sinaloa)",591,KG,actual,Wholesale,MXN,6.5,0.59
2007-04-15,Puebla,San Andres Cholula,Puebla,2626,19.01,-98.2,cereals and tubers,"Rice (small grain, Morelos)",596,KG,actual,Wholesale,MXN,12.5,1.14
2007-04-15,Puebla,San Andres Cholula,Puebla,2626,19.01,-98.2,pulses and nuts,"Beans (black, Veracruz)",565,KG,actual,Wholesale,MXN,9,0.82
2007-04-15,Puebla,San Andres Cholula,Puebla,2626,19.01,-98.2,pulses and nuts,"Beans (black, imported)",567,KG,actual,Wholesale,MXN,11.5,1.05
2007-04-15,Sinaloa,Culiacan,Culiacán,2629,24.8,-107.39,cereals and tubers,Maize (white),67,KG,actual,Wholesale,MXN,4.5,0.41
2007-04-15,Veracruz,Xico,Xalapa,2625,19.54,-96.93,cereals and tubers,Maize (white),67,KG,actual,Wholesale,MXN,3.5,0.32
2007-05-15,Distrito Federal,Cuauhtemoc,Mexico City,2627,19.41,-99.13,cereals and tubers,Maize (white),67,KG,actual,Wholesale,MXN,3.42,0.32
2007-05-15,Distrito Federal,Cuauhtemoc,Mexico City,2627,19.41,-99.13,cereals and tubers,"Rice (long grain, Sinaloa)",591,KG,actual,Wholesale,MXN,6.44,0.6
2007-05-15,Distrito Federal,Cuauhtemoc,Mexico City,2627,19.41,-99.13,cereals and tubers,"Rice (small grain, Morelos)",596,KG,actual,Wholesale,MXN,11.5,1.06
2007-05-15,Distrito Federal,Cuauhtemoc,Mexico City,2627,19.41,-99.13,cereals and tubers,Tortilla,143,KG,actual,Retail,MXN,8.36,0.77
2007-05-15,Distrito Federal,Cuauhtemoc,Mexico City,2627,19.41,-99.13,pulses and nuts,"Beans (black, Veracruz)",565,KG,actual,Wholesale,MXN,7.82,0.72
2007-05-15,Distrito Federal,Cuauhtemoc,Mexico City,2627,19.41,-99.13,pulses and nuts,"Beans (black, imported)",567,KG,actual,Wholesale,MXN,11.46,1.06
2007-05-15,Jalisco,Guadalajara,Guadalajara,2628,20.68,-103.35,cereals and tubers,Maize (white),67,KG,actual,Wholesale,MXN,3.3,0.31
2007-05-15,Puebla,San Andres Cholula,Puebla,2626,19.01,-98.2,cereals and tubers,Maize (white),67,KG,actual,Wholesale,MXN,3,0.28
2007-05-15,Puebla,San Andres Cholula,Puebla,2626,19.01,-98.2,cereals and tubers,"Rice (small grain, Morelos)",596,KG,actual,Wholesale,MXN,12.5,1.16
2007-05-15,Puebla,San Andres Cholula,Puebla,2626,19.01,-98.2,pulses and nuts,"Beans (black, Veracruz)",565,KG,actual,Wholesale,MXN,9,0.83
2007-05-15,Puebla,San Andres Cholula,Puebla,2626,19.01,-98.2,pulses and nuts,"Beans (black, imported)",567,KG,actual,Wholesale,MXN,11.5,1.06
2007-05-15,Sinaloa,Culiacan,Culiacán,2629,24.8,-107.39,cereals and tubers,Maize (white),67,KG,actual,Wholesale,MXN,4.5,0.42
2007-05-15,Veracruz,Xico,Xalapa,2625,19.54,-96.93,cereals and tubers,Maize (white),67,KG,actual,Wholesale,MXN,3.24,0.3
2007-06-15,Distrito Federal,Cuauhtemoc,Mexico City,2627,19.41,-99.13,cereals and tubers,Maize (white),67,KG,actual,Wholesale,MXN,3.38,0.31
2007-06-15,Distrito Federal,Cuauhtemoc,Mexico City,2627,19.41,-99.13,cereals and tubers,"Rice (long grain, Sinaloa)",591,KG,actual,Wholesale,MXN,6.45,0.6
2007-06-15,Distrito Federal,Cuauhtemoc,Mexico City,2627,19.41,-99.13,cereals and tubers,"Rice (small grain, Morelos)",596,KG,actual,Wholesale,MXN,11.5,1.07
2007-06-15,Distrito Federal,Cuauhtemoc,Mexico City,2627,19.41,-99.13,cereals and tubers,Tortilla,143,KG,actual,Retail,MXN,8.36,0.78
2007-06-15,Jalisco,Guadalajara,Guadalajara,2628,20.68,-103.35,cereals and tubers,Maize (white),67,KG,actual,Wholesale,MXN,3.28,0.3
2007-06-15,Jalisco,Guadalajara,Guadalajara,2628,20.68,-103.35,cereals and tubers,"Rice (long grain, Sinaloa)",591,KG,actual,Wholesale,MXN,6.5,0.6
2007-06-15,Puebla,San Andres Cholula,Puebla,2626,19.01,-98.2,pulses and nuts,"Beans (black, Veracruz)",565,KG,actual,Wholesale,MXN,9,0.84
2007-06-15,Puebla,San Andres Cholula,Puebla,2626,19.01,-98.2,pulses and nuts,"Beans (black, imported)",567,KG,actual,Wholesale,MXN,11.5,1.07
2007-06-15,Sinaloa,Culiacan,Culiacán,2629,24.8,-107.39,cereals and tubers,Maize (white),67,KG,actual,Wholesale,MXN,4.08,0.38
2007-06-15,Veracruz,Xico,Xalapa,2625,19.54,-96.93,cereals and tubers,Maize (white),67,KG,actual,Wholesale,MXN,3.5,0.32
2007-07-15,Distrito Federal,Cuauhtemoc,Mexico City,2627,19.41,-99.13,cereals and tubers,Maize (white),67,KG,actual,Wholesale,MXN,3.39,0.31
2007-07-15,Distrito Federal,Cuauhtemoc,Mexico City,2627,19.41,-99.13,cereals and tubers,"Rice (long grain, Sinaloa)",591,KG,actual,Wholesale,MXN,6.52,0.61
2007-07-15,Distrito Federal,Cuauhtemoc,Mexico City,2627,19.41,-99.13,cereals and tubers,Tortilla,143,KG,actual,Retail,MXN,8.36,0.78
2007-07-15,Distrito Federal,Cuauhtemoc,Mexico City,2627,19.41,-99.13,pulses and nuts,"Beans (black, imported)",567,KG,actual,Wholesale,MXN,11.08,1.03
2007-07-15,Jalisco,Guadalajara,Guadalajara,2628,20.68,-103.35,cereals and tubers,Maize (white),67,KG,actual,Wholesale,MXN,3.08,0.29
2007-07-15,Puebla,San Andres Cholula,Puebla,2626,19.01,-98.2,cereals and tubers,Maize (white),67,KG,actual,Wholesale,MXN,3.3,0.31
2007-07-15,Puebla,San Andres Cholula,Puebla,2626,19.01,-98.2,cereals and tubers,"Rice (small grain, Morelos)",596,KG,actual,Wholesale,MXN,12.25,1.14
2007-07-15,Puebla,San Andres Cholula,Puebla,2626,19.01,-98.2,pulses and nuts,"Beans (black, Veracruz)",565,KG,actual,Wholesale,MXN,9,0.84
2007-07-15,Puebla,San Andres Cholula,Puebla,2626,19.01,-98.2,pulses and nuts,"Beans (black, imported)",567,KG,actual,Wholesale,MXN,11.5,1.07
2007-07-15,Sinaloa,Culiacan,Culiacán,2629,24.8,-107.39,cereals and tubers,Maize (white),67,KG,actual,Wholesale,MXN,3.5,0.32
2007-07-15,Veracruz,Xico,Xalapa,2625,19.54,-96.93,cereals and tubers,Maize (white),67,KG,actual,Wholesale,MXN,3.38,0.31
2007-07-15,Veracruz,Xico,Xalapa,2625,19.54,-96.93,pulses and nuts,"Beans (black, imported)",567,KG,actual,Wholesale,MXN,11.05,1.03
2007-08-15,Distrito Federal,Cuauhtemoc,Mexico City,2627,19.41,-99.13,cereals and tubers,Maize (white),67,KG,actual,Wholesale,MXN,3.44,0.31
2007-08-15,Distrito Federal,Cuauhtemoc,Mexico City,2627,19.41,-99.13,cereals and tubers,"Rice (small grain, Morelos)",596,KG,actual,Wholesale,MXN,11.4,1.02
2007-08-15,Distrito Federal,Cuauhtemoc,Mexico City,2627,19.41,-99.13,cereals and tubers,Tortilla,143,KG,actual,Retail,MXN,8.36,0.75
2007-08-15,Distrito Federal,Cuauhtemoc,Mexico City,2627,19.41,-99.13,pulses and nuts,"Beans (black, Zacatecas)",566,KG,actual,Wholesale,MXN,7.18,0.64
2007-08-15,Distrito Federal,Cuauhtemoc,Mexico City,2627,19.41,-99.13,pulses and nuts,"Beans (black, imported)",567,KG,actual,Wholesale,MXN,11.5,1.03
2007-08-15,Jalisco,Guadalajara,Guadalajara,2628,20.68,-103.35,cereals and tubers,Maize (white),67,KG,actual,Wholesale,MXN,3.16,0.28
2007-08-15,Jalisco,Guadalajara,Guadalajara,2628,20.68,-103.35,cereals and tubers,"Rice (long grain, Sinaloa)",591,KG,actual,Wholesale,MXN,6.6,0.59
2007-08-15,Puebla,San Andres Cholula,Puebla,2626,19.01,-98.2,cereals and tubers,Maize (white),67,KG,actual,Wholesale,MXN,3.3,0.29
2007-08-15,Puebla,San Andres Cholula,Puebla,2626,19.01,-98.2,cereals and tubers,"Rice (small grain, Morelos)",596,KG,actual,Wholesale,MXN,12,1.07
2007-08-15,Puebla,San Andres Cholula,Puebla,2626,19.01,-98.2,pulses and nuts,"Beans (black, Veracruz)",565,KG,actual,Wholesale,MXN,9,0.8
2007-08-15,Puebla,San Andres Cholula,Puebla,2626,19.01,-98.2,pulses and nuts,"Beans (black, imported)",567,KG,actual,Wholesale,MXN,12,1.07
2007-08-15,Sinaloa,Culiacan,Culiacán,2629,24.8,-107.39,cereals and tubers,Maize (white),67,KG,actual,Wholesale,MXN,3.4,0.3
2007-08-15,Veracruz,Xico,Xalapa,2625,19.54,-96.93,cereals and tubers,Maize (white),67,KG,actual,Wholesale,MXN,3.22,0.29
2007-08-15,Veracruz,Xico,Xalapa,2625,19.54,-96.93,pulses and nuts,"Beans (black, imported)",567,KG,actual,Wholesale,MXN,10.92,0.98
2007-09-15,Distrito Federal,Cuauhtemoc,Mexico City,2627,19.41,-99.13,cereals and tubers,Maize (white),67,KG,actual,Wholesale,MXN,3.44,0.31
2007-09-15,Distrito Federal,Cuauhtemoc,Mexico City,2627,19.41,-99.13,cereals and tubers,"Rice (long grain, Sinaloa)",591,KG,actual,Wholesale,MXN,6.48,0.58
2007-09-15,Distrito Federal,Cuauhtemoc,Mexico City,2627,19.41,-99.13,cereals and tubers,Tortilla,143,KG,actual,Retail,MXN,8.36,0.75
2007-09-15,Distrito Federal,Cuauhtemoc,Mexico City,2627,19.41,-99.13,pulses and nuts,"Beans (black, Veracruz)",565,KG,actual,Wholesale,MXN,7.6,0.68
2007-09-15,Jalisco,Guadalajara,Guadalajara,2628,20.68,-103.35,cereals and tubers,Maize (white),67,KG,actual,Wholesale,MXN,3.1,0.28
2007-09-15,Puebla,San Andres Cholula,Puebla,2626,19.01,-98.2,cereals and tubers,Maize (white),67,KG,actual,Wholesale,MXN,3.3,0.3
2007-09-15,Puebla,San Andres Cholula,Puebla,2626,19.01,-98.2,cereals and tubers,"Rice (small grain, Morelos)",596,KG,actual,Wholesale,MXN,12.75,1.15
2007-09-15,Puebla,San Andres Cholula,Puebla,2626,19.01,-98.2,pulses and nuts,"Beans (black, Veracruz)",565,KG,actual,Wholesale,MXN,10,0.9
2007-09-15,Sinaloa,Culiacan,Culiacán,2629,24.8,-107.39,cereals and tubers,Maize (white),67,KG,actual,Wholesale,MXN,3.6,0.32
2007-09-15,Veracruz,Xico,Xalapa,2625,19.54,-96.93,cereals and tubers,Maize (white),67,KG,actual,Wholesale,MXN,3.4,0.31
2007-10-15,Distrito Federal,Cuauhtemoc,Mexico City,2627,19.41,-99.13,cereals and tubers,Maize (white),67,KG,actual,Wholesale,MXN,3.49,0.32
2007-10-15,Distrito Federal,Cuauhtemoc,Mexico City,2627,19.41,-99.13,cereals and tubers,"Rice (long grain, Sinaloa)",591,KG,actual,Wholesale,MXN,6.7,0.62
2007-10-15,Distrito Federal,Cuauhtemoc,Mexico City,2627,19.41,-99.13,cereals and tubers,Tortilla,143,KG,actual,Retail,MXN,8.36,0.77
2007-10-15,Distrito Federal,Cuauhtemoc,Mexico City,2627,19.41,-99.13,pulses and nuts,"Beans (black, imported)",567,KG,actual,Wholesale,MXN,11.58,1.07
2007-10-15,Jalisco,Guadalajara,Guadalajara,2628,20.68,-103.35,cereals and tubers,Maize (white),67,KG,actual,Wholesale,MXN,3.36,0.31
2007-10-15,Jalisco,Guadalajara,Guadalajara,2628,20.68,-103.35,cereals and tubers,"Rice (long grain, Sinaloa)",591,KG,actual,Wholesale,MXN,6.5,0.6
2007-10-15,Puebla,San Andres Cholula,Puebla,2626,19.01,-98.2,cereals and tubers,"Rice (small grain, Morelos)",596,KG,actual,Wholesale,MXN,12.6,1.17
2007-10-15,Puebla,San Andres Cholula,Puebla,2626,19.01,-98.2,pulses and nuts,"Beans (black, Veracruz)",565,KG,actual,Wholesale,MXN,10,0.93
2007-10-15,Puebla,San Andres Cholula,Puebla,2626,19.01,-98.2,pulses and nuts,"Beans (black, imported)",567,KG,actual,Wholesale,MXN,12,1.11
2007-10-15,Sinaloa,Culiacan,Culiacán,2629,24.8,-107.39,cereals and tubers,Maize (white),67,KG,actual,Wholesale,MXN,3.5,0.32
2007-10-15,Veracruz,Xico,Xalapa,2625,19.54,-96.93,cereals and tubers,Maize (white),67,KG,actual,Wholesale,MXN,3.28,0.3
2007-10-15,Veracruz,Xico,Xalapa,2625,19.54,-96.93,pulses and nuts,"Beans (black, imported)",567,KG,actual,Wholesale,MXN,11.76,1.09
2007-11-15,Distrito Federal,Cuauhtemoc,Mexico City,2627,19.41,-99.13,cereals and tubers,Maize (white),67,KG,actual,Wholesale,MXN,3.5,0.32
2007-11-15,Distrito Federal,Cuauhtemoc,Mexico City,2627,19.41,-99.13,cereals and tubers,"Rice (long grain, Sinaloa)",591,KG,actual,Wholesale,MXN,6.92,0.63
2007-11-15,Distrito Federal,Cuauhtemoc,Mexico City,2627,19.41,-99.13,cereals and tubers,"Rice (small grain, Morelos)",596,KG,actual,Wholesale,MXN,11.35,1.04
2007-11-15,Distrito Federal,Cuauhtemoc,Mexico City,2627,19.41,-99.13,cereals and tubers,Tortilla,143,KG,actual,Retail,MXN,8.36,0.76
2007-11-15,Distrito Federal,Cuauhtemoc,Mexico City,2627,19.41,-99.13,pulses and nuts,"Beans (black, Veracruz)",565,KG,actual,Wholesale,MXN,8.05,0.74
2007-11-15,Distrito Federal,Cuauhtemoc,Mexico City,2627,19.41,-99.13,pulses and nuts,"Beans (black, imported)",567,KG,actual,Wholesale,MXN,11.75,1.08
2007-11-15,Jalisco,Guadalajara,Guadalajara,2628,20.68,-103.35,cereals and tubers,Maize (white),67,KG,actual,Wholesale,MXN,3.32,0.3
2007-11-15,Jalisco,Guadalajara,Guadalajara,2628,20.68,-103.35,cereals and tubers,"Rice (long grain, Sinaloa)",591,KG,actual,Wholesale,MXN,6.75,0.62
2007-11-15,Puebla,San Andres Cholula,Puebla,2626,19.01,-98.2,cereals and tubers,Maize (white),67,KG,actual,Wholesale,MXN,3.15,0.29
2007-11-15,Puebla,San Andres Cholula,Puebla,2626,19.01,-98.2,cereals and tubers,"Rice (small grain, Morelos)",596,KG,actual,Wholesale,MXN,12,1.1
2007-11-15,Puebla,San Andres Cholula,Puebla,2626,19.01,-98.2,pulses and nuts,"Beans (black, Veracruz)",565,KG,actual,Wholesale,MXN,10,0.91
2007-11-15,Puebla,San Andres Cholula,Puebla,2626,19.01,-98.2,pulses and nuts,"Beans (black, imported)",567,KG,actual,Wholesale,MXN,12,1.1
2007-11-15,Sinaloa,Culiacan,Culiacán,2629,24.8,-107.39,cereals and tubers,Maize (white),67,KG,actual,Wholesale,MXN,3.5,0.32
2007-11-15,Veracruz,Xico,Xalapa,2625,19.54,-96.93,pulses and nuts,"Beans (black, imported)",567,KG,actual,Wholesale,MXN,11.6,1.06
2007-12-15,Distrito Federal,Cuauhtemoc,Mexico City,2627,19.41,-99.13,cereals and tubers,Maize (white),67,KG,actual,Wholesale,MXN,3.44,0.32
2007-12-15,Distrito Federal,Cuauhtemoc,Mexico City,2627,19.41,-99.13,cereals and tubers,"Rice (small grain, Morelos)",596,KG,actual,Wholesale,MXN,11.5,1.06
2007-12-15,Distrito Federal,Cuauhtemoc,Mexico City,2627,19.41,-99.13,cereals and tubers,Tortilla,143,KG,actual,Retail,MXN,8.36,0.77
2007-12-15,Distrito Federal,Cuauhtemoc,Mexico City,2627,19.41,-99.13,pulses and nuts,"Beans (black, Veracruz)",565,KG,actual,Wholesale,MXN,7.9,0.73
2007-12-15,Distrito Federal,Cuauhtemoc,Mexico City,2627,19.41,-99.13,pulses and nuts,"Beans (black, Zacatecas)",566,KG,actual,Wholesale,MXN,7.3,0.67
2007-12-15,Distrito Federal,Cuauhtemoc,Mexico City,2627,19.41,-99.13,pulses and nuts,"Beans (black, imported)",567,KG,actual,Wholesale,MXN,11.8,1.09
2007-12-15,Jalisco,Guadalajara,Guadalajara,2628,20.68,-103.35,cereals and tubers,Maize (white),67,KG,actual,Wholesale,MXN,3.22,0.3
2007-12-15,Jalisco,Guadalajara,Guadalajara,2628,20.68,-103.35,cereals and tubers,"Rice (long grain, Sinaloa)",591,KG,actual,Wholesale,MXN,7.25,0.67
2007-12-15,Puebla,San Andres Cholula,Puebla,2626,19.01,-98.2,cereals and tubers,Maize (white),67,KG,actual,Wholesale,MXN,3.1,0.29
2007-12-15,Puebla,San Andres Cholula,Puebla,2626,19.01,-98.2,cereals and tubers,"Rice (small grain, Morelos)",596,KG,actual,Wholesale,MXN,12,1.11
2007-12-15,Puebla,San Andres Cholula,Puebla,2626,19.01,-98.2,pulses and nuts,"Beans (black, Veracruz)",565,KG,actual,Wholesale,MXN,10,0.92
2007-12-15,Puebla,San Andres Cholula,Puebla,2626,19.01,-98.2,pulses and nuts,"Beans (black, imported)",567,KG,actual,Wholesale,MXN,12,1.11
2007-12-15,Sinaloa,Culiacan,Culiacán,2629,24.8,-107.39,cereals and tubers,Maize (white),67,KG,actual,Wholesale,MXN,3.28,0.3
2007-12-15,Veracruz,Xico,Xalapa,2625,19.54,-96.93,cereals and tubers,Maize (white),67,KG,actual,Wholesale,MXN,3.18,0.29
2007-12-15,Veracruz,Xico,Xalapa,2625,19.54,-96.93,pulses and nuts,"Beans (black, imported)",567,KG,actual,Wholesale,MXN,11.48,1.06
2008-01-15,Distrito Federal,Cuauhtemoc,Mexico City,2627,19.41,-99.13,cereals and tubers,Maize (white),67,KG,actual,Wholesale,MXN,3.39,0.31
2008-01-15,Distrito Federal,Cuauhtemoc,Mexico City,2627,19.41,-99.13,cereals and tubers,"Rice (long grain, Sinaloa)",591,KG,actual,Wholesale,MXN,7.62,0.7
2008-01-15,Distrito Federal,Cuauhtemoc,Mexico City,2627,19.41,-99.13,cereals and tubers,"Rice (small grain, Morelos)",596,KG,actual,Wholesale,MXN,12.8,1.17
2008-01-15,Distrito Federal,Cuauhtemoc,Mexico City,2627,19.41,-99.13,cereals and tubers,Tortilla,143,KG,actual,Retail,MXN,8.39,0.77
2008-01-15,Distrito Federal,Cuauhtemoc,Mexico City,2627,19.41,-99.13,pulses and nuts,"Beans (black, Veracruz)",565,KG,actual,Wholesale,MXN,7.66,0.7
2008-01-15,Jalisco,Guadalajara,Guadalajara,2628,20.68,-103.35,cereals and tubers,Maize (white),67,KG,actual,Wholesale,MXN,2.96,0.27
2008-01-15,Jalisco,Guadalajara,Guadalajara,2628,20.68,-103.35,cereals and tubers,"Rice (long grain, Sinaloa)",591,KG,actual,Wholesale,MXN,7.5,0.69
2008-01-15,Puebla,San Andres Cholula,Puebla,2626,19.01,-98.2,cereals and tubers,Maize (white),67,KG,actual,Wholesale,MXN,3.15,0.29
2008-01-15,Puebla,San Andres Cholula,Puebla,2626,19.01,-98.2,cereals and tubers,"Rice (small grain, Morelos)",596,KG,actual,Wholesale,MXN,12.6,1.15
2008-01-15,Puebla,San Andres Cholula,Puebla,2626,19.01,-98.2,pulses and nuts,"Beans (black, Veracruz)",565,KG,actual,Wholesale,MXN,10,0.91
2008-01-15,Sinaloa,Culiacan,Culiacán,2629,24.8,-107.39,cereals and tubers,Maize (white),67,KG,actual,Wholesale,MXN,3.46,0.32
2008-01-15,Veracruz,Xico,Xalapa,2625,19.54,-96.93,cereals and tubers,Maize (white),67,KG,actual,Wholesale,MXN,3.08,0.28
2008-01-15,Veracruz,Xico,Xalapa,2625,19.54,-96.93,pulses and nuts,"Beans (black, imported)",567,KG,actual,Wholesale,MXN,11.68,1.07
2008-02-15,Distrito Federal,Cuauhtemoc,Mexico City,2627,19.41,-99.13,cereals and tubers,Maize (white),67,KG,actual,Wholesale,MXN,3.34,0.31
2008-02-15,Distrito Federal,Cuauhtemoc,Mexico City,2627,19.41,-99.13,cereals and tubers,"Rice (long grain, Sinaloa)",591,KG,actual,Wholesale,MXN,7.85,0.73
2008-02-15,Distrito Federal,Cuauhtemoc,Mexico City,2627,19.41,-99.13,cereals and tubers,"Rice (small grain, Morelos)",596,KG,actual,Wholesale,MXN,13.68,1.27
2008-02-15,Distrito Federal,Cuauhtemoc,Mexico City,2627,19.41,-99.13,cereals and tubers,Tortilla,143,KG,actual,Retail,MXN,8.4,0.78
2008-02-15,Distrito Federal,Cuauhtemoc,Mexico City,2627,19.41,-99.13,pulses and nuts,"Beans (black, Veracruz)",565,KG,actual,Wholesale,MXN,8.1,0.75
2008-02-15,Distrito Federal,Cuauhtemoc,Mexico City,2627,19.41,-99.13,pulses and nuts,"Beans (black, Zacatecas)",566,KG,actual,Wholesale,MXN,7.62,0.71
2008-02-15,Jalisco,Guadalajara,Guadalajara,2628,20.68,-103.35,cereals and tubers,Maize (white),67,KG,actual,Wholesale,MXN,3.05,0.28
2008-02-15,Jalisco,Guadalajara,Guadalajara,2628,20.68,-103.35,cereals and tubers,"Rice (long grain, Sinaloa)",591,KG,actual,Wholesale,MXN,7.5,0.7
2008-02-15,Puebla,San Andres Cholula,Puebla,2626,19.01,-98.2,cereals and tubers,Maize (white),67,KG,actual,Wholesale,MXN,3,0.28
2008-02-15,Puebla,San Andres Cholula,Puebla,2626,19.01,-98.2,cereals and tubers,"Rice (small grain, Morelos)",596,KG,actual,Wholesale,MXN,13.38,1.25
2008-02-15,Puebla,San Andres Cholula,Puebla,2626,19.01,-98.2,pulses and nuts,"Beans (black, Veracruz)",565,KG,actual,Wholesale,MXN,10,0.93
2008-02-15,Puebla,San Andres Cholula,Puebla,2626,19.01,-98.2,pulses and nuts,"Beans (black, imported)",567,KG,actual,Wholesale,MXN,12.62,1.18
2008-02-15,Sinaloa,Culiacan,Culiacán,2629,24.8,-107.39,cereals and tubers,Maize (white),67,KG,actual,Wholesale,MXN,3,0.28
2008-02-15,Veracruz,Xico,Xalapa,2625,19.54,-96.93,cereals and tubers,Maize (white),67,KG,actual,Wholesale,MXN,3,0.28
2008-02-15,Veracruz,Xico,Xalapa,2625,19.54,-96.93,pulses and nuts,"Beans (black, imported)",567,KG,actual,Wholesale,MXN,11.18,1.04
2008-03-15,Distrito Federal,Cuauhtemoc,Mexico City,2627,19.41,-99.13,cereals and tubers,Maize (white),67,KG,actual,Wholesale,MXN,3.41,0.32
2008-03-15,Distrito Federal,Cuauhtemoc,Mexico City,2627,19.41,-99.13,cereals and tubers,"Rice (long grain, Sinaloa)",591,KG,actual,Wholesale,MXN,8.5,0.79
2008-03-15,Distrito Federal,Cuauhtemoc,Mexico City,2627,19.41,-99.13,cereals and tubers,"Rice (small grain, Morelos)",596,KG,actual,Wholesale,MXN,14.22,1.32
2008-03-15,Distrito Federal,Cuauhtemoc,Mexico City,2627,19.41,-99.13,cereals and tubers,Tortilla,143,KG,actual,Retail,MXN,8.4,0.78
2008-03-15,Distrito Federal,Cuauhtemoc,Mexico City,2627,19.41,-99.13,pulses and nuts,"Beans (black, Veracruz)",565,KG,actual,Wholesale,MXN,8.28,0.77
2008-03-15,Distrito Federal,Cuauhtemoc,Mexico City,2627,19.41,-99.13,pulses and nuts,"Beans (black, Zacatecas)",566,KG,actual,Wholesale,MXN,7.9,0.73
2008-03-15,Distrito Federal,Cuauhtemoc,Mexico City,2627,19.41,-99.13,pulses and nuts,"Beans (black, imported)",567,KG,actual,Wholesale,MXN,13.25,1.23
2008-03-15,Jalisco,Guadalajara,Guadalajara,2628,20.68,-103.35,cereals and tubers,"Rice (long grain, Sinaloa)",591,KG,actual,Wholesale,MXN,8,0.74
2008-03-15,Puebla,San Andres Cholula,Puebla,2626,19.01,-98.2,cereals and tubers,Maize (white),67,KG,actual,Wholesale,MXN,3.05,0.28
2008-03-15,Puebla,San Andres Cholula,Puebla,2626,19.01,-98.2,cereals and tubers,"Rice (small grain, Morelos)",596,KG,actual,Wholesale,MXN,14.25,1.32
2008-03-15,Puebla,San Andres Cholula,Puebla,2626,19.01,-98.2,pulses and nuts,"Beans (black, Veracruz)",565,KG,actual,Wholesale,MXN,10,0.93
2008-03-15,Puebla,San Andres Cholula,Puebla,2626,19.01,-98.2,pulses and nuts,"Beans (black, imported)",567,KG,actual,Wholesale,MXN,13,1.21
2008-03-15,Sinaloa,Culiacan,Culiacán,2629,24.8,-107.39,cereals and tubers,Maize (white),67,KG,actual,Wholesale,MXN,3.15,0.29
2008-03-15,Veracruz,Xico,Xalapa,2625,19.54,-96.93,cereals and tubers,Maize (white),67,KG,actual,Wholesale,MXN,3,0.28
2008-04-15,Distrito Federal,Cuauhtemoc,Mexico City,2627,19.41,-99.13,cereals and tubers,Maize (white),67,KG,actual,Wholesale,MXN,3.4,0.33
2008-04-15,Distrito Federal,Cuauhtemoc,Mexico City,2627,19.41,-99.13,cereals and tubers,"Rice (long grain, Sinaloa)",591,KG,actual,Wholesale,MXN,9.8,0.94
2008-04-15,Distrito Federal,Cuauhtemoc,Mexico City,2627,19.41,-99.13,cereals and tubers,"Rice (small grain, Morelos)",596,KG,actual,Wholesale,MXN,15.1,1.44
2008-04-15,Distrito Federal,Cuauhtemoc,Mexico City,2627,19.41,-99.13,cereals and tubers,Tortilla,143,KG,actual,Retail,MXN,8.4,0.8
2008-04-15,Distrito Federal,Cuauhtemoc,Mexico City,2627,19.41,-99.13,pulses and nuts,"Beans (black, Veracruz)",565,KG,actual,Wholesale,MXN,8.56,0.82
2008-04-15,Distrito Federal,Cuauhtemoc,Mexico City,2627,19.41,-99.13,pulses and nuts,"Beans (black, imported)",567,KG,actual,Wholesale,MXN,14.16,1.35
2008-04-15,Jalisco,Guadalajara,Guadalajara,2628,20.68,-103.35,cereals and tubers,Maize (white),67,KG,actual,Wholesale,MXN,3.44,0.33
2008-04-15,Jalisco,Guadalajara,Guadalajara,2628,20.68,-103.35,cereals and tubers,"Rice (long grain, Sinaloa)",591,KG,actual,Wholesale,MXN,9.1,0.87
2008-04-15,Puebla,San Andres Cholula,Puebla,2626,19.01,-98.2,cereals and tubers,Maize (white),67,KG,actual,Wholesale,MXN,3.2,0.31
2008-04-15,Puebla,San Andres Cholula,Puebla,2626,19.01,-98.2,cereals and tubers,"Rice (small grain, Morelos)",596,KG,actual,Wholesale,MXN,15.24,1.46
2008-04-15,Puebla,San Andres Cholula,Puebla,2626,19.01,-98.2,pulses and nuts,"Beans (black, Veracruz)",565,KG,actual,Wholesale,MXN,10,0.96
2008-04-15,Puebla,San Andres Cholula,Puebla,2626,19.01,-98.2,pulses and nuts,"Beans (black, imported)",567,KG,actual,Wholesale,MXN,13.6,1.3
2008-04-15,Sinaloa,Culiacan,Culiacán,2629,24.8,-107.39,cereals and tubers,Maize (white),67,KG,actual,Wholesale,MXN,3.36,0.32
2008-04-15,Veracruz,Xico,Xalapa,2625,19.54,-96.93,cereals and tubers,Maize (white),67,KG,actual,Wholesale,MXN,3.2,0.31
2008-05-15,Distrito Federal,Cuauhtemoc,Mexico City,2627,19.41,-99.13,cereals and tubers,Maize (white),67,KG,actual,Wholesale,MXN,3.51,0.34
2008-05-15,Distrito Federal,Cuauhtemoc,Mexico City,2627,19.41,-99.13,cereals and tubers,"Rice (long grain, Sinaloa)",591,KG,actual,Wholesale,MXN,11.68,1.12
2008-05-15,Distrito Federal,Cuauhtemoc,Mexico City,2627,19.41,-99.13,cereals and tubers,"Rice (small grain, Morelos)",596,KG,actual,Wholesale,MXN,17.12,1.64
2008-05-15,Distrito Federal,Cuauhtemoc,Mexico City,2627,19.41,-99.13,cereals and tubers,Tortilla,143,KG,actual,Retail,MXN,8.39,0.8
2008-05-15,Distrito Federal,Cuauhtemoc,Mexico City,2627,19.41,-99.13,pulses and nuts,"Beans (black, Veracruz)",565,KG,actual,Wholesale,MXN,9.02,0.86
2008-05-15,Distrito Federal,Cuauhtemoc,Mexico City,2627,19.41,-99.13,pulses and nuts,"Beans (black, Zacatecas)",566,KG,actual,Wholesale,MXN,9.28,0.89
2008-05-15,Distrito Federal,Cuauhtemoc,Mexico City,2627,19.41,-99.13,pulses and nuts,"Beans (black, imported)",567,KG,actual,Wholesale,MXN,14.48,1.39
2008-05-15,Jalisco,Guadalajara,Guadalajara,2628,20.68,-103.35,cereals and tubers,Maize (white),67,KG,actual,Wholesale,MXN,3.6,0.34
2008-05-15,Jalisco,Guadalajara,Guadalajara,2628,20.68,-103.35,cereals and tubers,"Rice (long grain, Sinaloa)",591,KG,actual,Wholesale,MXN,11.62,1.11
2008-05-15,Puebla,San Andres Cholula,Puebla,2626,19.01,-98.2,cereals and tubers,Maize (white),67,KG,actual,Wholesale,MXN,3.25,0.31
2008-05-15,Puebla,San Andres Cholula,Puebla,2626,19.01,-98.2,cereals and tubers,"Rice (small grain, Morelos)",596,KG,actual,Wholesale,MXN,17,1.63
2008-05-15,Puebla,San Andres Cholula,Puebla,2626,19.01,-98.2,pulses and nuts,"Beans (black, Veracruz)",565,KG,actual,Wholesale,MXN,10.25,0.98
2008-05-15,Puebla,San Andres Cholula,Puebla,2626,19.01,-98.2,pulses and nuts,"Beans (black, imported)",567,KG,actual,Wholesale,MXN,14,1.34
2008-05-15,Sinaloa,Culiacan,Culiacán,2629,24.8,-107.39,cereals and tubers,Maize (white),67,KG,actual,Wholesale,MXN,3.3,0.32
2008-05-15,Veracruz,Xico,Xalapa,2625,19.54,-96.93,cereals and tubers,Maize (white),67,KG,actual,Wholesale,MXN,3.25,0.31
2008-06-15,Distrito Federal,Cuauhtemoc,Mexico City,2627,19.41,-99.13,cereals and tubers,Maize (white),67,KG,actual,Wholesale,MXN,3.87,0.37
2008-06-15,Distrito Federal,Cuauhtemoc,Mexico City,2627,19.41,-99.13,cereals and tubers,"Rice (long grain, Sinaloa)",591,KG,actual,Wholesale,MXN,11.9,1.15
2008-06-15,Distrito Federal,Cuauhtemoc,Mexico City,2627,19.41,-99.13,cereals and tubers,"Rice (small grain, Morelos)",596,KG,actual,Wholesale,MXN,17.75,1.72
2008-06-15,Distrito Federal,Cuauhtemoc,Mexico City,2627,19.41,-99.13,cereals and tubers,Tortilla,143,KG,actual,Retail,MXN,8.45,0.82
2008-06-15,Distrito Federal,Cuauhtemoc,Mexico City,2627,19.41,-99.13,pulses and nuts,"Beans (black, Veracruz)",565,KG,actual,Wholesale,MXN,9.65,0.93
2008-06-15,Distrito Federal,Cuauhtemoc,Mexico City,2627,19.41,-99.13,pulses and nuts,"Beans (black, Zacatecas)",566,KG,actual,Wholesale,MXN,9.38,0.91
2008-06-15,Distrito Federal,Cuauhtemoc,Mexico City,2627,19.41,-99.13,pulses and nuts,"Beans (black, imported)",567,KG,actual,Wholesale,MXN,14.4,1.39
2008-06-15,Jalisco,Guadalajara,Guadalajara,2628,20.68,-103.35,cereals and tubers,"Rice (long grain, Sinaloa)",591,KG,actual,Wholesale,MXN,11.5,1.11
2008-06-15,Puebla,San Andres Cholula,Puebla,2626,19.01,-98.2,cereals and tubers,Maize (white),67,KG,actual,Wholesale,MXN,3.38,0.33
2008-06-15,Puebla,San Andres Cholula,Puebla,2626,19.01,-98.2,cereals and tubers,"Rice (small grain, Morelos)",596,KG,actual,Wholesale,MXN,18,1.74
2008-06-15,Puebla,San Andres Cholula,Puebla,2626,19.01,-98.2,pulses and nuts,"Beans (black, Veracruz)",565,KG,actual,Wholesale,MXN,11,1.06
2008-06-15,Puebla,San Andres Cholula,Puebla,2626,19.01,-98.2,pulses and nuts,"Beans (black, imported)",567,KG,actual,Wholesale,MXN,14,1.35
2008-06-15,Sinaloa,Culiacan,Culiacán,2629,24.8,-107.39,cereals and tubers,Maize (white),67,KG,actual,Wholesale,MXN,3.2,0.31
2008-06-15,Veracruz,Xico,Xalapa,2625,19.54,-96.93,cereals and tubers,Maize (white),67,KG,actual,Wholesale,MXN,3.6,0.35
2008-06-15,Veracruz,Xico,Xalapa,2625,19.54,-96.93,pulses and nuts,"Beans (black, imported)",567,KG,actual,Wholesale,MXN,13.42,1.3
2008-07-15,Distrito Federal,Cuauhtemoc,Mexico City,2627,19.41,-99.13,cereals and tubers,"Rice (long grain, Sinaloa)",591,KG,actual,Wholesale,MXN,11.8,1.15
2008-07-15,Distrito Federal,Cuauhtemoc,Mexico City,2627,19.41,-99.13,cereals and tubers,"Rice (small grain, Morelos)",596,KG,actual,Wholesale,MXN,17.8,1.73
2008-07-15,Distrito Federal,Cuauhtemoc,Mexico City,2627,19.41,-99.13,cereals and tubers,Tortilla,143,KG,actual,Retail,MXN,8.5,0.83
2008-07-15,Distrito Federal,Cuauhtemoc,Mexico City,2627,19.41,-99.13,pulses and nuts,"Beans (black, Veracruz)",565,KG,actual,Wholesale,MXN,9.58,0.93
2008-07-15,Distrito Federal,Cuauhtemoc,Mexico City,2627,19.41,-99.13,pulses and nuts,"Beans (black, Zacatecas)",566,KG,actual,Wholesale,MXN,9.74,0.95
2008-07-15,Distrito Federal,Cuauhtemoc,Mexico City,2627,19.41,-99.13,pulses and nuts,"Beans (black, imported)",567,KG,actual,Wholesale,MXN,14.22,1.38
2008-07-15,Jalisco,Guadalajara,Guadalajara,2628,20.68,-103.35,cereals and tubers,Maize (white),67,KG,actual,Wholesale,MXN,3.79,0.37
2008-07-15,Jalisco,Guadalajara,Guadalajara,2628,20.68,-103.35,cereals and tubers,"Rice (long grain, Sinaloa)",591,KG,actual,Wholesale,MXN,12.1,1.18
2008-07-15,Puebla,San Andres Cholula,Puebla,2626,19.01,-98.2,cereals and tubers,Maize (white),67,KG,actual,Wholesale,MXN,3.64,0.35
2008-07-15,Puebla,San Andres Cholula,Puebla,2626,19.01,-98.2,cereals and tubers,"Rice (small grain, Morelos)",596,KG,actual,Wholesale,MXN,18.2,1.77
2008-07-15,Puebla,San Andres Cholula,Puebla,2626,19.01,-98.2,pulses and nuts,"Beans (black, Veracruz)",565,KG,actual,Wholesale,MXN,11,1.07
2008-07-15,Sinaloa,Culiacan,Culiacán,2629,24.8,-107.39,cereals and tubers,Maize (white),67,KG,actual,Wholesale,MXN,3.44,0.33
2008-07-15,Veracruz,Xico,Xalapa,2625,19.54,-96.93,cereals and tubers,Maize (white),67,KG,actual,Wholesale,MXN,3.6,0.35
2008-08-15,Distrito Federal,Cuauhtemoc,Mexico City,2627,19.41,-99.13,cereals and tubers,Maize (white),67,KG,actual,Wholesale,MXN,3.94,0.39
2008-08-15,Distrito Federal,Cuauhtemoc,Mexico City,2627,19.41,-99.13,cereals and tubers,"Rice (long grain, Sinaloa)",591,KG,actual,Wholesale,MXN,11.52,1.13
2008-08-15,Distrito Federal,Cuauhtemoc,Mexico City,2627,19.41,-99.13,cereals and tubers,"Rice (small grain, Morelos)",596,KG,actual,Wholesale,MXN,18.38,1.81
2008-08-15,Distrito Federal,Cuauhtemoc,Mexico City,2627,19.41,-99.13,cereals and tubers,Tortilla,143,KG,actual,Retail,MXN,8.54,0.84
2008-08-15,Distrito Federal,Cuauhtemoc,Mexico City,2627,19.41,-99.13,pulses and nuts,"Beans (black, Zacatecas)",566,KG,actual,Wholesale,MXN,9.45,0.93
2008-08-15,Distrito Federal,Cuauhtemoc,Mexico City,2627,19.41,-99.13,pulses and nuts,"Beans (black, imported)",567,KG,actual,Wholesale,MXN,14.42,1.42
2008-08-15,Jalisco,Guadalajara,Guadalajara,2628,20.68,-103.35,cereals and tubers,Maize (white),67,KG,actual,Wholesale,MXN,4,0.39
2008-08-15,Jalisco,Guadalajara,Guadalajara,2628,20.68,-103.35,cereals and tubers,"Rice (long grain, Sinaloa)",591,KG,actual,Wholesale,MXN,11.5,1.13
2008-08-15,Puebla,San Andres Cholula,Puebla,2626,19.01,-98.2,cereals and tubers,Maize (white),67,KG,actual,Wholesale,MXN,4.52,0.44
2008-08-15,Puebla,San Andres Cholula,Puebla,2626,19.01,-98.2,cereals and tubers,"Rice (small grain, Morelos)",596,KG,actual,Wholesale,MXN,18.5,1.82
2008-08-15,Puebla,San Andres Cholula,Puebla,2626,19.01,-98.2,pulses and nuts,"Beans (black, Veracruz)",565,KG,actual,Wholesale,MXN,11.38,1.12
2008-08-15,Puebla,San Andres Cholula,Puebla,2626,19.01,-98.2,pulses and nuts,"Beans (black, imported)",567,KG,actual,Wholesale,MXN,14.25,1.4
2008-08-15,Sinaloa,Culiacan,Culiacán,2629,24.8,-107.39,cereals and tubers,Maize (white),67,KG,actual,Wholesale,MXN,4.05,0.4
2008-08-15,Veracruz,Xico,Xalapa,2625,19.54,-96.93,cereals and tubers,Maize (white),67,KG,actual,Wholesale,MXN,3.7,0.36
2008-08-15,Veracruz,Xico,Xalapa,2625,19.54,-96.93,pulses and nuts,"Beans (black, imported)",567,KG,actual,Wholesale,MXN,13.85,1.36
2008-09-15,Distrito Federal,Cuauhtemoc,Mexico City,2627,19.41,-99.13,cereals and tubers,Maize (white),67,KG,actual,Wholesale,MXN,4,0.37
2008-09-15,Distrito Federal,Cuauhtemoc,Mexico City,2627,19.41,-99.13,cereals and tubers,"Rice (long grain, Sinaloa)",591,KG,actual,Wholesale,MXN,11.1,1.03
2008-09-15,Distrito Federal,Cuauhtemoc,Mexico City,2627,19.41,-99.13,cereals and tubers,"Rice (small grain, Morelos)",596,KG,actual,Wholesale,MXN,20.25,1.89
2008-09-15,Distrito Federal,Cuauhtemoc,Mexico City,2627,19.41,-99.13,cereals and tubers,Tortilla,143,KG,actual,Retail,MXN,8.59,0.8
2008-09-15,Distrito Federal,Cuauhtemoc,Mexico City,2627,19.41,-99.13,pulses and nuts,"Beans (black, Zacatecas)",566,KG,actual,Wholesale,MXN,9.85,0.92
2008-09-15,Distrito Federal,Cuauhtemoc,Mexico City,2627,19.41,-99.13,pulses and nuts,"Beans (black, imported)",567,KG,actual,Wholesale,MXN,14.52,1.35
2008-09-15,Jalisco,Guadalajara,Guadalajara,2628,20.68,-103.35,cereals and tubers,Maize (white),67,KG,actual,Wholesale,MXN,4,0.37
2008-09-15,Jalisco,Guadalajara,Guadalajara,2628,20.68,-103.35,cereals and tubers,"Rice (long grain, Sinaloa)",591,KG,actual,Wholesale,MXN,10.5,0.98
2008-09-15,Puebla,San Andres Cholula,Puebla,2626,19.01,-98.2,cereals and tubers,Maize (white),67,KG,actual,Wholesale,MXN,4.78,0.45
2008-09-15,Puebla,San Andres Cholula,Puebla,2626,19.01,-98.2,cereals and tubers,"Rice (small grain, Morelos)",596,KG,actual,Wholesale,MXN,18.25,1.7
2008-09-15,Puebla,San Andres Cholula,Puebla,2626,19.01,-98.2,pulses and nuts,"Beans (black, Veracruz)",565,KG,actual,Wholesale,MXN,11.62,1.08
2008-09-15,Puebla,San Andres Cholula,Puebla,2626,19.01,-98.2,pulses and nuts,"Beans (black, imported)",567,KG,actual,Wholesale,MXN,14.62,1.36
2008-09-15,Sinaloa,Culiacan,Culiacán,2629,24.8,-107.39,cereals and tubers,Maize (white),67,KG,actual,Wholesale,MXN,3.52,0.33
2008-09-15,Veracruz,Xico,Xalapa,2625,19.54,-96.93,cereals and tubers,Maize (white),67,KG,actual,Wholesale,MXN,3.78,0.35
2008-09-15,Veracruz,Xico,Xalapa,2625,19.54,-96.93,pulses and nuts,"Beans (black, imported)",567,KG,actual,Wholesale,MXN,14.55,1.36
2008-10-15,Distrito Federal,Cuauhtemoc,Mexico City,2627,19.41,-99.13,cereals and tubers,Maize (white),67,KG,actual,Wholesale,MXN,4.06,0.31
2008-10-15,Distrito Federal,Cuauhtemoc,Mexico City,2627,19.41,-99.13,cereals and tubers,"Rice (small grain, Morelos)",596,KG,actual,Wholesale,MXN,20.7,1.57
2008-10-15,Distrito Federal,Cuauhtemoc,Mexico City,2627,19.41,-99.13,cereals and tubers,Tortilla,143,KG,actual,Retail,MXN,8.62,0.65
2008-10-15,Distrito Federal,Cuauhtemoc,Mexico City,2627,19.41,-99.13,pulses and nuts,"Beans (black, imported)",567,KG,actual,Wholesale,MXN,14.66,1.11
2008-10-15,Jalisco,Guadalajara,Guadalajara,2628,20.68,-103.35,cereals and tubers,Maize (white),67,KG,actual,Wholesale,MXN,3.92,0.3
2008-10-15,Jalisco,Guadalajara,Guadalajara,2628,20.68,-103.35,cereals and tubers,"Rice (long grain, Sinaloa)",591,KG,actual,Wholesale,MXN,11.7,0.89
2008-10-15,Puebla,San Andres Cholula,Puebla,2626,19.01,-98.2,cereals and tubers,Maize (white),67,KG,actual,Wholesale,MXN,5.38,0.41
2008-10-15,Puebla,San Andres Cholula,Puebla,2626,19.01,-98.2,cereals and tubers,"Rice (small grain, Morelos)",596,KG,actual,Wholesale,MXN,19,1.44
2008-10-15,Puebla,San Andres Cholula,Puebla,2626,19.01,-98.2,pulses and nuts,"Beans (black, Veracruz)",565,KG,actual,Wholesale,MXN,13,0.98
2008-10-15,Puebla,San Andres Cholula,Puebla,2626,19.01,-98.2,pulses and nuts,"Beans (black, imported)",567,KG,actual,Wholesale,MXN,14.8,1.12
2008-10-15,Sinaloa,Culiacan,Culiacán,2629,24.8,-107.39,cereals and tubers,Maize (white),67,KG,actual,Wholesale,MXN,4.3,0.33
2008-10-15,Veracruz,Xico,Xalapa,2625,19.54,-96.93,cereals and tubers,Maize (white),67,KG,actual,Wholesale,MXN,3.78,0.29
2008-10-15,Veracruz,Xico,Xalapa,2625,19.54,-96.93,pulses and nuts,"Beans (black, imported)",567,KG,actual,Wholesale,MXN,15.3,1.16
2008-11-15,Distrito Federal,Cuauhtemoc,Mexico City,2627,19.41,-99.13,cereals and tubers,Maize (white),67,KG,actual,Wholesale,MXN,3.95,0.3
2008-11-15,Distrito Federal,Cuauhtemoc,Mexico City,2627,19.41,-99.13,cereals and tubers,"Rice (small grain, Morelos)",596,KG,actual,Wholesale,MXN,21,1.61
2008-11-15,Distrito Federal,Cuauhtemoc,Mexico City,2627,19.41,-99.13,cereals and tubers,Tortilla,143,KG,actual,Retail,MXN,8.62,0.66
2008-11-15,Distrito Federal,Cuauhtemoc,Mexico City,2627,19.41,-99.13,pulses and nuts,"Beans (black, Zacatecas)",566,KG,actual,Wholesale,MXN,9.68,0.74
2008-11-15,Distrito Federal,Cuauhtemoc,Mexico City,2627,19.41,-99.13,pulses and nuts,"Beans (black, imported)",567,KG,actual,Wholesale,MXN,14.65,1.12
2008-11-15,Jalisco,Guadalajara,Guadalajara,2628,20.68,-103.35,cereals and tubers,Maize (white),67,KG,actual,Wholesale,MXN,3.8,0.29
2008-11-15,Puebla,San Andres Cholula,Puebla,2626,19.01,-98.2,cereals and tubers,Maize (white),67,KG,actual,Wholesale,MXN,5.72,0.44
2008-11-15,Puebla,San Andres Cholula,Puebla,2626,19.01,-98.2,cereals and tubers,"Rice (small grain, Morelos)",596,KG,actual,Wholesale,MXN,19,1.45
2008-11-15,Puebla,San Andres Cholula,Puebla,2626,19.01,-98.2,pulses and nuts,"Beans (black, Veracruz)",565,KG,actual,Wholesale,MXN,12.25,0.94
2008-11-15,Puebla,San Andres Cholula,Puebla,2626,19.01,-98.2,pulses and nuts,"Beans (black, imported)",567,KG,actual,Wholesale,MXN,14.25,1.09
2008-11-15,Sinaloa,Culiacan,Culiacán,2629,24.8,-107.39,cereals and tubers,Maize (white),67,KG,actual,Wholesale,MXN,3.62,0.28
2008-11-15,Veracruz,Xico,Xalapa,2625,19.54,-96.93,cereals and tubers,Maize (white),67,KG,actual,Wholesale,MXN,3.72,0.28
2008-11-15,Veracruz,Xico,Xalapa,2625,19.54,-96.93,pulses and nuts,"Beans (black, imported)",567,KG,actual,Wholesale,MXN,15.68,1.2
2008-12-15,Distrito Federal,Cuauhtemoc,Mexico City,2627,19.41,-99.13,cereals and tubers,Maize (white),67,KG,actual,Wholesale,MXN,3.95,0.3
2008-12-15,Distrito Federal,Cuauhtemoc,Mexico City,2627,19.41,-99.13,cereals and tubers,"Rice (long grain, Sinaloa)",591,KG,actual,Wholesale,MXN,11.6,0.87
2008-12-15,Distrito Federal,Cuauhtemoc,Mexico City,2627,19.41,-99.13,cereals and tubers,Tortilla,143,KG,actual,Retail,MXN,8.62,0.65
2008-12-15,Distrito Federal,Cuauhtemoc,Mexico City,2627,19.41,-99.13,pulses and nuts,"Beans (black, Veracruz)",565,KG,actual,Wholesale,MXN,12.1,0.91
2008-12-15,Distrito Federal,Cuauhtemoc,Mexico City,2627,19.41,-99.13,pulses and nuts,"Beans (black, Zacatecas)",566,KG,actual,Wholesale,MXN,12.45,0.94
2008-12-15,Distrito Federal,Cuauhtemoc,Mexico City,2627,19.41,-99.13,pulses and nuts,"Beans (black, imported)",567,KG,actual,Wholesale,MXN,15.08,1.13
2008-12-15,Jalisco,Guadalajara,Guadalajara,2628,20.68,-103.35,cereals and tubers,Maize (white),67,KG,actual,Wholesale,MXN,3.84,0.29
2008-12-15,Jalisco,Guadalajara,Guadalajara,2628,20.68,-103.35,cereals and tubers,"Rice (long grain, Sinaloa)",591,KG,actual,Wholesale,MXN,11.4,0.86
2008-12-15,Puebla,San Andres Cholula,Puebla,2626,19.01,-98.2,cereals and tubers,Maize (white),67,KG,actual,Wholesale,MXN,5.8,0.44
2008-12-15,Puebla,San Andres Cholula,Puebla,2626,19.01,-98.2,cereals and tubers,"Rice (small grain, Morelos)",596,KG,actual,Wholesale,MXN,18.2,1.37
2008-12-15,Puebla,San Andres Cholula,Puebla,2626,19.01,-98.2,pulses and nuts,"Beans (black, Veracruz)",565,KG,actual,Wholesale,MXN,12.6,0.95
2008-12-15,Puebla,San Andres Cholula,Puebla,2626,19.01,-98.2,pulses and nuts,"Beans (black, imported)",567,KG,actual,Wholesale,MXN,14.4,1.08
2008-12-15,Sinaloa,Culiacan,Culiacán,2629,24.8,-107.39,cereals and tubers,Maize (white),67,KG,actual,Wholesale,MXN,3.36,0.25
2008-12-15,Veracruz,Xico,Xalapa,2625,19.54,-96.93,cereals and tubers,Maize (white),67,KG,actual,Wholesale,MXN,3.84,0.29
2008-12-15,Veracruz,Xico,Xalapa,2625,19.54,-96.93,pulses and nuts,"Beans (black, imported)",567,KG,actual,Wholesale,MXN,15.3,1.15
2009-01-15,Distrito Federal,Cuauhtemoc,Mexico City,2627,19.41,-99.13,cereals and tubers,Maize (white),67,KG,actual,Wholesale,MXN,3.91,0.28
2009-01-15,Distrito Federal,Cuauhtemoc,Mexico City,2627,19.41,-99.13,cereals and tubers,"Rice (small grain, Morelos)",596,KG,actual,Wholesale,MXN,20.88,1.5
2009-01-15,Distrito Federal,Cuauhtemoc,Mexico City,2627,19.41,-99.13,cereals and tubers,Tortilla,143,KG,actual,Retail,MXN,8.63,0.62
2009-01-15,Distrito Federal,Cuauhtemoc,Mexico City,2627,19.41,-99.13,pulses and nuts,"Beans (black, Veracruz)",565,KG,actual,Wholesale,MXN,14.52,1.04
2009-01-15,Distrito Federal,Cuauhtemoc,Mexico City,2627,19.41,-99.13,pulses and nuts,"Beans (black, Zacatecas)",566,KG,actual,Wholesale,MXN,14.62,1.05
2009-01-15,Distrito Federal,Cuauhtemoc,Mexico City,2627,19.41,-99.13,pulses and nuts,"Beans (black, imported)",567,KG,actual,Wholesale,MXN,16,1.15
2009-01-15,Jalisco,Guadalajara,Guadalajara,2628,20.68,-103.35,cereals and tubers,"Rice (long grain, Sinaloa)",591,KG,actual,Wholesale,MXN,11.75,0.84
2009-01-15,Puebla,San Andres Cholula,Puebla,2626,19.01,-98.2,cereals and tubers,Maize (white),67,KG,actual,Wholesale,MXN,5.8,0.42
2009-01-15,Puebla,San Andres Cholula,Puebla,2626,19.01,-98.2,cereals and tubers,"Rice (small grain, Morelos)",596,KG,actual,Wholesale,MXN,19,1.36
2009-01-15,Puebla,San Andres Cholula,Puebla,2626,19.01,-98.2,pulses and nuts,"Beans (black, Veracruz)",565,KG,actual,Wholesale,MXN,14.25,1.02
2009-01-15,Puebla,San Andres Cholula,Puebla,2626,19.01,-98.2,pulses and nuts,"Beans (black, imported)",567,KG,actual,Wholesale,MXN,16.38,1.18
2009-01-15,Sinaloa,Culiacan,Culiacán,2629,24.8,-107.39,cereals and tubers,Maize (white),67,KG,actual,Wholesale,MXN,3.58,0.26
2009-01-15,Veracruz,Xico,Xalapa,2625,19.54,-96.93,cereals and tubers,Maize (white),67,KG,actual,Wholesale,MXN,3.05,0.22
2009-01-15,Veracruz,Xico,Xalapa,2625,19.54,-96.93,pulses and nuts,"Beans (black, imported)",567,KG,actual,Wholesale,MXN,17.75,1.27
2009-02-15,Distrito Federal,Cuauhtemoc,Mexico City,2627,19.41,-99.13,cereals and tubers,"Rice (long grain, Sinaloa)",591,KG,actual,Wholesale,MXN,11.5,0.79
2009-02-15,Distrito Federal,Cuauhtemoc,Mexico City,2627,19.41,-99.13,cereals and tubers,Tortilla,143,KG,actual,Retail,MXN,8.63,0.6
2009-02-15,Distrito Federal,Cuauhtemoc,Mexico City,2627,19.41,-99.13,pulses and nuts,"Beans (black, Veracruz)",565,KG,actual,Wholesale,MXN,14.95,1.03
2009-02-15,Distrito Federal,Cuauhtemoc,Mexico City,2627,19.41,-99.13,pulses and nuts,"Beans (black, imported)",567,KG,actual,Wholesale,MXN,16.4,1.13
2009-02-15,Jalisco,Guadalajara,Guadalajara,2628,20.68,-103.35,cereals and tubers,Maize (white),67,KG,actual,Wholesale,MXN,3.65,0.25
2009-02-15,Jalisco,Guadalajara,Guadalajara,2628,20.68,-103.35,cereals and tubers,"Rice (long grain, Sinaloa)",591,KG,actual,Wholesale,MXN,11.5,0.79
2009-02-15,Puebla,San Andres Cholula,Puebla,2626,19.01,-98.2,cereals and tubers,Maize (white),67,KG,actual,Wholesale,MXN,3.75,0.26
2009-02-15,Puebla,San Andres Cholula,Puebla,2626,19.01,-98.2,cereals and tubers,"Rice (small grain, Morelos)",596,KG,actual,Wholesale,MXN,18.5,1.28
2009-02-15,Puebla,San Andres Cholula,Puebla,2626,19.01,-98.2,pulses and nuts,"Beans (black, Veracruz)",565,KG,actual,Wholesale,MXN,15.5,1.07
2009-02-15,Puebla,San Andres Cholula,Puebla,2626,19.01,-98.2,pulses and nuts,"Beans (black, imported)",567,KG,actual,Wholesale,MXN,16.62,1.15
2009-02-15,Sinaloa,Culiacan,Culiacán,2629,24.8,-107.39,cereals and tubers,Maize (white),67,KG,actual,Wholesale,MXN,3.58,0.25
2009-02-15,Veracruz,Xico,Xalapa,2625,19.54,-96.93,cereals and tubers,Maize (white),67,KG,actual,Wholesale,MXN,3.5,0.24
2009-03-15,Distrito Federal,Cuauhtemoc,Mexico City,2627,19.41,-99.13,cereals and tubers,Maize (white),67,KG,actual,Wholesale,MXN,3.95,0.28
2009-03-15,Distrito Federal,Cuauhtemoc,Mexico City,2627,19.41,-99.13,cereals and tubers,"Rice (long grain, Sinaloa)",591,KG,actual,Wholesale,MXN,11.5,0.8
2009-03-15,Distrito Federal,Cuauhtemoc,Mexico City,2627,19.41,-99.13,cereals and tubers,"Rice (small grain, Morelos)",596,KG,actual,Wholesale,MXN,21.25,1.48
2009-03-15,Distrito Federal,Cuauhtemoc,Mexico City,2627,19.41,-99.13,cereals and tubers,Tortilla,143,KG,actual,Retail,MXN,8.62,0.6
2009-03-15,Distrito Federal,Cuauhtemoc,Mexico City,2627,19.41,-99.13,pulses and nuts,"Beans (black, Veracruz)",565,KG,actual,Wholesale,MXN,15.1,1.05
2009-03-15,Distrito Federal,Cuauhtemoc,Mexico City,2627,19.41,-99.13,pulses and nuts,"Beans (black, imported)",567,KG,actual,Wholesale,MXN,17.15,1.2
2009-03-15,Jalisco,Guadalajara,Guadalajara,2628,20.68,-103.35,cereals and tubers,Maize (white),67,KG,actual,Wholesale,MXN,3.5,0.24
2009-03-15,Jalisco,Guadalajara,Guadalajara,2628,20.68,-103.35,cereals and tubers,"Rice (long grain, Sinaloa)",591,KG,actual,Wholesale,MXN,11.25,0.78
2009-03-15,Puebla,San Andres Cholula,Puebla,2626,19.01,-98.2,cereals and tubers,Maize (white),67,KG,actual,Wholesale,MXN,3.8,0.26
2009-03-15,Puebla,San Andres Cholula,Puebla,2626,19.01,-98.2,pulses and nuts,"Beans (black, Veracruz)",565,KG,actual,Wholesale,MXN,15,1.05
2009-03-15,Puebla,San Andres Cholula,Puebla,2626,19.01,-98.2,pulses and nuts,"Beans (black, imported)",567,KG,actual,Wholesale,MXN,16.88,1.18
2009-03-15,Sinaloa,Culiacan,Culiacán,2629,24.8,-107.39,cereals and tubers,Maize (white),67,KG,actual,Wholesale,MXN,3.6,0.25
2009-03-15,Veracruz,Xico,Xalapa,2625,19.54,-96.93,cereals and tubers,Maize (white),67,KG,actual,Wholesale,MXN,3.28,0.23
2009-03-15,Veracruz,Xico,Xalapa,2625,19.54,-96.93,pulses and nuts,"Beans (black, imported)",567,KG,actual,Wholesale,MXN,16.92,1.18
2009-04-15,Distrito Federal,Cuauhtemoc,Mexico City,2627,19.41,-99.13,cereals and tubers,Maize (white),67,KG,actual,Wholesale,MXN,3.97,0.31
2009-04-15,Distrito Federal,Cuauhtemoc,Mexico City,2627,19.41,-99.13,cereals and tubers,"Rice (long grain, Sinaloa)",591,KG,actual,Wholesale,MXN,11.28,0.87
2009-04-15,Distrito Federal,Cuauhtemoc,Mexico City,2627,19.41,-99.13,cereals and tubers,"Rice (small grain, Morelos)",596,KG,actual,Wholesale,MXN,21.3,1.64
2009-04-15,Distrito Federal,Cuauhtemoc,Mexico City,2627,19.41,-99.13,cereals and tubers,Tortilla,143,KG,actual,Retail,MXN,8.62,0.66
2009-04-15,Distrito Federal,Cuauhtemoc,Mexico City,2627,19.41,-99.13,pulses and nuts,"Beans (black, Veracruz)",565,KG,actual,Wholesale,MXN,15.54,1.19
2009-04-15,Jalisco,Guadalajara,Guadalajara,2628,20.68,-103.35,cereals and tubers,Maize (white),67,KG,actual,Wholesale,MXN,3.62,0.28
2009-04-15,Jalisco,Guadalajara,Guadalajara,2628,20.68,-103.35,cereals and tubers,"Rice (long grain, Sinaloa)",591,KG,actual,Wholesale,MXN,11.4,0.88
2009-04-15,Puebla,San Andres Cholula,Puebla,2626,19.01,-98.2,cereals and tubers,Maize (white),67,KG,actual,Wholesale,MXN,3.8,0.29
2009-04-15,Puebla,San Andres Cholula,Puebla,2626,19.01,-98.2,pulses and nuts,"Beans (black, Veracruz)",565,KG,actual,Wholesale,MXN,17.4,1.34
2009-04-15,Puebla,San Andres Cholula,Puebla,2626,19.01,-98.2,pulses and nuts,"Beans (black, imported)",567,KG,actual,Wholesale,MXN,16.8,1.29
2009-04-15,Sinaloa,Culiacan,Culiacán,2629,24.8,-107.39,cereals and tubers,Maize (white),67,KG,actual,Wholesale,MXN,3.6,0.28
2009-04-15,Veracruz,Xico,Xalapa,2625,19.54,-96.93,cereals and tubers,Maize (white),67,KG,actual,Wholesale,MXN,3.72,0.29
2009-05-15,Distrito Federal,Cuauhtemoc,Mexico City,2627,19.41,-99.13,cereals and tubers,"Rice (long grain, Sinaloa)",591,KG,actual,Wholesale,MXN,11.22,0.85
2009-05-15,Distrito Federal,Cuauhtemoc,Mexico City,2627,19.41,-99.13,cereals and tubers,"Rice (small grain, Morelos)",596,KG,actual,Wholesale,MXN,21.62,1.63
2009-05-15,Distrito Federal,Cuauhtemoc,Mexico City,2627,19.41,-99.13,cereals and tubers,Tortilla,143,KG,actual,Retail,MXN,8.62,0.65
2009-05-15,Distrito Federal,Cuauhtemoc,Mexico City,2627,19.41,-99.13,pulses and nuts,"Beans (black, Veracruz)",565,KG,actual,Wholesale,MXN,16.38,1.24
2009-05-15,Distrito Federal,Cuauhtemoc,Mexico City,2627,19.41,-99.13,pulses and nuts,"Beans (black, Zacatecas)",566,KG,actual,Wholesale,MXN,16.78,1.27
2009-05-15,Distrito Federal,Cuauhtemoc,Mexico City,2627,19.41,-99.13,pulses and nuts,"Beans (black, imported)",567,KG,actual,Wholesale,MXN,17.65,1.33
2009-05-15,Jalisco,Guadalajara,Guadalajara,2628,20.68,-103.35,cereals and tubers,Maize (white),67,KG,actual,Wholesale,MXN,3.5,0.26
2009-05-15,Jalisco,Guadalajara,Guadalajara,2628,20.68,-103.35,cereals and tubers,"Rice (long grain, Sinaloa)",591,KG,actual,Wholesale,MXN,11.12,0.84
2009-05-15,Puebla,San Andres Cholula,Puebla,2626,19.01,-98.2,cereals and tubers,Maize (white),67,KG,actual,Wholesale,MXN,3.8,0.29
2009-05-15,Puebla,San Andres Cholula,Puebla,2626,19.01,-98.2,cereals and tubers,"Rice (small grain, Morelos)",596,KG,actual,Wholesale,MXN,19.25,1.45
2009-05-15,Puebla,San Andres Cholula,Puebla,2626,19.01,-98.2,pulses and nuts,"Beans (black, Veracruz)",565,KG,actual,Wholesale,MXN,17.12,1.29
2009-05-15,Puebla,San Andres Cholula,Puebla,2626,19.01,-98.2,pulses and nuts,"Beans (black, imported)",567,KG,actual,Wholesale,MXN,17.38,1.31
2009-05-15,Sinaloa,Culiacan,Culiacán,2629,24.8,-107.39,cereals and tubers,Maize (white),67,KG,actual,Wholesale,MXN,3.6,0.27
2009-06-15,Distrito Federal,Cuauhtemoc,Mexico City,2627,19.41,-99.13,cereals and tubers,Maize (white),67,KG,actual,Wholesale,MXN,4,0.3
2009-06-15,Distrito Federal,Cuauhtemoc,Mexico City,2627,19.41,-99.13,cereals and tubers,"Rice (long grain, Sinaloa)",591,KG,actual,Wholesale,MXN,11.1,0.83
2009-06-15,Distrito Federal,Cuauhtemoc,Mexico City,2627,19.41,-99.13,cereals and tubers,"Rice (small grain, Morelos)",596,KG,actual,Wholesale,MXN,22,1.65
2009-06-15,Distrito Federal,Cuauhtemoc,Mexico City,2627,19.41,-99.13,cereals and tubers,Tortilla,143,KG,actual,Retail,MXN,8.62,0.64
2009-06-15,Distrito Federal,Cuauhtemoc,Mexico City,2627,19.41,-99.13,pulses and nuts,"Beans (black, imported)",567,KG,actual,Wholesale,MXN,17.6,1.32
2009-06-15,Jalisco,Guadalajara,Guadalajara,2628,20.68,-103.35,cereals and tubers,"Rice (long grain, Sinaloa)",591,KG,actual,Wholesale,MXN,10.38,0.78
2009-06-15,Puebla,San Andres Cholula,Puebla,2626,19.01,-98.2,cereals and tubers,Maize (white),67,KG,actual,Wholesale,MXN,3.85,0.29
2009-06-15,Puebla,San Andres Cholula,Puebla,2626,19.01,-98.2,cereals and tubers,"Rice (small grain, Morelos)",596,KG,actual,Wholesale,MXN,18.38,1.37
2009-06-15,Puebla,San Andres Cholula,Puebla,2626,19.01,-98.2,pulses and nuts,"Beans (black, Veracruz)",565,KG,actual,Wholesale,MXN,18,1.35
2009-06-15,Puebla,San Andres Cholula,Puebla,2626,19.01,-98.2,pulses and nuts,"Beans (black, imported)",567,KG,actual,Wholesale,MXN,17.52,1.31
2009-06-15,Sinaloa,Culiacan,Culiacán,2629,24.8,-107.39,cereals and tubers,Maize (white),67,KG,actual,Wholesale,MXN,3.6,0.27
2009-06-15,Veracruz,Xico,Xalapa,2625,19.54,-96.93,cereals and tubers,Maize (white),67,KG,actual,Wholesale,MXN,4,0.3
2009-06-15,Veracruz,Xico,Xalapa,2625,19.54,-96.93,pulses and nuts,"Beans (black, imported)",567,KG,actual,Wholesale,MXN,19.75,1.48
2009-07-15,Distrito Federal,Cuauhtemoc,Mexico City,2627,19.41,-99.13,cereals and tubers,Maize (white),67,KG,actual,Wholesale,MXN,3.92,0.29
2009-07-15,Distrito Federal,Cuauhtemoc,Mexico City,2627,19.41,-99.13,cereals and tubers,"Rice (long grain, Sinaloa)",591,KG,actual,Wholesale,MXN,10.66,0.79
2009-07-15,Distrito Federal,Cuauhtemoc,Mexico City,2627,19.41,-99.13,cereals and tubers,"Rice (small grain, Morelos)",596,KG,actual,Wholesale,MXN,22.8,1.68
2009-07-15,Distrito Federal,Cuauhtemoc,Mexico City,2627,19.41,-99.13,cereals and tubers,Tortilla,143,KG,actual,Retail,MXN,8.65,0.64
2009-07-15,Distrito Federal,Cuauhtemoc,Mexico City,2627,19.41,-99.13,pulses and nuts,"Beans (black, Veracruz)",565,KG,actual,Wholesale,MXN,16.92,1.25
2009-07-15,Distrito Federal,Cuauhtemoc,Mexico City,2627,19.41,-99.13,pulses and nuts,"Beans (black, Zacatecas)",566,KG,actual,Wholesale,MXN,17,1.25
2009-07-15,Distrito Federal,Cuauhtemoc,Mexico City,2627,19.41,-99.13,pulses and nuts,"Beans (black, imported)",567,KG,actual,Wholesale,MXN,17.34,1.28
2009-07-15,Jalisco,Guadalajara,Guadalajara,2628,20.68,-103.35,cereals and tubers,Maize (white),67,KG,actual,Wholesale,MXN,3.5,0.26
2009-07-15,Jalisco,Guadalajara,Guadalajara,2628,20.68,-103.35,cereals and tubers,"Rice (long grain, Sinaloa)",591,KG,actual,Wholesale,MXN,9.7,0.72
2009-07-15,Puebla,San Andres Cholula,Puebla,2626,19.01,-98.2,cereals and tubers,Maize (white),67,KG,actual,Wholesale,MXN,3.9,0.29
2009-07-15,Puebla,San Andres Cholula,Puebla,2626,19.01,-98.2,pulses and nuts,"Beans (black, Veracruz)",565,KG,actual,Wholesale,MXN,18,1.33
2009-07-15,Puebla,San Andres Cholula,Puebla,2626,19.01,-98.2,pulses and nuts,"Beans (black, imported)",567,KG,actual,Wholesale,MXN,17.3,1.28
2009-07-15,Sinaloa,Culiacan,Culiacán,2629,24.8,-107.39,cereals and tubers,Maize (white),67,KG,actual,Wholesale,MXN,3.64,0.27
2009-07-15,Veracruz,Xico,Xalapa,2625,19.54,-96.93,pulses and nuts,"Beans (black, imported)",567,KG,actual,Wholesale,MXN,19.36,1.43
2009-08-15,Distrito Federal,Cuauhtemoc,Mexico City,2627,19.41,-99.13,cereals and tubers,Maize (white),67,KG,actual,Wholesale,MXN,3.8,0.29
2009-08-15,Distrito Federal,Cuauhtemoc,Mexico City,2627,19.41,-99.13,cereals and tubers,"Rice (long grain, Sinaloa)",591,KG,actual,Wholesale,MXN,10.8,0.84
2009-08-15,Distrito Federal,Cuauhtemoc,Mexico City,2627,19.41,-99.13,cereals and tubers,"Rice (small grain, Morelos)",596,KG,actual,Wholesale,MXN,22.88,1.77
2009-08-15,Distrito Federal,Cuauhtemoc,Mexico City,2627,19.41,-99.13,cereals and tubers,Tortilla,143,KG,actual,Retail,MXN,8.65,0.67
2009-08-15,Distrito Federal,Cuauhtemoc,Mexico City,2627,19.41,-99.13,pulses and nuts,"Beans (black, Zacatecas)",566,KG,actual,Wholesale,MXN,16.67,1.29
2009-08-15,Jalisco,Guadalajara,Guadalajara,2628,20.68,-103.35,cereals and tubers,Maize (white),67,KG,actual,Wholesale,MXN,3.5,0.27
2009-08-15,Jalisco,Guadalajara,Guadalajara,2628,20.68,-103.35,cereals and tubers,"Rice (long grain, Sinaloa)",591,KG,actual,Wholesale,MXN,9.5,0.74
2009-08-15,Puebla,San Andres Cholula,Puebla,2626,19.01,-98.2,cereals and tubers,Maize (white),67,KG,actual,Wholesale,MXN,3.9,0.3
2009-08-15,Puebla,San Andres Cholula,Puebla,2626,19.01,-98.2,pulses and nuts,"Beans (black, Veracruz)",565,KG,actual,Wholesale,MXN,17.62,1.37
2009-08-15,Puebla,San Andres Cholula,Puebla,2626,19.01,-98.2,pulses and nuts,"Beans (black, imported)",567,KG,actual,Wholesale,MXN,16.62,1.29
2009-08-15,Sinaloa,Culiacan,Culiacán,2629,24.8,-107.39,cereals and tubers,Maize (white),67,KG,actual,Wholesale,MXN,3.8,0.29
2009-08-15,Veracruz,Xico,Xalapa,2625,19.54,-96.93,cereals and tubers,Maize (white),67,KG,actual,Wholesale,MXN,4,0.31
2009-08-15,Veracruz,Xico,Xalapa,2625,19.54,-96.93,pulses and nuts,"Beans (black, imported)",567,KG,actual,Wholesale,MXN,19.12,1.48
2009-09-15,Distrito Federal,Cuauhtemoc,Mexico City,2627,19.41,-99.13,cereals and tubers,Maize (white),67,KG,actual,Wholesale,MXN,3.83,0.29
2009-09-15,Distrito Federal,Cuauhtemoc,Mexico City,2627,19.41,-99.13,cereals and tubers,"Rice (long grain, Sinaloa)",591,KG,actual,Wholesale,MXN,10.1,0.76
2009-09-15,Distrito Federal,Cuauhtemoc,Mexico City,2627,19.41,-99.13,cereals and tubers,"Rice (small grain, Morelos)",596,KG,actual,Wholesale,MXN,23,1.73
2009-09-15,Distrito Federal,Cuauhtemoc,Mexico City,2627,19.41,-99.13,cereals and tubers,Tortilla,143,KG,actual,Retail,MXN,8.65,0.65
2009-09-15,Distrito Federal,Cuauhtemoc,Mexico City,2627,19.41,-99.13,pulses and nuts,"Beans (black, Zacatecas)",566,KG,actual,Wholesale,MXN,17.42,1.31
2009-09-15,Distrito Federal,Cuauhtemoc,Mexico City,2627,19.41,-99.13,pulses and nuts,"Beans (black, imported)",567,KG,actual,Wholesale,MXN,17.9,1.35
2009-09-15,Jalisco,Guadalajara,Guadalajara,2628,20.68,-103.35,cereals and tubers,Maize (white),67,KG,actual,Wholesale,MXN,3.5,0.26
2009-09-15,Jalisco,Guadalajara,Guadalajara,2628,20.68,-103.35,cereals and tubers,"Rice (long grain, Sinaloa)",591,KG,actual,Wholesale,MXN,9.58,0.72
2009-09-15,Puebla,San Andres Cholula,Puebla,2626,19.01,-98.2,cereals and tubers,Maize (white),67,KG,actual,Wholesale,MXN,3.9,0.29
2009-09-15,Puebla,San Andres Cholula,Puebla,2626,19.01,-98.2,cereals and tubers,"Rice (small grain, Morelos)",596,KG,actual,Wholesale,MXN,18.8,1.41
2009-09-15,Puebla,San Andres Cholula,Puebla,2626,19.01,-98.2,pulses and nuts,"Beans (black, Veracruz)",565,KG,actual,Wholesale,MXN,17.8,1.34
2009-09-15,Sinaloa,Culiacan,Culiacán,2629,24.8,-107.39,cereals and tubers,Maize (white),67,KG,actual,Wholesale,MXN,3.08,0.23
2009-09-15,Veracruz,Xico,Xalapa,2625,19.54,-96.93,pulses and nuts,"Beans (black, imported)",567,KG,actual,Wholesale,MXN,18.98,1.43
2009-10-15,Distrito Federal,Cuauhtemoc,Mexico City,2627,19.41,-99.13,cereals and tubers,Maize (white),67,KG,actual,Wholesale,MXN,3.86,0.29
2009-10-15,Distrito Federal,Cuauhtemoc,Mexico City,2627,19.41,-99.13,cereals and tubers,"Rice (small grain, Morelos)",596,KG,actual,Wholesale,MXN,22.88,1.75
2009-10-15,Distrito Federal,Cuauhtemoc,Mexico City,2627,19.41,-99.13,cereals and tubers,Tortilla,143,KG,actual,Retail,MXN,8.65,0.66
2009-10-15,Distrito Federal,Cuauhtemoc,Mexico City,2627,19.41,-99.13,pulses and nuts,"Beans (black, Veracruz)",565,KG,actual,Wholesale,MXN,17,1.3
2009-10-15,Distrito Federal,Cuauhtemoc,Mexico City,2627,19.41,-99.13,pulses and nuts,"Beans (black, imported)",567,KG,actual,Wholesale,MXN,17.5,1.34
2009-10-15,Jalisco,Guadalajara,Guadalajara,2628,20.68,-103.35,cereals and tubers,Maize (white),67,KG,actual,Wholesale,MXN,3.45,0.26
2009-10-15,Puebla,San Andres Cholula,Puebla,2626,19.01,-98.2,cereals and tubers,Maize (white),67,KG,actual,Wholesale,MXN,3.9,0.3
2009-10-15,Puebla,San Andres Cholula,Puebla,2626,19.01,-98.2,cereals and tubers,"Rice (small grain, Morelos)",596,KG,actual,Wholesale,MXN,18.62,1.42
2009-10-15,Puebla,San Andres Cholula,Puebla,2626,19.01,-98.2,pulses and nuts,"Beans (black, Veracruz)",565,KG,actual,Wholesale,MXN,17.25,1.32
2009-10-15,Puebla,San Andres Cholula,Puebla,2626,19.01,-98.2,pulses and nuts,"Beans (black, imported)",567,KG,actual,Wholesale,MXN,17,1.3
2009-10-15,Sinaloa,Culiacan,Culiacán,2629,24.8,-107.39,cereals and tubers,Maize (white),67,KG,actual,Wholesale,MXN,3.15,0.24
2009-10-15,Veracruz,Xico,Xalapa,2625,19.54,-96.93,cereals and tubers,Maize (white),67,KG,actual,Wholesale,MXN,4,0.31
2009-10-15,Veracruz,Xico,Xalapa,2625,19.54,-96.93,pulses and nuts,"Beans (black, imported)",567,KG,actual,Wholesale,MXN,18.62,1.42
2009-11-15,Distrito Federal,Cuauhtemoc,Mexico City,2627,19.41,-99.13,cereals and tubers,Maize (white),67,KG,actual,Wholesale,MXN,3.9,0.3
2009-11-15,Distrito Federal,Cuauhtemoc,Mexico City,2627,19.41,-99.13,cereals and tubers,"Rice (long grain, Sinaloa)",591,KG,actual,Wholesale,MXN,9.6,0.74
2009-11-15,Distrito Federal,Cuauhtemoc,Mexico City,2627,19.41,-99.13,cereals and tubers,"Rice (small grain, Morelos)",596,KG,actual,Wholesale,MXN,22.38,1.72
2009-11-15,Distrito Federal,Cuauhtemoc,Mexico City,2627,19.41,-99.13,cereals and tubers,Tortilla,143,KG,actual,Retail,MXN,8.65,0.67
2009-11-15,Distrito Federal,Cuauhtemoc,Mexico City,2627,19.41,-99.13,pulses and nuts,"Beans (black, imported)",567,KG,actual,Wholesale,MXN,17.25,1.33
2009-11-15,Jalisco,Guadalajara,Guadalajara,2628,20.68,-103.35,cereals and tubers,Maize (white),67,KG,actual,Wholesale,MXN,3.5,0.27
2009-11-15,Puebla,San Andres Cholula,Puebla,2626,19.01,-98.2,cereals and tubers,Maize (white),67,KG,actual,Wholesale,MXN,3.9,0.3
2009-11-15,Puebla,San Andres Cholula,Puebla,2626,19.01,-98.2,cereals and tubers,"Rice (small grain, Morelos)",596,KG,actual,Wholesale,MXN,18.5,1.42
2009-11-15,Puebla,San Andres Cholula,Puebla,2626,19.01,-98.2,pulses and nuts,"Beans (black, Veracruz)",565,KG,actual,Wholesale,MXN,16.38,1.26
2009-11-15,Puebla,San Andres Cholula,Puebla,2626,19.01,-98.2,pulses and nuts,"Beans (black, imported)",567,KG,actual,Wholesale,MXN,16.88,1.3
2009-11-15,Sinaloa,Culiacan,Culiacán,2629,24.8,-107.39,cereals and tubers,Maize (white),67,KG,actual,Wholesale,MXN,3.2,0.25
2009-11-15,Veracruz,Xico,Xalapa,2625,19.54,-96.93,cereals and tubers,Maize (white),67,KG,actual,Wholesale,MXN,3.8,0.29
2009-11-15,Veracruz,Xico,Xalapa,2625,19.54,-96.93,pulses and nuts,"Beans (black, imported)",567,KG,actual,Wholesale,MXN,18.5,1.42
2009-12-15,Distrito Federal,Cuauhtemoc,Mexico City,2627,19.41,-99.13,cereals and tubers,Maize (white),67,KG,actual,Wholesale,MXN,3.84,0.3
2009-12-15,Distrito Federal,Cuauhtemoc,Mexico City,2627,19.41,-99.13,cereals and tubers,"Rice (small grain, Morelos)",596,KG,actual,Wholesale,MXN,22,1.73
2009-12-15,Distrito Federal,Cuauhtemoc,Mexico City,2627,19.41,-99.13,cereals and tubers,Tortilla,143,KG,actual,Retail,MXN,8.66,0.68
2009-12-15,Distrito Federal,Cuauhtemoc,Mexico City,2627,19.41,-99.13,pulses and nuts,"Beans (black, imported)",567,KG,actual,Wholesale,MXN,17.54,1.38
2009-12-15,Jalisco,Guadalajara,Guadalajara,2628,20.68,-103.35,cereals and tubers,Maize (white),67,KG,actual,Wholesale,MXN,3.5,0.28
2009-12-15,Jalisco,Guadalajara,Guadalajara,2628,20.68,-103.35,cereals and tubers,"Rice (long grain, Sinaloa)",591,KG,actual,Wholesale,MXN,9.7,0.76
2009-12-15,Puebla,San Andres Cholula,Puebla,2626,19.01,-98.2,cereals and tubers,Maize (white),67,KG,actual,Wholesale,MXN,3.92,0.31
2009-12-15,Puebla,San Andres Cholula,Puebla,2626,19.01,-98.2,cereals and tubers,"Rice (small grain, Morelos)",596,KG,actual,Wholesale,MXN,18.5,1.46
2009-12-15,Puebla,San Andres Cholula,Puebla,2626,19.01,-98.2,pulses and nuts,"Beans (black, Veracruz)",565,KG,actual,Wholesale,MXN,18.4,1.45
2009-12-15,Puebla,San Andres Cholula,Puebla,2626,19.01,-98.2,pulses and nuts,"Beans (black, imported)",567,KG,actual,Wholesale,MXN,16.8,1.32
2009-12-15,Sinaloa,Culiacan,Culiacán,2629,24.8,-107.39,cereals and tubers,Maize (white),67,KG,actual,Wholesale,MXN,3.25,0.26
2009-12-15,Veracruz,Xico,Xalapa,2625,19.54,-96.93,pulses and nuts,"Beans (black, imported)",567,KG,actual,Wholesale,MXN,17.66,1.39
2010-01-15,Distrito Federal,Cuauhtemoc,Mexico City,2627,19.41,-99.13,cereals and tubers,Maize (white),67,KG,actual,Wholesale,MXN,3.85,0.3
2010-01-15,Distrito Federal,Cuauhtemoc,Mexico City,2627,19.41,-99.13,cereals and tubers,"Rice (long grain, Sinaloa)",591,KG,actual,Wholesale,MXN,9.72,0.77
2010-01-15,Distrito Federal,Cuauhtemoc,Mexico City,2627,19.41,-99.13,cereals and tubers,"Rice (small grain, Morelos)",596,KG,actual,Wholesale,MXN,21.38,1.68
2010-01-15,Distrito Federal,Cuauhtemoc,Mexico City,2627,19.41,-99.13,cereals and tubers,Tortilla,143,KG,actual,Retail,MXN,8.67,0.68
2010-01-15,Distrito Federal,Cuauhtemoc,Mexico City,2627,19.41,-99.13,pulses and nuts,"Beans (black, Veracruz)",565,KG,actual,Wholesale,MXN,16,1.26
2010-01-15,Distrito Federal,Cuauhtemoc,Mexico City,2627,19.41,-99.13,pulses and nuts,"Beans (black, imported)",567,KG,actual,Wholesale,MXN,16.95,1.33
2010-01-15,Jalisco,Guadalajara,Guadalajara,2628,20.68,-103.35,cereals and tubers,Maize (white),67,KG,actual,Wholesale,MXN,3.52,0.28
2010-01-15,Jalisco,Guadalajara,Guadalajara,2628,20.68,-103.35,cereals and tubers,"Rice (long grain, Sinaloa)",591,KG,actual,Wholesale,MXN,9.7,0.76
2010-01-15,Puebla,San Andres Cholula,Puebla,2626,19.01,-98.2,cereals and tubers,Maize (white),67,KG,actual,Wholesale,MXN,4,0.31
2010-01-15,Puebla,San Andres Cholula,Puebla,2626,19.01,-98.2,cereals and tubers,"Rice (small grain, Morelos)",596,KG,actual,Wholesale,MXN,19,1.5
2010-01-15,Puebla,San Andres Cholula,Puebla,2626,19.01,-98.2,pulses and nuts,"Beans (black, Veracruz)",565,KG,actual,Wholesale,MXN,17.25,1.36
2010-01-15,Puebla,San Andres Cholula,Puebla,2626,19.01,-98.2,pulses and nuts,"Beans (black, imported)",567,KG,actual,Wholesale,MXN,16.5,1.3
2010-01-15,Sinaloa,Culiacan,Culiacán,2629,24.8,-107.39,cereals and tubers,Maize (white),67,KG,actual,Wholesale,MXN,3.43,0.27
2010-01-15,Veracruz,Xico,Xalapa,2625,19.54,-96.93,cereals and tubers,Maize (white),67,KG,actual,Wholesale,MXN,3.65,0.29
2010-02-15,Distrito Federal,Cuauhtemoc,Mexico City,2627,19.41,-99.13,cereals and tubers,Maize (white),67,KG,actual,Wholesale,MXN,3.86,0.3
2010-02-15,Distrito Federal,Cuauhtemoc,Mexico City,2627,19.41,-99.13,cereals and tubers,"Rice (long grain, Sinaloa)",591,KG,actual,Wholesale,MXN,9.65,0.75
2010-02-15,Distrito Federal,Cuauhtemoc,Mexico City,2627,19.41,-99.13,cereals and tubers,Tortilla,143,KG,actual,Retail,MXN,8.7,0.67
2010-02-15,Distrito Federal,Cuauhtemoc,Mexico City,2627,19.41,-99.13,pulses and nuts,"Beans (black, Veracruz)",565,KG,actual,Wholesale,MXN,15.9,1.23
2010-02-15,Distrito Federal,Cuauhtemoc,Mexico City,2627,19.41,-99.13,pulses and nuts,"Beans (black, imported)",567,KG,actual,Wholesale,MXN,16.78,1.3
2010-02-15,Jalisco,Guadalajara,Guadalajara,2628,20.68,-103.35,cereals and tubers,Maize (white),67,KG,actual,Wholesale,MXN,3.6,0.28
2010-02-15,Jalisco,Guadalajara,Guadalajara,2628,20.68,-103.35,cereals and tubers,"Rice (long grain, Sinaloa)",591,KG,actual,Wholesale,MXN,9.7,0.75
2010-02-15,Puebla,San Andres Cholula,Puebla,2626,19.01,-98.2,cereals and tubers,Maize (white),67,KG,actual,Wholesale,MXN,4,0.31
2010-02-15,Puebla,San Andres Cholula,Puebla,2626,19.01,-98.2,cereals and tubers,"Rice (small grain, Morelos)",596,KG,actual,Wholesale,MXN,19,1.47
2010-02-15,Puebla,San Andres Cholula,Puebla,2626,19.01,-98.2,pulses and nuts,"Beans (black, Veracruz)",565,KG,actual,Wholesale,MXN,17.38,1.35
2010-02-15,Puebla,San Andres Cholula,Puebla,2626,19.01,-98.2,pulses and nuts,"Beans (black, imported)",567,KG,actual,Wholesale,MXN,17.25,1.34
2010-02-15,Sinaloa,Culiacan,Culiacán,2629,24.8,-107.39,cereals and tubers,Maize (white),67,KG,actual,Wholesale,MXN,3.38,0.26
2010-02-15,Veracruz,Xico,Xalapa,2625,19.54,-96.93,cereals and tubers,Maize (white),67,KG,actual,Wholesale,MXN,3.65,0.28
2010-02-15,Veracruz,Xico,Xalapa,2625,19.54,-96.93,pulses and nuts,"Beans (black, imported)",567,KG,actual,Wholesale,MXN,16.78,1.3
2010-03-15,Distrito Federal,Cuauhtemoc,Mexico City,2627,19.41,-99.13,cereals and tubers,Maize (white),67,KG,actual,Wholesale,MXN,3.88,0.31
2010-03-15,Distrito Federal,Cuauhtemoc,Mexico City,2627,19.41,-99.13,cereals and tubers,"Rice (long grain, Sinaloa)",591,KG,actual,Wholesale,MXN,9.44,0.75
2010-03-15,Distrito Federal,Cuauhtemoc,Mexico City,2627,19.41,-99.13,cereals and tubers,"Rice (small grain, Morelos)",596,KG,actual,Wholesale,MXN,21,1.67
2010-03-15,Distrito Federal,Cuauhtemoc,Mexico City,2627,19.41,-99.13,cereals and tubers,Tortilla,143,KG,actual,Retail,MXN,8.7,0.69
2010-03-15,Distrito Federal,Cuauhtemoc,Mexico City,2627,19.41,-99.13,pulses and nuts,"Beans (black, Veracruz)",565,KG,actual,Wholesale,MXN,15.62,1.25
2010-03-15,Distrito Federal,Cuauhtemoc,Mexico City,2627,19.41,-99.13,pulses and nuts,"Beans (black, imported)",567,KG,actual,Wholesale,MXN,16.84,1.34
2010-03-15,Jalisco,Guadalajara,Guadalajara,2628,20.68,-103.35,cereals and tubers,Maize (white),67,KG,actual,Wholesale,MXN,3.6,0.29
2010-03-15,Jalisco,Guadalajara,Guadalajara,2628,20.68,-103.35,cereals and tubers,"Rice (long grain, Sinaloa)",591,KG,actual,Wholesale,MXN,9.7,0.77
2010-03-15,Puebla,San Andres Cholula,Puebla,2626,19.01,-98.2,cereals and tubers,Maize (white),67,KG,actual,Wholesale,MXN,4,0.32
2010-03-15,Puebla,San Andres Cholula,Puebla,2626,19.01,-98.2,cereals and tubers,"Rice (small grain, Morelos)",596,KG,actual,Wholesale,MXN,19,1.52
2010-03-15,Puebla,San Andres Cholula,Puebla,2626,19.01,-98.2,pulses and nuts,"Beans (black, Veracruz)",565,KG,actual,Wholesale,MXN,17.2,1.37
2010-03-15,Puebla,San Andres Cholula,Puebla,2626,19.01,-98.2,pulses and nuts,"Beans (black, imported)",567,KG,actual,Wholesale,MXN,16.5,1.32
2010-03-15,Sinaloa,Culiacan,Culiacán,2629,24.8,-107.39,cereals and tubers,Maize (white),67,KG,actual,Wholesale,MXN,3.44,0.27
2010-03-15,Veracruz,Xico,Xalapa,2625,19.54,-96.93,cereals and tubers,Maize (white),67,KG,actual,Wholesale,MXN,3.68,0.29
2010-04-15,Distrito Federal,Cuauhtemoc,Mexico City,2627,19.41,-99.13,cereals and tubers,Maize (white),67,KG,actual,Wholesale,MXN,3.84,0.32
2010-04-15,Distrito Federal,Cuauhtemoc,Mexico City,2627,19.41,-99.13,cereals and tubers,"Rice (long grain, Sinaloa)",591,KG,actual,Wholesale,MXN,9.38,0.77
2010-04-15,Distrito Federal,Cuauhtemoc,Mexico City,2627,19.41,-99.13,cereals and tubers,"Rice (small grain, Morelos)",596,KG,actual,Wholesale,MXN,21,1.73
2010-04-15,Distrito Federal,Cuauhtemoc,Mexico City,2627,19.41,-99.13,cereals and tubers,Tortilla,143,KG,actual,Retail,MXN,8.7,0.71
2010-04-15,Distrito Federal,Cuauhtemoc,Mexico City,2627,19.41,-99.13,pulses and nuts,"Beans (black, Veracruz)",565,KG,actual,Wholesale,MXN,15.12,1.24
2010-04-15,Distrito Federal,Cuauhtemoc,Mexico City,2627,19.41,-99.13,pulses and nuts,"Beans (black, imported)",567,KG,actual,Wholesale,MXN,16.7,1.37
2010-04-15,Jalisco,Guadalajara,Guadalajara,2628,20.68,-103.35,cereals and tubers,Maize (white),67,KG,actual,Wholesale,MXN,3.6,0.3
2010-04-15,Jalisco,Guadalajara,Guadalajara,2628,20.68,-103.35,cereals and tubers,"Rice (long grain, Sinaloa)",591,KG,actual,Wholesale,MXN,9.18,0.75
2010-04-15,Puebla,San Andres Cholula,Puebla,2626,19.01,-98.2,cereals and tubers,Maize (white),67,KG,actual,Wholesale,MXN,4,0.33
2010-04-15,Puebla,San Andres Cholula,Puebla,2626,19.01,-98.2,cereals and tubers,"Rice (small grain, Morelos)",596,KG,actual,Wholesale,MXN,18.88,1.55
2010-04-15,Puebla,San Andres Cholula,Puebla,2626,19.01,-98.2,pulses and nuts,"Beans (black, Veracruz)",565,KG,actual,Wholesale,MXN,18,1.48
2010-04-15,Puebla,San Andres Cholula,Puebla,2626,19.01,-98.2,pulses and nuts,"Beans (black, imported)",567,KG,actual,Wholesale,MXN,16.5,1.36
2010-04-15,Sinaloa,Culiacan,Culiacán,2629,24.8,-107.39,cereals and tubers,Maize (white),67,KG,actual,Wholesale,MXN,3.52,0.29
2010-04-15,Veracruz,Xico,Xalapa,2625,19.54,-96.93,cereals and tubers,Maize (white),67,KG,actual,Wholesale,MXN,3.75,0.31
2010-04-15,Veracruz,Xico,Xalapa,2625,19.54,-96.93,pulses and nuts,"Beans (black, imported)",567,KG,actual,Wholesale,MXN,16.75,1.38
2010-05-15,Distrito Federal,Cuauhtemoc,Mexico City,2627,19.41,-99.13,cereals and tubers,Maize (white),67,KG,actual,Wholesale,MXN,3.87,0.31
2010-05-15,Distrito Federal,Cuauhtemoc,Mexico City,2627,19.41,-99.13,cereals and tubers,"Rice (long grain, Sinaloa)",591,KG,actual,Wholesale,MXN,9.5,0.75
2010-05-15,Distrito Federal,Cuauhtemoc,Mexico City,2627,19.41,-99.13,cereals and tubers,"Rice (small grain, Morelos)",596,KG,actual,Wholesale,MXN,21.25,1.69
2010-05-15,Distrito Federal,Cuauhtemoc,Mexico City,2627,19.41,-99.13,cereals and tubers,Tortilla,143,KG,actual,Retail,MXN,8.7,0.69
2010-05-15,Distrito Federal,Cuauhtemoc,Mexico City,2627,19.41,-99.13,pulses and nuts,"Beans (black, Veracruz)",565,KG,actual,Wholesale,MXN,15.32,1.22
2010-05-15,Jalisco,Guadalajara,Guadalajara,2628,20.68,-103.35,cereals and tubers,"Rice (long grain, Sinaloa)",591,KG,actual,Wholesale,MXN,8.88,0.71
2010-05-15,Puebla,San Andres Cholula,Puebla,2626,19.01,-98.2,cereals and tubers,Maize (white),67,KG,actual,Wholesale,MXN,4,0.32
2010-05-15,Puebla,San Andres Cholula,Puebla,2626,19.01,-98.2,cereals and tubers,"Rice (small grain, Morelos)",596,KG,actual,Wholesale,MXN,18.5,1.47
2010-05-15,Puebla,San Andres Cholula,Puebla,2626,19.01,-98.2,pulses and nuts,"Beans (black, Veracruz)",565,KG,actual,Wholesale,MXN,17,1.35
2010-05-15,Puebla,San Andres Cholula,Puebla,2626,19.01,-98.2,pulses and nuts,"Beans (black, imported)",567,KG,actual,Wholesale,MXN,16,1.27
2010-05-15,Sinaloa,Culiacan,Culiacán,2629,24.8,-107.39,cereals and tubers,Maize (white),67,KG,actual,Wholesale,MXN,3.5,0.28
2010-05-15,Veracruz,Xico,Xalapa,2625,19.54,-96.93,cereals and tubers,Maize (white),67,KG,actual,Wholesale,MXN,3.73,0.3
2010-05-15,Veracruz,Xico,Xalapa,2625,19.54,-96.93,pulses and nuts,"Beans (black, imported)",567,KG,actual,Wholesale,MXN,16.83,1.34
2010-06-15,Distrito Federal,Cuauhtemoc,Mexico City,2627,19.41,-99.13,cereals and tubers,Maize (white),67,KG,actual,Wholesale,MXN,3.73,0.3
2010-06-15,Distrito Federal,Cuauhtemoc,Mexico City,2627,19.41,-99.13,cereals and tubers,"Rice (long grain, Sinaloa)",591,KG,actual,Wholesale,MXN,8.98,0.71
2010-06-15,Distrito Federal,Cuauhtemoc,Mexico City,2627,19.41,-99.13,cereals and tubers,"Rice (small grain, Morelos)",596,KG,actual,Wholesale,MXN,20.4,1.62
2010-06-15,Distrito Federal,Cuauhtemoc,Mexico City,2627,19.41,-99.13,cereals and tubers,Tortilla,143,KG,actual,Retail,MXN,8.69,0.69
2010-06-15,Distrito Federal,Cuauhtemoc,Mexico City,2627,19.41,-99.13,pulses and nuts,"Beans (black, Zacatecas)",566,KG,actual,Wholesale,MXN,15.18,1.21
2010-06-15,Distrito Federal,Cuauhtemoc,Mexico City,2627,19.41,-99.13,pulses and nuts,"Beans (black, imported)",567,KG,actual,Wholesale,MXN,16.16,1.29
2010-06-15,Jalisco,Guadalajara,Guadalajara,2628,20.68,-103.35,cereals and tubers,Maize (white),67,KG,actual,Wholesale,MXN,3.6,0.29
2010-06-15,Jalisco,Guadalajara,Guadalajara,2628,20.68,-103.35,cereals and tubers,"Rice (long grain, Sinaloa)",591,KG,actual,Wholesale,MXN,8.1,0.64
2010-06-15,Puebla,San Andres Cholula,Puebla,2626,19.01,-98.2,cereals and tubers,Maize (white),67,KG,actual,Wholesale,MXN,4,0.32
2010-06-15,Puebla,San Andres Cholula,Puebla,2626,19.01,-98.2,cereals and tubers,"Rice (small grain, Morelos)",596,KG,actual,Wholesale,MXN,18.2,1.45
2010-06-15,Puebla,San Andres Cholula,Puebla,2626,19.01,-98.2,pulses and nuts,"Beans (black, Veracruz)",565,KG,actual,Wholesale,MXN,17,1.35
2010-06-15,Puebla,San Andres Cholula,Puebla,2626,19.01,-98.2,pulses and nuts,"Beans (black, imported)",567,KG,actual,Wholesale,MXN,16,1.27
2010-06-15,Sinaloa,Culiacan,Culiacán,2629,24.8,-107.39,cereals and tubers,Maize (white),67,KG,actual,Wholesale,MXN,3.44,0.27
2010-06-15,Veracruz,Xico,Xalapa,2625,19.54,-96.93,cereals and tubers,Maize (white),67,KG,actual,Wholesale,MXN,4.68,0.37
2010-06-15,Veracruz,Xico,Xalapa,2625,19.54,-96.93,pulses and nuts,"Beans (black, imported)",567,KG,actual,Wholesale,MXN,16.8,1.34
2010-07-15,Distrito Federal,Cuauhtemoc,Mexico City,2627,19.41,-99.13,cereals and tubers,Maize (white),67,KG,actual,Wholesale,MXN,3.81,0.3
2010-07-15,Distrito Federal,Cuauhtemoc,Mexico City,2627,19.41,-99.13,cereals and tubers,"Rice (long grain, Sinaloa)",591,KG,actual,Wholesale,MXN,8.82,0.69
2010-07-15,Distrito Federal,Cuauhtemoc,Mexico City,2627,19.41,-99.13,cereals and tubers,"Rice (small grain, Morelos)",596,KG,actual,Wholesale,MXN,20.88,1.64
2010-07-15,Distrito Federal,Cuauhtemoc,Mexico City,2627,19.41,-99.13,cereals and tubers,Tortilla,143,KG,actual,Retail,MXN,8.69,0.68
2010-07-15,Distrito Federal,Cuauhtemoc,Mexico City,2627,19.41,-99.13,pulses and nuts,"Beans (black, imported)",567,KG,actual,Wholesale,MXN,15.95,1.25
2010-07-15,Jalisco,Guadalajara,Guadalajara,2628,20.68,-103.35,cereals and tubers,Maize (white),67,KG,actual,Wholesale,MXN,3.45,0.27
2010-07-15,Puebla,San Andres Cholula,Puebla,2626,19.01,-98.2,cereals and tubers,Maize (white),67,KG,actual,Wholesale,MXN,4,0.31
2010-07-15,Puebla,San Andres Cholula,Puebla,2626,19.01,-98.2,cereals and tubers,"Rice (small grain, Morelos)",596,KG,actual,Wholesale,MXN,18,1.41
2010-07-15,Puebla,San Andres Cholula,Puebla,2626,19.01,-98.2,pulses and nuts,"Beans (black, Veracruz)",565,KG,actual,Wholesale,MXN,18,1.41
2010-07-15,Puebla,San Andres Cholula,Puebla,2626,19.01,-98.2,pulses and nuts,"Beans (black, imported)",567,KG,actual,Wholesale,MXN,15.88,1.24
2010-07-15,Sinaloa,Culiacan,Culiacán,2629,24.8,-107.39,cereals and tubers,Maize (white),67,KG,actual,Wholesale,MXN,3.05,0.24
2010-07-15,Veracruz,Xico,Xalapa,2625,19.54,-96.93,cereals and tubers,Maize (white),67,KG,actual,Wholesale,MXN,3.9,0.31
2010-08-15,Distrito Federal,Cuauhtemoc,Mexico City,2627,19.41,-99.13,cereals and tubers,Maize (white),67,KG,actual,Wholesale,MXN,3.85,0.3
2010-08-15,Distrito Federal,Cuauhtemoc,Mexico City,2627,19.41,-99.13,cereals and tubers,"Rice (long grain, Sinaloa)",591,KG,actual,Wholesale,MXN,8.48,0.67
2010-08-15,Distrito Federal,Cuauhtemoc,Mexico City,2627,19.41,-99.13,cereals and tubers,"Rice (small grain, Morelos)",596,KG,actual,Wholesale,MXN,19.38,1.53
2010-08-15,Distrito Federal,Cuauhtemoc,Mexico City,2627,19.41,-99.13,cereals and tubers,Tortilla,143,KG,actual,Retail,MXN,8.69,0.69
2010-08-15,Distrito Federal,Cuauhtemoc,Mexico City,2627,19.41,-99.13,pulses and nuts,"Beans (black, Zacatecas)",566,KG,actual,Wholesale,MXN,14.68,1.16
2010-08-15,Jalisco,Guadalajara,Guadalajara,2628,20.68,-103.35,cereals and tubers,Maize (white),67,KG,actual,Wholesale,MXN,3.52,0.28
2010-08-15,Jalisco,Guadalajara,Guadalajara,2628,20.68,-103.35,cereals and tubers,"Rice (long grain, Sinaloa)",591,KG,actual,Wholesale,MXN,7.62,0.6
2010-08-15,Puebla,San Andres Cholula,Puebla,2626,19.01,-98.2,cereals and tubers,Maize (white),67,KG,actual,Wholesale,MXN,4,0.32
2010-08-15,Puebla,San Andres Cholula,Puebla,2626,19.01,-98.2,pulses and nuts,"Beans (black, Veracruz)",565,KG,actual,Wholesale,MXN,17.88,1.41
2010-08-15,Puebla,San Andres Cholula,Puebla,2626,19.01,-98.2,pulses and nuts,"Beans (black, imported)",567,KG,actual,Wholesale,MXN,15.25,1.2
2010-08-15,Sinaloa,Culiacan,Culiacán,2629,24.8,-107.39,cereals and tubers,Maize (white),67,KG,actual,Wholesale,MXN,3.75,0.3
2010-08-15,Veracruz,Xico,Xalapa,2625,19.54,-96.93,cereals and tubers,Maize (white),67,KG,actual,Wholesale,MXN,3.9,0.31
2010-08-15,Veracruz,Xico,Xalapa,2625,19.54,-96.93,pulses and nuts,"Beans (black, imported)",567,KG,actual,Wholesale,MXN,15.68,1.24
2010-09-15,Distrito Federal,Cuauhtemoc,Mexico City,2627,19.41,-99.13,cereals and tubers,Maize (white),67,KG,actual,Wholesale,MXN,3.86,0.3
2010-09-15,Distrito Federal,Cuauhtemoc,Mexico City,2627,19.41,-99.13,cereals and tubers,"Rice (long grain, Sinaloa)",591,KG,actual,Wholesale,MXN,8.2,0.64
2010-09-15,Distrito Federal,Cuauhtemoc,Mexico City,2627,19.41,-99.13,cereals and tubers,"Rice (small grain, Morelos)",596,KG,actual,Wholesale,MXN,19,1.49
2010-09-15,Distrito Federal,Cuauhtemoc,Mexico City,2627,19.41,-99.13,cereals and tubers,Tortilla,143,KG,actual,Retail,MXN,8.69,0.68
2010-09-15,Distrito Federal,Cuauhtemoc,Mexico City,2627,19.41,-99.13,pulses and nuts,"Beans (black, Veracruz)",565,KG,actual,Wholesale,MXN,12.88,1.01
2010-09-15,Distrito Federal,Cuauhtemoc,Mexico City,2627,19.41,-99.13,pulses and nuts,"Beans (black, imported)",567,KG,actual,Wholesale,MXN,14.46,1.13
2010-09-15,Jalisco,Guadalajara,Guadalajara,2628,20.68,-103.35,cereals and tubers,Maize (white),67,KG,actual,Wholesale,MXN,3.6,0.28
2010-09-15,Jalisco,Guadalajara,Guadalajara,2628,20.68,-103.35,cereals and tubers,"Rice (long grain, Sinaloa)",591,KG,actual,Wholesale,MXN,8,0.63
2010-09-15,Puebla,San Andres Cholula,Puebla,2626,19.01,-98.2,cereals and tubers,Maize (white),67,KG,actual,Wholesale,MXN,4,0.31
2010-09-15,Puebla,San Andres Cholula,Puebla,2626,19.01,-98.2,cereals and tubers,"Rice (small grain, Morelos)",596,KG,actual,Wholesale,MXN,17.4,1.36
2010-09-15,Puebla,San Andres Cholula,Puebla,2626,19.01,-98.2,pulses and nuts,"Beans (black, Veracruz)",565,KG,actual,Wholesale,MXN,16.8,1.31
2010-09-15,Puebla,San Andres Cholula,Puebla,2626,19.01,-98.2,pulses and nuts,"Beans (black, imported)",567,KG,actual,Wholesale,MXN,14.2,1.11
2010-09-15,Sinaloa,Culiacan,Culiacán,2629,24.8,-107.39,cereals and tubers,Maize (white),67,KG,actual,Wholesale,MXN,3.66,0.29
2010-09-15,Veracruz,Xico,Xalapa,2625,19.54,-96.93,cereals and tubers,Maize (white),67,KG,actual,Wholesale,MXN,3.72,0.29
2010-09-15,Veracruz,Xico,Xalapa,2625,19.54,-96.93,pulses and nuts,"Beans (black, imported)",567,KG,actual,Wholesale,MXN,14.58,1.14
2010-10-15,Distrito Federal,Cuauhtemoc,Mexico City,2627,19.41,-99.13,cereals and tubers,Maize (white),67,KG,actual,Wholesale,MXN,3.73,0.3
2010-10-15,Distrito Federal,Cuauhtemoc,Mexico City,2627,19.41,-99.13,cereals and tubers,"Rice (small grain, Morelos)",596,KG,actual,Wholesale,MXN,18.62,1.5
2010-10-15,Distrito Federal,Cuauhtemoc,Mexico City,2627,19.41,-99.13,cereals and tubers,Tortilla,143,KG,actual,Retail,MXN,8.69,0.7
2010-10-15,Distrito Federal,Cuauhtemoc,Mexico City,2627,19.41,-99.13,pulses and nuts,"Beans (black, Veracruz)",565,KG,actual,Wholesale,MXN,12.88,1.04
2010-10-15,Distrito Federal,Cuauhtemoc,Mexico City,2627,19.41,-99.13,pulses and nuts,"Beans (black, Zacatecas)",566,KG,actual,Wholesale,MXN,12.25,0.99
2010-10-15,Distrito Federal,Cuauhtemoc,Mexico City,2627,19.41,-99.13,pulses and nuts,"Beans (black, imported)",567,KG,actual,Wholesale,MXN,13.78,1.11
2010-10-15,Jalisco,Guadalajara,Guadalajara,2628,20.68,-103.35,cereals and tubers,"Rice (long grain, Sinaloa)",591,KG,actual,Wholesale,MXN,8,0.64
2010-10-15,Puebla,San Andres Cholula,Puebla,2626,19.01,-98.2,cereals and tubers,Maize (white),67,KG,actual,Wholesale,MXN,4,0.32
2010-10-15,Puebla,San Andres Cholula,Puebla,2626,19.01,-98.2,cereals and tubers,"Rice (small grain, Morelos)",596,KG,actual,Wholesale,MXN,15,1.21
2010-10-15,Puebla,San Andres Cholula,Puebla,2626,19.01,-98.2,pulses and nuts,"Beans (black, Veracruz)",565,KG,actual,Wholesale,MXN,14.5,1.17
2010-10-15,Puebla,San Andres Cholula,Puebla,2626,19.01,-98.2,pulses and nuts,"Beans (black, imported)",567,KG,actual,Wholesale,MXN,13.38,1.08
2010-10-15,Sinaloa,Culiacan,Culiacán,2629,24.8,-107.39,cereals and tubers,Maize (white),67,KG,actual,Wholesale,MXN,3.43,0.28
2010-10-15,Veracruz,Xico,Xalapa,2625,19.54,-96.93,cereals and tubers,Maize (white),67,KG,actual,Wholesale,MXN,3.75,0.3
2010-10-15,Veracruz,Xico,Xalapa,2625,19.54,-96.93,pulses and nuts,"Beans (black, imported)",567,KG,actual,Wholesale,MXN,15.35,1.23
2010-11-15,Distrito Federal,Cuauhtemoc,Mexico City,2627,19.41,-99.13,cereals and tubers,Maize (white),67,KG,actual,Wholesale,MXN,3.74,0.3
2010-11-15,Distrito Federal,Cuauhtemoc,Mexico City,2627,19.41,-99.13,cereals and tubers,"Rice (small grain, Morelos)",596,KG,actual,Wholesale,MXN,18.62,1.52
2010-11-15,Distrito Federal,Cuauhtemoc,Mexico City,2627,19.41,-99.13,cereals and tubers,Tortilla,143,KG,actual,Retail,MXN,8.69,0.71
2010-11-15,Distrito Federal,Cuauhtemoc,Mexico City,2627,19.41,-99.13,pulses and nuts,"Beans (black, Veracruz)",565,KG,actual,Wholesale,MXN,12.32,1
2010-11-15,Distrito Federal,Cuauhtemoc,Mexico City,2627,19.41,-99.13,pulses and nuts,"Beans (black, Zacatecas)",566,KG,actual,Wholesale,MXN,12,0.98
2010-11-15,Distrito Federal,Cuauhtemoc,Mexico City,2627,19.41,-99.13,pulses and nuts,"Beans (black, imported)",567,KG,actual,Wholesale,MXN,13.72,1.12
2010-11-15,Jalisco,Guadalajara,Guadalajara,2628,20.68,-103.35,cereals and tubers,Maize (white),67,KG,actual,Wholesale,MXN,4,0.33
2010-11-15,Jalisco,Guadalajara,Guadalajara,2628,20.68,-103.35,cereals and tubers,"Rice (long grain, Sinaloa)",591,KG,actual,Wholesale,MXN,8.75,0.71
2010-11-15,Puebla,San Andres Cholula,Puebla,2626,19.01,-98.2,cereals and tubers,"Rice (small grain, Morelos)",596,KG,actual,Wholesale,MXN,15.5,1.26
2010-11-15,Puebla,San Andres Cholula,Puebla,2626,19.01,-98.2,pulses and nuts,"Beans (black, Veracruz)",565,KG,actual,Wholesale,MXN,14.25,1.16
2010-11-15,Puebla,San Andres Cholula,Puebla,2626,19.01,-98.2,pulses and nuts,"Beans (black, imported)",567,KG,actual,Wholesale,MXN,13.25,1.08
2010-11-15,Sinaloa,Culiacan,Culiacán,2629,24.8,-107.39,cereals and tubers,Maize (white),67,KG,actual,Wholesale,MXN,3.32,0.27
2010-11-15,Veracruz,Xico,Xalapa,2625,19.54,-96.93,cereals and tubers,Maize (white),67,KG,actual,Wholesale,MXN,3.7,0.3
2010-11-15,Veracruz,Xico,Xalapa,2625,19.54,-96.93,pulses and nuts,"Beans (black, imported)",567,KG,actual,Wholesale,MXN,14.7,1.2
2010-12-15,Distrito Federal,Cuauhtemoc,Mexico City,2627,19.41,-99.13,cereals and tubers,Maize (white),67,KG,actual,Wholesale,MXN,3.96,0.32
2010-12-15,Distrito Federal,Cuauhtemoc,Mexico City,2627,19.41,-99.13,cereals and tubers,"Rice (long grain, Sinaloa)",591,KG,actual,Wholesale,MXN,9.3,0.75
2010-12-15,Distrito Federal,Cuauhtemoc,Mexico City,2627,19.41,-99.13,cereals and tubers,"Rice (small grain, Morelos)",596,KG,actual,Wholesale,MXN,18.5,1.48
2010-12-15,Distrito Federal,Cuauhtemoc,Mexico City,2627,19.41,-99.13,cereals and tubers,Tortilla,143,KG,actual,Retail,MXN,8.7,0.7
2010-12-15,Distrito Federal,Cuauhtemoc,Mexico City,2627,19.41,-99.13,pulses and nuts,"Beans (black, Veracruz)",565,KG,actual,Wholesale,MXN,11.9,0.96
2010-12-15,Distrito Federal,Cuauhtemoc,Mexico City,2627,19.41,-99.13,pulses and nuts,"Beans (black, Zacatecas)",566,KG,actual,Wholesale,MXN,11.6,0.93
2010-12-15,Jalisco,Guadalajara,Guadalajara,2628,20.68,-103.35,cereals and tubers,Maize (white),67,KG,actual,Wholesale,MXN,4,0.32
2010-12-15,Puebla,San Andres Cholula,Puebla,2626,19.01,-98.2,cereals and tubers,Maize (white),67,KG,actual,Wholesale,MXN,4,0.32
2010-12-15,Puebla,San Andres Cholula,Puebla,2626,19.01,-98.2,cereals and tubers,"Rice (small grain, Morelos)",596,KG,actual,Wholesale,MXN,16.8,1.35
2010-12-15,Puebla,San Andres Cholula,Puebla,2626,19.01,-98.2,pulses and nuts,"Beans (black, Veracruz)",565,KG,actual,Wholesale,MXN,14.9,1.2
2010-12-15,Puebla,San Andres Cholula,Puebla,2626,19.01,-98.2,pulses and nuts,"Beans (black, imported)",567,KG,actual,Wholesale,MXN,13.9,1.12
2010-12-15,Sinaloa,Culiacan,Culiacán,2629,24.8,-107.39,cereals and tubers,Maize (white),67,KG,actual,Wholesale,MXN,3.4,0.27
2010-12-15,Veracruz,Xico,Xalapa,2625,19.54,-96.93,pulses and nuts,"Beans (black, imported)",567,KG,actual,Wholesale,MXN,14.16,1.14
2011-01-15,Distrito Federal,Cuauhtemoc,Mexico City,2627,19.41,-99.13,cereals and tubers,"Rice (long grain, Sinaloa)",591,KG,actual,Wholesale,MXN,10.45,0.87
2011-01-15,Distrito Federal,Cuauhtemoc,Mexico City,2627,19.41,-99.13,cereals and tubers,"Rice (small grain, Morelos)",596,KG,actual,Wholesale,MXN,18,1.5
2011-01-15,Distrito Federal,Cuauhtemoc,Mexico City,2627,19.41,-99.13,cereals and tubers,Tortilla,143,KG,actual,Retail,MXN,8.97,0.75
2011-01-15,Distrito Federal,Cuauhtemoc,Mexico City,2627,19.41,-99.13,pulses and nuts,"Beans (black, Veracruz)",565,KG,actual,Wholesale,MXN,11.5,0.96
2011-01-15,Distrito Federal,Cuauhtemoc,Mexico City,2627,19.41,-99.13,pulses and nuts,"Beans (black, Zacatecas)",566,KG,actual,Wholesale,MXN,11.5,0.96
2011-01-15,Distrito Federal,Cuauhtemoc,Mexico City,2627,19.41,-99.13,pulses and nuts,"Beans (black, imported)",567,KG,actual,Wholesale,MXN,13.82,1.15
2011-01-15,Jalisco,Guadalajara,Guadalajara,2628,20.68,-103.35,cereals and tubers,"Rice (long grain, Sinaloa)",591,KG,actual,Wholesale,MXN,9.5,0.79
2011-01-15,Puebla,San Andres Cholula,Puebla,2626,19.01,-98.2,cereals and tubers,Maize (white),67,KG,actual,Wholesale,MXN,4,0.33
2011-01-15,Puebla,San Andres Cholula,Puebla,2626,19.01,-98.2,pulses and nuts,"Beans (black, Veracruz)",565,KG,actual,Wholesale,MXN,14.62,1.22
2011-01-15,Puebla,San Andres Cholula,Puebla,2626,19.01,-98.2,pulses and nuts,"Beans (black, imported)",567,KG,actual,Wholesale,MXN,13.62,1.13
2011-01-15,Sinaloa,Culiacan,Culiacán,2629,24.8,-107.39,cereals and tubers,Maize (white),67,KG,actual,Wholesale,MXN,3.57,0.3
2011-01-15,Veracruz,Xico,Xalapa,2625,19.54,-96.93,cereals and tubers,Maize (white),67,KG,actual,Wholesale,MXN,3.85,0.32
2011-01-15,Veracruz,Xico,Xalapa,2625,19.54,-96.93,pulses and nuts,"Beans (black, imported)",567,KG,actual,Wholesale,MXN,13.95,1.16
2011-02-15,Distrito Federal,Cuauhtemoc,Mexico City,2627,19.41,-99.13,cereals and tubers,Maize (white),67,KG,actual,Wholesale,MXN,4.5,0.37
2011-02-15,Distrito Federal,Cuauhtemoc,Mexico City,2627,19.41,-99.13,cereals and tubers,"Rice (long grain, Sinaloa)",591,KG,actual,Wholesale,MXN,10.4,0.86
2011-02-15,Distrito Federal,Cuauhtemoc,Mexico City,2627,19.41,-99.13,cereals and tubers,"Rice (small grain, Morelos)",596,KG,actual,Wholesale,MXN,18,1.48
2011-02-15,Distrito Federal,Cuauhtemoc,Mexico City,2627,19.41,-99.13,cereals and tubers,Tortilla,143,KG,actual,Retail,MXN,9.45,0.78
2011-02-15,Distrito Federal,Cuauhtemoc,Mexico City,2627,19.41,-99.13,pulses and nuts,"Beans (black, Veracruz)",565,KG,actual,Wholesale,MXN,11,0.91
2011-02-15,Distrito Federal,Cuauhtemoc,Mexico City,2627,19.41,-99.13,pulses and nuts,"Beans (black, imported)",567,KG,actual,Wholesale,MXN,14.88,1.22
2011-02-15,Jalisco,Guadalajara,Guadalajara,2628,20.68,-103.35,cereals and tubers,Maize (white),67,KG,actual,Wholesale,MXN,4.38,0.36
2011-02-15,Puebla,San Andres Cholula,Puebla,2626,19.01,-98.2,cereals and tubers,Maize (white),67,KG,actual,Wholesale,MXN,4.48,0.37
2011-02-15,Puebla,San Andres Cholula,Puebla,2626,19.01,-98.2,cereals and tubers,"Rice (small grain, Morelos)",596,KG,actual,Wholesale,MXN,17,1.4
2011-02-15,Puebla,San Andres Cholula,Puebla,2626,19.01,-98.2,pulses and nuts,"Beans (black, Veracruz)",565,KG,actual,Wholesale,MXN,14.88,1.22
2011-02-15,Puebla,San Andres Cholula,Puebla,2626,19.01,-98.2,pulses and nuts,"Beans (black, imported)",567,KG,actual,Wholesale,MXN,13.75,1.13
2011-02-15,Sinaloa,Culiacan,Culiacán,2629,24.8,-107.39,cereals and tubers,Maize (white),67,KG,actual,Wholesale,MXN,4.42,0.36
2011-02-15,Veracruz,Xico,Xalapa,2625,19.54,-96.93,cereals and tubers,Maize (white),67,KG,actual,Wholesale,MXN,3.9,0.32
2011-02-15,Veracruz,Xico,Xalapa,2625,19.54,-96.93,pulses and nuts,"Beans (black, imported)",567,KG,actual,Wholesale,MXN,13.72,1.13
2011-03-15,Distrito Federal,Cuauhtemoc,Mexico City,2627,19.41,-99.13,cereals and tubers,Maize (white),67,KG,actual,Wholesale,MXN,5.47,0.46
2011-03-15,Distrito Federal,Cuauhtemoc,Mexico City,2627,19.41,-99.13,cereals and tubers,"Rice (long grain, Sinaloa)",591,KG,actual,Wholesale,MXN,10.56,0.88
2011-03-15,Distrito Federal,Cuauhtemoc,Mexico City,2627,19.41,-99.13,cereals and tubers,"Rice (small grain, Morelos)",596,KG,actual,Wholesale,MXN,17.86,1.49
2011-03-15,Distrito Federal,Cuauhtemoc,Mexico City,2627,19.41,-99.13,cereals and tubers,Tortilla,143,KG,actual,Retail,MXN,9.93,0.83
2011-03-15,Distrito Federal,Cuauhtemoc,Mexico City,2627,19.41,-99.13,pulses and nuts,"Beans (black, Veracruz)",565,KG,actual,Wholesale,MXN,11.1,0.93
2011-03-15,Distrito Federal,Cuauhtemoc,Mexico City,2627,19.41,-99.13,pulses and nuts,"Beans (black, Zacatecas)",566,KG,actual,Wholesale,MXN,11.8,0.98
2011-03-15,Distrito Federal,Cuauhtemoc,Mexico City,2627,19.41,-99.13,pulses and nuts,"Beans (black, imported)",567,KG,actual,Wholesale,MXN,15.92,1.33
2011-03-15,Jalisco,Guadalajara,Guadalajara,2628,20.68,-103.35,cereals and tubers,Maize (white),67,KG,actual,Wholesale,MXN,5.16,0.43
2011-03-15,Jalisco,Guadalajara,Guadalajara,2628,20.68,-103.35,cereals and tubers,"Rice (long grain, Sinaloa)",591,KG,actual,Wholesale,MXN,9.5,0.79
2011-03-15,Puebla,San Andres Cholula,Puebla,2626,19.01,-98.2,cereals and tubers,Maize (white),67,KG,actual,Wholesale,MXN,5.9,0.49
2011-03-15,Puebla,San Andres Cholula,Puebla,2626,19.01,-98.2,pulses and nuts,"Beans (black, Veracruz)",565,KG,actual,Wholesale,MXN,16,1.33
2011-03-15,Puebla,San Andres Cholula,Puebla,2626,19.01,-98.2,pulses and nuts,"Beans (black, imported)",567,KG,actual,Wholesale,MXN,14.9,1.24
2011-03-15,Sinaloa,Culiacan,Culiacán,2629,24.8,-107.39,cereals and tubers,Maize (white),67,KG,actual,Wholesale,MXN,5.92,0.49
2011-03-15,Veracruz,Xico,Xalapa,2625,19.54,-96.93,cereals and tubers,Maize (white),67,KG,actual,Wholesale,MXN,5.62,0.47
2011-03-15,Veracruz,Xico,Xalapa,2625,19.54,-96.93,pulses and nuts,"Beans (black, imported)",567,KG,actual,Wholesale,MXN,15.02,1.25
2011-04-15,Distrito Federal,Cuauhtemoc,Mexico City,2627,19.41,-99.13,cereals and tubers,Maize (white),67,KG,actual,Wholesale,MXN,5.5,0.47
2011-04-15,Distrito Federal,Cuauhtemoc,Mexico City,2627,19.41,-99.13,cereals and tubers,"Rice (long grain, Sinaloa)",591,KG,actual,Wholesale,MXN,10.9,0.93
2011-04-15,Distrito Federal,Cuauhtemoc,Mexico City,2627,19.41,-99.13,cereals and tubers,"Rice (small grain, Morelos)",596,KG,actual,Wholesale,MXN,17.38,1.49
2011-04-15,Distrito Federal,Cuauhtemoc,Mexico City,2627,19.41,-99.13,cereals and tubers,Tortilla,143,KG,actual,Retail,MXN,10.01,0.86
2011-04-15,Distrito Federal,Cuauhtemoc,Mexico City,2627,19.41,-99.13,pulses and nuts,"Beans (black, Veracruz)",565,KG,actual,Wholesale,MXN,11,0.94
2011-04-15,Jalisco,Guadalajara,Guadalajara,2628,20.68,-103.35,cereals and tubers,Maize (white),67,KG,actual,Wholesale,MXN,5.3,0.45
2011-04-15,Puebla,San Andres Cholula,Puebla,2626,19.01,-98.2,cereals and tubers,Maize (white),67,KG,actual,Wholesale,MXN,5.9,0.51
2011-04-15,Puebla,San Andres Cholula,Puebla,2626,19.01,-98.2,cereals and tubers,"Rice (small grain, Morelos)",596,KG,actual,Wholesale,MXN,17,1.46
2011-04-15,Puebla,San Andres Cholula,Puebla,2626,19.01,-98.2,pulses and nuts,"Beans (black, Veracruz)",565,KG,actual,Wholesale,MXN,16.25,1.39
2011-04-15,Puebla,San Andres Cholula,Puebla,2626,19.01,-98.2,pulses and nuts,"Beans (black, imported)",567,KG,actual,Wholesale,MXN,15.5,1.33
2011-04-15,Sinaloa,Culiacan,Culiacán,2629,24.8,-107.39,cereals and tubers,Maize (white),67,KG,actual,Wholesale,MXN,7,0.6
2011-04-15,Veracruz,Xico,Xalapa,2625,19.54,-96.93,cereals and tubers,Maize (white),67,KG,actual,Wholesale,MXN,5.6,0.48
2011-04-15,Veracruz,Xico,Xalapa,2625,19.54,-96.93,pulses and nuts,"Beans (black, imported)",567,KG,actual,Wholesale,MXN,15.85,1.36
2011-05-15,Distrito Federal,Cuauhtemoc,Mexico City,2627,19.41,-99.13,cereals and tubers,Maize (white),67,KG,actual,Wholesale,MXN,5.5,0.47
2011-05-15,Distrito Federal,Cuauhtemoc,Mexico City,2627,19.41,-99.13,cereals and tubers,"Rice (small grain, Morelos)",596,KG,actual,Wholesale,MXN,16.88,1.44
2011-05-15,Distrito Federal,Cuauhtemoc,Mexico City,2627,19.41,-99.13,cereals and tubers,Tortilla,143,KG,actual,Retail,MXN,10.01,0.85
2011-05-15,Distrito Federal,Cuauhtemoc,Mexico City,2627,19.41,-99.13,pulses and nuts,"Beans (black, Zacatecas)",566,KG,actual,Wholesale,MXN,11.78,1
2011-05-15,Jalisco,Guadalajara,Guadalajara,2628,20.68,-103.35,cereals and tubers,Maize (white),67,KG,actual,Wholesale,MXN,5.35,0.46
2011-05-15,Puebla,San Andres Cholula,Puebla,2626,19.01,-98.2,cereals and tubers,Maize (white),67,KG,actual,Wholesale,MXN,5.9,0.5
2011-05-15,Puebla,San Andres Cholula,Puebla,2626,19.01,-98.2,cereals and tubers,"Rice (small grain, Morelos)",596,KG,actual,Wholesale,MXN,17,1.45
2011-05-15,Puebla,San Andres Cholula,Puebla,2626,19.01,-98.2,pulses and nuts,"Beans (black, Veracruz)",565,KG,actual,Wholesale,MXN,16,1.36
2011-05-15,Puebla,San Andres Cholula,Puebla,2626,19.01,-98.2,pulses and nuts,"Beans (black, imported)",567,KG,actual,Wholesale,MXN,16,1.36
2011-05-15,Sinaloa,Culiacan,Culiacán,2629,24.8,-107.39,cereals and tubers,Maize (white),67,KG,actual,Wholesale,MXN,7,0.6
2011-05-15,Veracruz,Xico,Xalapa,2625,19.54,-96.93,cereals and tubers,Maize (white),67,KG,actual,Wholesale,MXN,5.45,0.46
2011-05-15,Veracruz,Xico,Xalapa,2625,19.54,-96.93,pulses and nuts,"Beans (black, imported)",567,KG,actual,Wholesale,MXN,15.3,1.3
2011-06-15,Distrito Federal,Cuauhtemoc,Mexico City,2627,19.41,-99.13,cereals and tubers,Maize (white),67,KG,actual,Wholesale,MXN,5.68,0.48
2011-06-15,Distrito Federal,Cuauhtemoc,Mexico City,2627,19.41,-99.13,cereals and tubers,"Rice (long grain, Sinaloa)",591,KG,actual,Wholesale,MXN,10.3,0.86
2011-06-15,Distrito Federal,Cuauhtemoc,Mexico City,2627,19.41,-99.13,cereals and tubers,"Rice (small grain, Morelos)",596,KG,actual,Wholesale,MXN,16.5,1.38
2011-06-15,Distrito Federal,Cuauhtemoc,Mexico City,2627,19.41,-99.13,cereals and tubers,Tortilla,143,KG,actual,Retail,MXN,10.02,0.84
2011-06-15,Distrito Federal,Cuauhtemoc,Mexico City,2627,19.41,-99.13,pulses and nuts,"Beans (black, Zacatecas)",566,KG,actual,Wholesale,MXN,11.26,0.94
2011-06-15,Jalisco,Guadalajara,Guadalajara,2628,20.68,-103.35,cereals and tubers,Maize (white),67,KG,actual,Wholesale,MXN,5.46,0.46
2011-06-15,Jalisco,Guadalajara,Guadalajara,2628,20.68,-103.35,cereals and tubers,"Rice (long grain, Sinaloa)",591,KG,actual,Wholesale,MXN,9,0.75
2011-06-15,Puebla,San Andres Cholula,Puebla,2626,19.01,-98.2,cereals and tubers,Maize (white),67,KG,actual,Wholesale,MXN,5.94,0.5
2011-06-15,Puebla,San Andres Cholula,Puebla,2626,19.01,-98.2,cereals and tubers,"Rice (small grain, Morelos)",596,KG,actual,Wholesale,MXN,16.6,1.39
2011-06-15,Puebla,San Andres Cholula,Puebla,2626,19.01,-98.2,pulses and nuts,"Beans (black, Veracruz)",565,KG,actual,Wholesale,MXN,16,1.34
2011-06-15,Puebla,San Andres Cholula,Puebla,2626,19.01,-98.2,pulses and nuts,"Beans (black, imported)",567,KG,actual,Wholesale,MXN,16,1.34
2011-06-15,Sinaloa,Culiacan,Culiacán,2629,24.8,-107.39,cereals and tubers,Maize (white),67,KG,actual,Wholesale,MXN,7,0.59
2011-06-15,Veracruz,Xico,Xalapa,2625,19.54,-96.93,cereals and tubers,Maize (white),67,KG,actual,Wholesale,MXN,4.92,0.41
2011-06-15,Veracruz,Xico,Xalapa,2625,19.54,-96.93,pulses and nuts,"Beans (black, imported)",567,KG,actual,Wholesale,MXN,15.2,1.27
2011-07-15,Distrito Federal,Cuauhtemoc,Mexico City,2627,19.41,-99.13,cereals and tubers,Maize (white),67,KG,actual,Wholesale,MXN,5.98,0.51
2011-07-15,Distrito Federal,Cuauhtemoc,Mexico City,2627,19.41,-99.13,cereals and tubers,"Rice (long grain, Sinaloa)",591,KG,actual,Wholesale,MXN,10.3,0.88
2011-07-15,Distrito Federal,Cuauhtemoc,Mexico City,2627,19.41,-99.13,cereals and tubers,"Rice (small grain, Morelos)",596,KG,actual,Wholesale,MXN,16.5,1.41
2011-07-15,Distrito Federal,Cuauhtemoc,Mexico City,2627,19.41,-99.13,cereals and tubers,Tortilla,143,KG,actual,Retail,MXN,10.05,0.86
2011-07-15,Distrito Federal,Cuauhtemoc,Mexico City,2627,19.41,-99.13,pulses and nuts,"Beans (black, imported)",567,KG,actual,Wholesale,MXN,15.33,1.31
2011-07-15,Jalisco,Guadalajara,Guadalajara,2628,20.68,-103.35,cereals and tubers,Maize (white),67,KG,actual,Wholesale,MXN,5.7,0.49
2011-07-15,Jalisco,Guadalajara,Guadalajara,2628,20.68,-103.35,cereals and tubers,"Rice (long grain, Sinaloa)",591,KG,actual,Wholesale,MXN,9,0.77
2011-07-15,Puebla,San Andres Cholula,Puebla,2626,19.01,-98.2,cereals and tubers,Maize (white),67,KG,actual,Wholesale,MXN,6,0.51
2011-07-15,Puebla,San Andres Cholula,Puebla,2626,19.01,-98.2,cereals and tubers,"Rice (small grain, Morelos)",596,KG,actual,Wholesale,MXN,16.25,1.39
2011-07-15,Puebla,San Andres Cholula,Puebla,2626,19.01,-98.2,pulses and nuts,"Beans (black, Veracruz)",565,KG,actual,Wholesale,MXN,16.25,1.39
2011-07-15,Puebla,San Andres Cholula,Puebla,2626,19.01,-98.2,pulses and nuts,"Beans (black, imported)",567,KG,actual,Wholesale,MXN,16.5,1.41
2011-07-15,Sinaloa,Culiacan,Culiacán,2629,24.8,-107.39,cereals and tubers,Maize (white),67,KG,actual,Wholesale,MXN,7,0.6
2011-07-15,Veracruz,Xico,Xalapa,2625,19.54,-96.93,cereals and tubers,Maize (white),67,KG,actual,Wholesale,MXN,5.68,0.48
2011-07-15,Veracruz,Xico,Xalapa,2625,19.54,-96.93,pulses and nuts,"Beans (black, imported)",567,KG,actual,Wholesale,MXN,15.25,1.3
2011-08-15,Distrito Federal,Cuauhtemoc,Mexico City,2627,19.41,-99.13,cereals and tubers,Maize (white),67,KG,actual,Wholesale,MXN,6,0.49
2011-08-15,Distrito Federal,Cuauhtemoc,Mexico City,2627,19.41,-99.13,cereals and tubers,"Rice (long grain, Sinaloa)",591,KG,actual,Wholesale,MXN,10.46,0.85
2011-08-15,Distrito Federal,Cuauhtemoc,Mexico City,2627,19.41,-99.13,cereals and tubers,"Rice (small grain, Morelos)",596,KG,actual,Wholesale,MXN,16.7,1.36
2011-08-15,Distrito Federal,Cuauhtemoc,Mexico City,2627,19.41,-99.13,cereals and tubers,Tortilla,143,KG,actual,Retail,MXN,10.05,0.82
2011-08-15,Distrito Federal,Cuauhtemoc,Mexico City,2627,19.41,-99.13,pulses and nuts,"Beans (black, Zacatecas)",566,KG,actual,Wholesale,MXN,13.84,1.13
2011-08-15,Distrito Federal,Cuauhtemoc,Mexico City,2627,19.41,-99.13,pulses and nuts,"Beans (black, imported)",567,KG,actual,Wholesale,MXN,17.3,1.41
2011-08-15,Jalisco,Guadalajara,Guadalajara,2628,20.68,-103.35,cereals and tubers,Maize (white),67,KG,actual,Wholesale,MXN,5.6,0.46
2011-08-15,Jalisco,Guadalajara,Guadalajara,2628,20.68,-103.35,cereals and tubers,"Rice (long grain, Sinaloa)",591,KG,actual,Wholesale,MXN,9,0.74
2011-08-15,Puebla,San Andres Cholula,Puebla,2626,19.01,-98.2,cereals and tubers,Maize (white),67,KG,actual,Wholesale,MXN,6,0.49
2011-08-15,Puebla,San Andres Cholula,Puebla,2626,19.01,-98.2,cereals and tubers,"Rice (small grain, Morelos)",596,KG,actual,Wholesale,MXN,16.8,1.37
2011-08-15,Puebla,San Andres Cholula,Puebla,2626,19.01,-98.2,pulses and nuts,"Beans (black, Veracruz)",565,KG,actual,Wholesale,MXN,17.1,1.4
2011-08-15,Puebla,San Andres Cholula,Puebla,2626,19.01,-98.2,pulses and nuts,"Beans (black, imported)",567,KG,actual,Wholesale,MXN,17.6,1.44
2011-08-15,Sinaloa,Culiacan,Culiacán,2629,24.8,-107.39,cereals and tubers,Maize (white),67,KG,actual,Wholesale,MXN,7,0.57
2011-08-15,Veracruz,Xico,Xalapa,2625,19.54,-96.93,cereals and tubers,Maize (white),67,KG,actual,Wholesale,MXN,5.68,0.46
2011-08-15,Veracruz,Xico,Xalapa,2625,19.54,-96.93,pulses and nuts,"Beans (black, imported)",567,KG,actual,Wholesale,MXN,16,1.31
2011-09-15,Distrito Federal,Cuauhtemoc,Mexico City,2627,19.41,-99.13,cereals and tubers,Maize (white),67,KG,actual,Wholesale,MXN,6.02,0.47
2011-09-15,Distrito Federal,Cuauhtemoc,Mexico City,2627,19.41,-99.13,cereals and tubers,"Rice (small grain, Morelos)",596,KG,actual,Wholesale,MXN,16.63,1.29
2011-09-15,Distrito Federal,Cuauhtemoc,Mexico City,2627,19.41,-99.13,cereals and tubers,Tortilla,143,KG,actual,Retail,MXN,10.06,0.78
2011-09-15,Distrito Federal,Cuauhtemoc,Mexico City,2627,19.41,-99.13,pulses and nuts,"Beans (black, Zacatecas)",566,KG,actual,Wholesale,MXN,15,1.16
2011-09-15,Jalisco,Guadalajara,Guadalajara,2628,20.68,-103.35,cereals and tubers,Maize (white),67,KG,actual,Wholesale,MXN,5.5,0.43
2011-09-15,Jalisco,Guadalajara,Guadalajara,2628,20.68,-103.35,cereals and tubers,"Rice (long grain, Sinaloa)",591,KG,actual,Wholesale,MXN,9.13,0.71
2011-09-15,Puebla,San Andres Cholula,Puebla,2626,19.01,-98.2,cereals and tubers,Maize (white),67,KG,actual,Wholesale,MXN,6,0.46
2011-09-15,Puebla,San Andres Cholula,Puebla,2626,19.01,-98.2,cereals and tubers,"Rice (small grain, Morelos)",596,KG,actual,Wholesale,MXN,16.63,1.29
2011-09-15,Puebla,San Andres Cholula,Puebla,2626,19.01,-98.2,pulses and nuts,"Beans (black, Veracruz)",565,KG,actual,Wholesale,MXN,16.75,1.29
2011-09-15,Puebla,San Andres Cholula,Puebla,2626,19.01,-98.2,pulses and nuts,"Beans (black, imported)",567,KG,actual,Wholesale,MXN,17.63,1.36
2011-09-15,Sinaloa,Culiacan,Culiacán,2629,24.8,-107.39,cereals and tubers,Maize (white),67,KG,actual,Wholesale,MXN,7,0.54
2011-09-15,Veracruz,Xico,Xalapa,2625,19.54,-96.93,cereals and tubers,Maize (white),67,KG,actual,Wholesale,MXN,6,0.46
2011-09-15,Veracruz,Xico,Xalapa,2625,19.54,-96.93,pulses and nuts,"Beans (black, imported)",567,KG,actual,Wholesale,MXN,17.63,1.36
2011-10-15,Distrito Federal,Cuauhtemoc,Mexico City,2627,19.41,-99.13,cereals and tubers,Maize (white),67,KG,actual,Wholesale,MXN,6.23,0.47
2011-10-15,Distrito Federal,Cuauhtemoc,Mexico City,2627,19.41,-99.13,cereals and tubers,"Rice (long grain, Sinaloa)",591,KG,actual,Wholesale,MXN,11.38,0.85
2011-10-15,Distrito Federal,Cuauhtemoc,Mexico City,2627,19.41,-99.13,cereals and tubers,Tortilla,143,KG,actual,Retail,MXN,10.17,0.76
2011-10-15,Distrito Federal,Cuauhtemoc,Mexico City,2627,19.41,-99.13,pulses and nuts,"Beans (black, Veracruz)",565,KG,actual,Wholesale,MXN,14.38,1.08
2011-10-15,Distrito Federal,Cuauhtemoc,Mexico City,2627,19.41,-99.13,pulses and nuts,"Beans (black, Zacatecas)",566,KG,actual,Wholesale,MXN,14.75,1.11
2011-10-15,Distrito Federal,Cuauhtemoc,Mexico City,2627,19.41,-99.13,pulses and nuts,"Beans (black, imported)",567,KG,actual,Wholesale,MXN,19,1.43
2011-10-15,Jalisco,Guadalajara,Guadalajara,2628,20.68,-103.35,cereals and tubers,Maize (white),67,KG,actual,Wholesale,MXN,5.58,0.42
2011-10-15,Jalisco,Guadalajara,Guadalajara,2628,20.68,-103.35,cereals and tubers,"Rice (long grain, Sinaloa)",591,KG,actual,Wholesale,MXN,9.88,0.74
2011-10-15,Puebla,San Andres Cholula,Puebla,2626,19.01,-98.2,cereals and tubers,Maize (white),67,KG,actual,Wholesale,MXN,6,0.45
2011-10-15,Puebla,San Andres Cholula,Puebla,2626,19.01,-98.2,cereals and tubers,"Rice (small grain, Morelos)",596,KG,actual,Wholesale,MXN,16.5,1.24
2011-10-15,Puebla,San Andres Cholula,Puebla,2626,19.01,-98.2,pulses and nuts,"Beans (black, Veracruz)",565,KG,actual,Wholesale,MXN,18,1.35
2011-10-15,Puebla,San Andres Cholula,Puebla,2626,19.01,-98.2,pulses and nuts,"Beans (black, imported)",567,KG,actual,Wholesale,MXN,19.75,1.48
2011-10-15,Sinaloa,Culiacan,Culiacán,2629,24.8,-107.39,cereals and tubers,Maize (white),67,KG,actual,Wholesale,MXN,7,0.53
2011-10-15,Veracruz,Xico,Xalapa,2625,19.54,-96.93,cereals and tubers,Maize (white),67,KG,actual,Wholesale,MXN,6.05,0.45
2011-10-15,Veracruz,Xico,Xalapa,2625,19.54,-96.93,pulses and nuts,"Beans (black, imported)",567,KG,actual,Wholesale,MXN,17.65,1.32
2011-11-15,Distrito Federal,Cuauhtemoc,Mexico City,2627,19.41,-99.13,cereals and tubers,Maize (white),67,KG,actual,Wholesale,MXN,6.52,0.48
2011-11-15,Distrito Federal,Cuauhtemoc,Mexico City,2627,19.41,-99.13,cereals and tubers,"Rice (long grain, Sinaloa)",591,KG,actual,Wholesale,MXN,11.1,0.82
2011-11-15,Distrito Federal,Cuauhtemoc,Mexico City,2627,19.41,-99.13,cereals and tubers,"Rice (small grain, Morelos)",596,KG,actual,Wholesale,MXN,17,1.25
2011-11-15,Distrito Federal,Cuauhtemoc,Mexico City,2627,19.41,-99.13,cereals and tubers,Tortilla,143,KG,actual,Retail,MXN,10.25,0.75
2011-11-15,Distrito Federal,Cuauhtemoc,Mexico City,2627,19.41,-99.13,pulses and nuts,"Beans (black, imported)",567,KG,actual,Wholesale,MXN,19.2,1.41
2011-11-15,Jalisco,Guadalajara,Guadalajara,2628,20.68,-103.35,cereals and tubers,Maize (white),67,KG,actual,Wholesale,MXN,5.6,0.41
2011-11-15,Puebla,San Andres Cholula,Puebla,2626,19.01,-98.2,cereals and tubers,Maize (white),67,KG,actual,Wholesale,MXN,6,0.44
2011-11-15,Puebla,San Andres Cholula,Puebla,2626,19.01,-98.2,cereals and tubers,"Rice (small grain, Morelos)",596,KG,actual,Wholesale,MXN,16.5,1.21
2011-11-15,Puebla,San Andres Cholula,Puebla,2626,19.01,-98.2,pulses and nuts,"Beans (black, Veracruz)",565,KG,actual,Wholesale,MXN,18.4,1.35
2011-11-15,Puebla,San Andres Cholula,Puebla,2626,19.01,-98.2,pulses and nuts,"Beans (black, imported)",567,KG,actual,Wholesale,MXN,19.4,1.43
2011-11-15,Sinaloa,Culiacan,Culiacán,2629,24.8,-107.39,cereals and tubers,Maize (white),67,KG,actual,Wholesale,MXN,7,0.51
2011-11-15,Veracruz,Xico,Xalapa,2625,19.54,-96.93,cereals and tubers,Maize (white),67,KG,actual,Wholesale,MXN,6.12,0.45
2011-11-15,Veracruz,Xico,Xalapa,2625,19.54,-96.93,pulses and nuts,"Beans (black, imported)",567,KG,actual,Wholesale,MXN,17.9,1.32
2011-12-15,Distrito Federal,Cuauhtemoc,Mexico City,2627,19.41,-99.13,cereals and tubers,Maize (white),67,KG,actual,Wholesale,MXN,6.3,0.45
2011-12-15,Distrito Federal,Cuauhtemoc,Mexico City,2627,19.41,-99.13,cereals and tubers,"Rice (long grain, Sinaloa)",591,KG,actual,Wholesale,MXN,11.13,0.8
2011-12-15,Distrito Federal,Cuauhtemoc,Mexico City,2627,19.41,-99.13,cereals and tubers,"Rice (small grain, Morelos)",596,KG,actual,Wholesale,MXN,17,1.22
2011-12-15,Distrito Federal,Cuauhtemoc,Mexico City,2627,19.41,-99.13,cereals and tubers,Tortilla,143,KG,actual,Retail,MXN,10.41,0.75
2011-12-15,Distrito Federal,Cuauhtemoc,Mexico City,2627,19.41,-99.13,pulses and nuts,"Beans (black, Zacatecas)",566,KG,actual,Wholesale,MXN,19.12,1.38
2011-12-15,Distrito Federal,Cuauhtemoc,Mexico City,2627,19.41,-99.13,pulses and nuts,"Beans (black, imported)",567,KG,actual,Wholesale,MXN,19.88,1.43
2011-12-15,Jalisco,Guadalajara,Guadalajara,2628,20.68,-103.35,cereals and tubers,Maize (white),67,KG,actual,Wholesale,MXN,5.7,0.41
2011-12-15,Jalisco,Guadalajara,Guadalajara,2628,20.68,-103.35,cereals and tubers,"Rice (long grain, Sinaloa)",591,KG,actual,Wholesale,MXN,10.5,0.76
2011-12-15,Puebla,San Andres Cholula,Puebla,2626,19.01,-98.2,cereals and tubers,Maize (white),67,KG,actual,Wholesale,MXN,6,0.43
2011-12-15,Puebla,San Andres Cholula,Puebla,2626,19.01,-98.2,cereals and tubers,"Rice (small grain, Morelos)",596,KG,actual,Wholesale,MXN,16.5,1.19
2011-12-15,Puebla,San Andres Cholula,Puebla,2626,19.01,-98.2,pulses and nuts,"Beans (black, Veracruz)",565,KG,actual,Wholesale,MXN,19.25,1.39
2011-12-15,Puebla,San Andres Cholula,Puebla,2626,19.01,-98.2,pulses and nuts,"Beans (black, imported)",567,KG,actual,Wholesale,MXN,20.25,1.46
2011-12-15,Sinaloa,Culiacan,Culiacán,2629,24.8,-107.39,cereals and tubers,Maize (white),67,KG,actual,Wholesale,MXN,7,0.5
2011-12-15,Veracruz,Xico,Xalapa,2625,19.54,-96.93,cereals and tubers,Maize (white),67,KG,actual,Wholesale,MXN,6.15,0.44
2011-12-15,Veracruz,Xico,Xalapa,2625,19.54,-96.93,pulses and nuts,"Beans (black, imported)",567,KG,actual,Wholesale,MXN,19.28,1.39
2012-01-15,Distrito Federal,Cuauhtemoc,Mexico City,2627,19.41,-99.13,cereals and tubers,Maize (white),67,KG,actual,Wholesale,MXN,6.3,0.46
2012-01-15,Distrito Federal,Cuauhtemoc,Mexico City,2627,19.41,-99.13,cereals and tubers,"Rice (small grain, Morelos)",596,KG,actual,Wholesale,MXN,17,1.25
2012-01-15,Distrito Federal,Cuauhtemoc,Mexico City,2627,19.41,-99.13,cereals and tubers,Tortilla,143,KG,actual,Retail,MXN,10.63,0.78
2012-01-15,Distrito Federal,Cuauhtemoc,Mexico City,2627,19.41,-99.13,pulses and nuts,"Beans (black, Veracruz)",565,KG,actual,Wholesale,MXN,19,1.4
2012-01-15,Distrito Federal,Cuauhtemoc,Mexico City,2627,19.41,-99.13,pulses and nuts,"Beans (black, Zacatecas)",566,KG,actual,Wholesale,MXN,19.5,1.44
2012-01-15,Distrito Federal,Cuauhtemoc,Mexico City,2627,19.41,-99.13,pulses and nuts,"Beans (black, imported)",567,KG,actual,Wholesale,MXN,20,1.47
2012-01-15,Jalisco,Guadalajara,Guadalajara,2628,20.68,-103.35,cereals and tubers,Maize (white),67,KG,actual,Wholesale,MXN,5.8,0.43
2012-01-15,Jalisco,Guadalajara,Guadalajara,2628,20.68,-103.35,cereals and tubers,"Rice (long grain, Sinaloa)",591,KG,actual,Wholesale,MXN,10.5,0.77
2012-01-15,Puebla,San Andres Cholula,Puebla,2626,19.01,-98.2,cereals and tubers,Maize (white),67,KG,actual,Wholesale,MXN,6,0.44
2012-01-15,Puebla,San Andres Cholula,Puebla,2626,19.01,-98.2,cereals and tubers,"Rice (small grain, Morelos)",596,KG,actual,Wholesale,MXN,16.5,1.22
2012-01-15,Puebla,San Andres Cholula,Puebla,2626,19.01,-98.2,pulses and nuts,"Beans (black, Veracruz)",565,KG,actual,Wholesale,MXN,20,1.47
2012-01-15,Puebla,San Andres Cholula,Puebla,2626,19.01,-98.2,pulses and nuts,"Beans (black, imported)",567,KG,actual,Wholesale,MXN,21,1.55
2012-01-15,Sinaloa,Culiacan,Culiacán,2629,24.8,-107.39,cereals and tubers,Maize (white),67,KG,actual,Wholesale,MXN,7,0.52
2012-01-15,Veracruz,Xico,Xalapa,2625,19.54,-96.93,cereals and tubers,Maize (white),67,KG,actual,Wholesale,MXN,6.15,0.45
2012-01-15,Veracruz,Xico,Xalapa,2625,19.54,-96.93,pulses and nuts,"Beans (black, imported)",567,KG,actual,Wholesale,MXN,19.2,1.42
2012-02-15,Distrito Federal,Cuauhtemoc,Mexico City,2627,19.41,-99.13,cereals and tubers,Maize (white),67,KG,actual,Wholesale,MXN,6.46,0.5
2012-02-15,Distrito Federal,Cuauhtemoc,Mexico City,2627,19.41,-99.13,cereals and tubers,"Rice (long grain, Sinaloa)",591,KG,actual,Wholesale,MXN,10.8,0.84
2012-02-15,Distrito Federal,Cuauhtemoc,Mexico City,2627,19.41,-99.13,cereals and tubers,"Rice (small grain, Morelos)",596,KG,actual,Wholesale,MXN,17,1.32
2012-02-15,Distrito Federal,Cuauhtemoc,Mexico City,2627,19.41,-99.13,cereals and tubers,Tortilla,143,KG,actual,Retail,MXN,10.9,0.85
2012-02-15,Distrito Federal,Cuauhtemoc,Mexico City,2627,19.41,-99.13,pulses and nuts,"Beans (black, Veracruz)",565,KG,actual,Wholesale,MXN,18.8,1.46
2012-02-15,Distrito Federal,Cuauhtemoc,Mexico City,2627,19.41,-99.13,pulses and nuts,"Beans (black, Zacatecas)",566,KG,actual,Wholesale,MXN,18.75,1.46
2012-02-15,Jalisco,Guadalajara,Guadalajara,2628,20.68,-103.35,cereals and tubers,Maize (white),67,KG,actual,Wholesale,MXN,5.8,0.45
2012-02-15,Jalisco,Guadalajara,Guadalajara,2628,20.68,-103.35,cereals and tubers,"Rice (long grain, Sinaloa)",591,KG,actual,Wholesale,MXN,10.3,0.8
2012-02-15,Puebla,San Andres Cholula,Puebla,2626,19.01,-98.2,cereals and tubers,Maize (white),67,KG,actual,Wholesale,MXN,6,0.47
2012-02-15,Puebla,San Andres Cholula,Puebla,2626,19.01,-98.2,cereals and tubers,"Rice (small grain, Morelos)",596,KG,actual,Wholesale,MXN,16.9,1.31
2012-02-15,Puebla,San Andres Cholula,Puebla,2626,19.01,-98.2,pulses and nuts,"Beans (black, Veracruz)",565,KG,actual,Wholesale,MXN,19.4,1.51
2012-02-15,Puebla,San Andres Cholula,Puebla,2626,19.01,-98.2,pulses and nuts,"Beans (black, imported)",567,KG,actual,Wholesale,MXN,21,1.63
2012-02-15,Sinaloa,Culiacan,Culiacán,2629,24.8,-107.39,cereals and tubers,Maize (white),67,KG,actual,Wholesale,MXN,6.8,0.53
2012-02-15,Veracruz,Xico,Xalapa,2625,19.54,-96.93,pulses and nuts,"Beans (black, imported)",567,KG,actual,Wholesale,MXN,19.2,1.49
2012-03-15,Distrito Federal,Cuauhtemoc,Mexico City,2627,19.41,-99.13,cereals and tubers,"Rice (long grain, Sinaloa)",591,KG,actual,Wholesale,MXN,10.4,0.82
2012-03-15,Distrito Federal,Cuauhtemoc,Mexico City,2627,19.41,-99.13,cereals and tubers,"Rice (small grain, Morelos)",596,KG,actual,Wholesale,MXN,17,1.34
2012-03-15,Distrito Federal,Cuauhtemoc,Mexico City,2627,19.41,-99.13,cereals and tubers,Tortilla,143,KG,actual,Retail,MXN,10.98,0.87
2012-03-15,Distrito Federal,Cuauhtemoc,Mexico City,2627,19.41,-99.13,pulses and nuts,"Beans (black, Veracruz)",565,KG,actual,Wholesale,MXN,16.95,1.34
2012-03-15,Distrito Federal,Cuauhtemoc,Mexico City,2627,19.41,-99.13,pulses and nuts,"Beans (black, imported)",567,KG,actual,Wholesale,MXN,18.5,1.46
2012-03-15,Jalisco,Guadalajara,Guadalajara,2628,20.68,-103.35,cereals and tubers,Maize (white),67,KG,actual,Wholesale,MXN,5.8,0.46
2012-03-15,Jalisco,Guadalajara,Guadalajara,2628,20.68,-103.35,cereals and tubers,"Rice (long grain, Sinaloa)",591,KG,actual,Wholesale,MXN,9.88,0.78
2012-03-15,Puebla,San Andres Cholula,Puebla,2626,19.01,-98.2,cereals and tubers,Maize (white),67,KG,actual,Wholesale,MXN,6,0.47
2012-03-15,Puebla,San Andres Cholula,Puebla,2626,19.01,-98.2,cereals and tubers,"Rice (small grain, Morelos)",596,KG,actual,Wholesale,MXN,17.25,1.36
2012-03-15,Puebla,San Andres Cholula,Puebla,2626,19.01,-98.2,pulses and nuts,"Beans (black, Veracruz)",565,KG,actual,Wholesale,MXN,16,1.26
2012-03-15,Puebla,San Andres Cholula,Puebla,2626,19.01,-98.2,pulses and nuts,"Beans (black, imported)",567,KG,actual,Wholesale,MXN,18,1.42
2012-03-15,Sinaloa,Culiacan,Culiacán,2629,24.8,-107.39,cereals and tubers,Maize (white),67,KG,actual,Wholesale,MXN,5.63,0.45
2012-03-15,Veracruz,Xico,Xalapa,2625,19.54,-96.93,cereals and tubers,Maize (white),67,KG,actual,Wholesale,MXN,6.05,0.48
2012-03-15,Veracruz,Xico,Xalapa,2625,19.54,-96.93,pulses and nuts,"Beans (black, imported)",567,KG,actual,Wholesale,MXN,18.03,1.43
2012-04-15,Distrito Federal,Cuauhtemoc,Mexico City,2627,19.41,-99.13,cereals and tubers,"Rice (long grain, Sinaloa)",591,KG,actual,Wholesale,MXN,10.05,0.76
2012-04-15,Distrito Federal,Cuauhtemoc,Mexico City,2627,19.41,-99.13,cereals and tubers,"Rice (small grain, Morelos)",596,KG,actual,Wholesale,MXN,17,1.29
2012-04-15,Distrito Federal,Cuauhtemoc,Mexico City,2627,19.41,-99.13,cereals and tubers,Tortilla,143,KG,actual,Retail,MXN,11,0.83
2012-04-15,Distrito Federal,Cuauhtemoc,Mexico City,2627,19.41,-99.13,pulses and nuts,"Beans (black, Veracruz)",565,KG,actual,Wholesale,MXN,16.75,1.27
2012-04-15,Jalisco,Guadalajara,Guadalajara,2628,20.68,-103.35,cereals and tubers,"Rice (long grain, Sinaloa)",591,KG,actual,Wholesale,MXN,9.75,0.74
2012-04-15,Puebla,San Andres Cholula,Puebla,2626,19.01,-98.2,cereals and tubers,Maize (white),67,KG,actual,Wholesale,MXN,6,0.45
2012-04-15,Puebla,San Andres Cholula,Puebla,2626,19.01,-98.2,cereals and tubers,"Rice (small grain, Morelos)",596,KG,actual,Wholesale,MXN,17.63,1.33
2012-04-15,Puebla,San Andres Cholula,Puebla,2626,19.01,-98.2,pulses and nuts,"Beans (black, Veracruz)",565,KG,actual,Wholesale,MXN,15,1.14
2012-04-15,Puebla,San Andres Cholula,Puebla,2626,19.01,-98.2,pulses and nuts,"Beans (black, imported)",567,KG,actual,Wholesale,MXN,17.5,1.33
2012-04-15,Sinaloa,Culiacan,Culiacán,2629,24.8,-107.39,cereals and tubers,Maize (white),67,KG,actual,Wholesale,MXN,5.13,0.39
2012-04-15,Veracruz,Xico,Xalapa,2625,19.54,-96.93,pulses and nuts,"Beans (black, imported)",567,KG,actual,Wholesale,MXN,17.45,1.32
2012-05-15,Distrito Federal,Cuauhtemoc,Mexico City,2627,19.41,-99.13,cereals and tubers,"Rice (long grain, Sinaloa)",591,KG,actual,Wholesale,MXN,10.38,0.75
2012-05-15,Distrito Federal,Cuauhtemoc,Mexico City,2627,19.41,-99.13,cereals and tubers,Tortilla,143,KG,actual,Retail,MXN,11.07,0.8
2012-05-15,Distrito Federal,Cuauhtemoc,Mexico City,2627,19.41,-99.13,pulses and nuts,"Beans (black, imported)",567,KG,actual,Wholesale,MXN,18.5,1.34
2012-05-15,Jalisco,Guadalajara,Guadalajara,2628,20.68,-103.35,cereals and tubers,Maize (white),67,KG,actual,Wholesale,MXN,5.8,0.42
2012-05-15,Jalisco,Guadalajara,Guadalajara,2628,20.68,-103.35,cereals and tubers,"Rice (long grain, Sinaloa)",591,KG,actual,Wholesale,MXN,10,0.72
2012-05-15,Puebla,San Andres Cholula,Puebla,2626,19.01,-98.2,cereals and tubers,Maize (white),67,KG,actual,Wholesale,MXN,5.92,0.43
2012-05-15,Puebla,San Andres Cholula,Puebla,2626,19.01,-98.2,cereals and tubers,"Rice (small grain, Morelos)",596,KG,actual,Wholesale,MXN,17.6,1.27
2012-05-15,Puebla,San Andres Cholula,Puebla,2626,19.01,-98.2,pulses and nuts,"Beans (black, Veracruz)",565,KG,actual,Wholesale,MXN,15.8,1.14
2012-05-15,Puebla,San Andres Cholula,Puebla,2626,19.01,-98.2,pulses and nuts,"Beans (black, imported)",567,KG,actual,Wholesale,MXN,18.4,1.33
2012-05-15,Sinaloa,Culiacan,Culiacán,2629,24.8,-107.39,cereals and tubers,Maize (white),67,KG,actual,Wholesale,MXN,5.32,0.38
2012-05-15,Veracruz,Xico,Xalapa,2625,19.54,-96.93,cereals and tubers,Maize (white),67,KG,actual,Wholesale,MXN,5.9,0.43
2012-06-15,Distrito Federal,Cuauhtemoc,Mexico City,2627,19.41,-99.13,cereals and tubers,"Rice (long grain, Sinaloa)",591,KG,actual,Wholesale,MXN,10.78,0.77
2012-06-15,Distrito Federal,Cuauhtemoc,Mexico City,2627,19.41,-99.13,cereals and tubers,"Rice (small grain, Morelos)",596,KG,actual,Wholesale,MXN,19.63,1.41
2012-06-15,Distrito Federal,Cuauhtemoc,Mexico City,2627,19.41,-99.13,cereals and tubers,Tortilla,143,KG,actual,Retail,MXN,11.1,0.8
2012-06-15,Distrito Federal,Cuauhtemoc,Mexico City,2627,19.41,-99.13,pulses and nuts,"Beans (black, imported)",567,KG,actual,Wholesale,MXN,18.5,1.33
2012-06-15,Jalisco,Guadalajara,Guadalajara,2628,20.68,-103.35,cereals and tubers,Maize (white),67,KG,actual,Wholesale,MXN,5.5,0.4
2012-06-15,Jalisco,Guadalajara,Guadalajara,2628,20.68,-103.35,cereals and tubers,"Rice (long grain, Sinaloa)",591,KG,actual,Wholesale,MXN,9.5,0.68
2012-06-15,Jalisco,Guadalajara,Guadalajara,2628,20.68,-103.35,pulses and nuts,"Beans (black, Nayarit)",564,KG,actual,Wholesale,MXN,16,1.15
2012-06-15,Puebla,San Andres Cholula,Puebla,2626,19.01,-98.2,cereals and tubers,Maize (white),67,KG,actual,Wholesale,MXN,5.8,0.42
2012-06-15,Puebla,San Andres Cholula,Puebla,2626,19.01,-98.2,cereals and tubers,"Rice (small grain, Morelos)",596,KG,actual,Wholesale,MXN,17.88,1.28
2012-06-15,Puebla,San Andres Cholula,Puebla,2626,19.01,-98.2,pulses and nuts,"Beans (black, Veracruz)",565,KG,actual,Wholesale,MXN,15.25,1.1
2012-06-15,Puebla,San Andres Cholula,Puebla,2626,19.01,-98.2,pulses and nuts,"Beans (black, imported)",567,KG,actual,Wholesale,MXN,18.88,1.36
2012-06-15,Sinaloa,Culiacan,Culiacán,2629,24.8,-107.39,cereals and tubers,Maize (white),67,KG,actual,Wholesale,MXN,5,0.36
2012-06-15,Veracruz,Xico,Xalapa,2625,19.54,-96.93,cereals and tubers,Maize (white),67,KG,actual,Wholesale,MXN,5.85,0.42
2012-06-15,Veracruz,Xico,Xalapa,2625,19.54,-96.93,pulses and nuts,"Beans (black, imported)",567,KG,actual,Wholesale,MXN,17.35,1.25
2012-07-15,Distrito Federal,Cuauhtemoc,Mexico City,2627,19.41,-99.13,cereals and tubers,"Rice (long grain, Sinaloa)",591,KG,actual,Wholesale,MXN,11,0.83
2012-07-15,Distrito Federal,Cuauhtemoc,Mexico City,2627,19.41,-99.13,cereals and tubers,"Rice (small grain, Morelos)",596,KG,actual,Wholesale,MXN,20.95,1.58
2012-07-15,Distrito Federal,Cuauhtemoc,Mexico City,2627,19.41,-99.13,cereals and tubers,Tortilla,143,KG,actual,Retail,MXN,11.15,0.84
2012-07-15,Distrito Federal,Cuauhtemoc,Mexico City,2627,19.41,-99.13,pulses and nuts,"Beans (black, Veracruz)",565,KG,actual,Wholesale,MXN,16.5,1.25
2012-07-15,Jalisco,Guadalajara,Guadalajara,2628,20.68,-103.35,cereals and tubers,Maize (white),67,KG,actual,Wholesale,MXN,5.18,0.39
2012-07-15,Jalisco,Guadalajara,Guadalajara,2628,20.68,-103.35,cereals and tubers,"Rice (long grain, Sinaloa)",591,KG,actual,Wholesale,MXN,10,0.76
2012-07-15,Puebla,San Andres Cholula,Puebla,2626,19.01,-98.2,cereals and tubers,Maize (white),67,KG,actual,Wholesale,MXN,5.35,0.4
2012-07-15,Puebla,San Andres Cholula,Puebla,2626,19.01,-98.2,cereals and tubers,"Rice (small grain, Morelos)",596,KG,actual,Wholesale,MXN,18,1.36
2012-07-15,Puebla,San Andres Cholula,Puebla,2626,19.01,-98.2,pulses and nuts,"Beans (black, Veracruz)",565,KG,actual,Wholesale,MXN,15,1.13
2012-07-15,Puebla,San Andres Cholula,Puebla,2626,19.01,-98.2,pulses and nuts,"Beans (black, imported)",567,KG,actual,Wholesale,MXN,19.75,1.49
2012-07-15,Sinaloa,Culiacan,Culiacán,2629,24.8,-107.39,cereals and tubers,Maize (white),67,KG,actual,Wholesale,MXN,3.88,0.29
2012-07-15,Veracruz,Xico,Xalapa,2625,19.54,-96.93,cereals and tubers,Maize (white),67,KG,actual,Wholesale,MXN,5.85,0.44
2012-07-15,Veracruz,Xico,Xalapa,2625,19.54,-96.93,pulses and nuts,"Beans (black, imported)",567,KG,actual,Wholesale,MXN,17.7,1.34
2012-08-15,Distrito Federal,Cuauhtemoc,Mexico City,2627,19.41,-99.13,cereals and tubers,"Rice (long grain, Sinaloa)",591,KG,actual,Wholesale,MXN,11,0.84
2012-08-15,Distrito Federal,Cuauhtemoc,Mexico City,2627,19.41,-99.13,cereals and tubers,"Rice (small grain, Morelos)",596,KG,actual,Wholesale,MXN,22.22,1.69
2012-08-15,Distrito Federal,Cuauhtemoc,Mexico City,2627,19.41,-99.13,cereals and tubers,Tortilla,143,KG,actual,Retail,MXN,11.13,0.85
2012-08-15,Distrito Federal,Cuauhtemoc,Mexico City,2627,19.41,-99.13,pulses and nuts,"Beans (black, imported)",567,KG,actual,Wholesale,MXN,18.04,1.37
2012-08-15,Jalisco,Guadalajara,Guadalajara,2628,20.68,-103.35,cereals and tubers,Maize (white),67,KG,actual,Wholesale,MXN,5.2,0.4
2012-08-15,Jalisco,Guadalajara,Guadalajara,2628,20.68,-103.35,cereals and tubers,"Rice (long grain, Sinaloa)",591,KG,actual,Wholesale,MXN,10,0.76
2012-08-15,Puebla,San Andres Cholula,Puebla,2626,19.01,-98.2,cereals and tubers,Maize (white),67,KG,actual,Wholesale,MXN,5.2,0.4
2012-08-15,Puebla,San Andres Cholula,Puebla,2626,19.01,-98.2,pulses and nuts,"Beans (black, Veracruz)",565,KG,actual,Wholesale,MXN,16.4,1.25
2012-08-15,Puebla,San Andres Cholula,Puebla,2626,19.01,-98.2,pulses and nuts,"Beans (black, imported)",567,KG,actual,Wholesale,MXN,19.2,1.46
2012-08-15,Sinaloa,Culiacan,Culiacán,2629,24.8,-107.39,cereals and tubers,Maize (white),67,KG,actual,Wholesale,MXN,3,0.23
2012-08-15,Veracruz,Xico,Xalapa,2625,19.54,-96.93,cereals and tubers,Maize (white),67,KG,actual,Wholesale,MXN,5.96,0.45
2012-08-15,Veracruz,Xico,Xalapa,2625,19.54,-96.93,pulses and nuts,"Beans (black, imported)",567,KG,actual,Wholesale,MXN,17.96,1.37
2012-09-15,Distrito Federal,Cuauhtemoc,Mexico City,2627,19.41,-99.13,cereals and tubers,"Rice (long grain, Sinaloa)",591,KG,actual,Wholesale,MXN,11,0.86
2012-09-15,Distrito Federal,Cuauhtemoc,Mexico City,2627,19.41,-99.13,cereals and tubers,"Rice (small grain, Morelos)",596,KG,actual,Wholesale,MXN,23.25,1.83
2012-09-15,Distrito Federal,Cuauhtemoc,Mexico City,2627,19.41,-99.13,cereals and tubers,Tortilla,143,KG,actual,Retail,MXN,11.13,0.87
2012-09-15,Distrito Federal,Cuauhtemoc,Mexico City,2627,19.41,-99.13,pulses and nuts,"Beans (black, Veracruz)",565,KG,actual,Wholesale,MXN,15.95,1.25
2012-09-15,Distrito Federal,Cuauhtemoc,Mexico City,2627,19.41,-99.13,pulses and nuts,"Beans (black, Zacatecas)",566,KG,actual,Wholesale,MXN,16.62,1.31
2012-09-15,Distrito Federal,Cuauhtemoc,Mexico City,2627,19.41,-99.13,pulses and nuts,"Beans (black, imported)",567,KG,actual,Wholesale,MXN,18,1.41
2012-09-15,Jalisco,Guadalajara,Guadalajara,2628,20.68,-103.35,cereals and tubers,Maize (white),67,KG,actual,Wholesale,MXN,5.2,0.41
2012-09-15,Jalisco,Guadalajara,Guadalajara,2628,20.68,-103.35,cereals and tubers,"Rice (long grain, Sinaloa)",591,KG,actual,Wholesale,MXN,10,0.79
2012-09-15,Puebla,San Andres Cholula,Puebla,2626,19.01,-98.2,cereals and tubers,Maize (white),67,KG,actual,Wholesale,MXN,5.43,0.43
2012-09-15,Puebla,San Andres Cholula,Puebla,2626,19.01,-98.2,cereals and tubers,"Rice (small grain, Morelos)",596,KG,actual,Wholesale,MXN,18,1.41
2012-09-15,Puebla,San Andres Cholula,Puebla,2626,19.01,-98.2,pulses and nuts,"Beans (black, Veracruz)",565,KG,actual,Wholesale,MXN,16,1.26
2012-09-15,Puebla,San Andres Cholula,Puebla,2626,19.01,-98.2,pulses and nuts,"Beans (black, imported)",567,KG,actual,Wholesale,MXN,17.38,1.37
2012-09-15,Sinaloa,Culiacan,Culiacán,2629,24.8,-107.39,cereals and tubers,Maize (white),67,KG,actual,Wholesale,MXN,3.75,0.29
2012-09-15,Veracruz,Xico,Xalapa,2625,19.54,-96.93,cereals and tubers,Maize (white),67,KG,actual,Wholesale,MXN,5.85,0.46
2012-09-15,Veracruz,Xico,Xalapa,2625,19.54,-96.93,pulses and nuts,"Beans (black, imported)",567,KG,actual,Wholesale,MXN,17.45,1.37
2012-10-15,Distrito Federal,Cuauhtemoc,Mexico City,2627,19.41,-99.13,cereals and tubers,"Rice (small grain, Morelos)",596,KG,actual,Wholesale,MXN,23,1.8
2012-10-15,Distrito Federal,Cuauhtemoc,Mexico City,2627,19.41,-99.13,cereals and tubers,Tortilla,143,KG,actual,Retail,MXN,11.13,0.87
2012-10-15,Distrito Federal,Cuauhtemoc,Mexico City,2627,19.41,-99.13,pulses and nuts,"Beans (black, Zacatecas)",566,KG,actual,Wholesale,MXN,16.1,1.26
2012-10-15,Distrito Federal,Cuauhtemoc,Mexico City,2627,19.41,-99.13,pulses and nuts,"Beans (black, imported)",567,KG,actual,Wholesale,MXN,17.9,1.4
2012-10-15,Jalisco,Guadalajara,Guadalajara,2628,20.68,-103.35,cereals and tubers,Maize (white),67,KG,actual,Wholesale,MXN,5.4,0.42
2012-10-15,Jalisco,Guadalajara,Guadalajara,2628,20.68,-103.35,cereals and tubers,"Rice (long grain, Sinaloa)",591,KG,actual,Wholesale,MXN,10,0.78
2012-10-15,Puebla,San Andres Cholula,Puebla,2626,19.01,-98.2,cereals and tubers,Maize (white),67,KG,actual,Wholesale,MXN,5.5,0.43
2012-10-15,Puebla,San Andres Cholula,Puebla,2626,19.01,-98.2,cereals and tubers,"Rice (small grain, Morelos)",596,KG,actual,Wholesale,MXN,18,1.41
2012-10-15,Puebla,San Andres Cholula,Puebla,2626,19.01,-98.2,pulses and nuts,"Beans (black, Veracruz)",565,KG,actual,Wholesale,MXN,15,1.17
2012-10-15,Puebla,San Andres Cholula,Puebla,2626,19.01,-98.2,pulses and nuts,"Beans (black, imported)",567,KG,actual,Wholesale,MXN,15.1,1.18
2012-10-15,Sinaloa,Culiacan,Culiacán,2629,24.8,-107.39,cereals and tubers,Maize (white),67,KG,actual,Wholesale,MXN,4.76,0.37
2012-10-15,Veracruz,Xico,Xalapa,2625,19.54,-96.93,cereals and tubers,Maize (white),67,KG,actual,Wholesale,MXN,5.88,0.46
2012-10-15,Veracruz,Xico,Xalapa,2625,19.54,-96.93,pulses and nuts,"Beans (black, imported)",567,KG,actual,Wholesale,MXN,16.76,1.31
2012-11-15,Distrito Federal,Cuauhtemoc,Mexico City,2627,19.41,-99.13,cereals and tubers,"Rice (long grain, Sinaloa)",591,KG,actual,Wholesale,MXN,11,0.83
2012-11-15,Distrito Federal,Cuauhtemoc,Mexico City,2627,19.41,-99.13,cereals and tubers,"Rice (small grain, Morelos)",596,KG,actual,Wholesale,MXN,23,1.74
2012-11-15,Distrito Federal,Cuauhtemoc,Mexico City,2627,19.41,-99.13,cereals and tubers,Tortilla,143,KG,actual,Retail,MXN,11.13,0.84
2012-11-15,Jalisco,Guadalajara,Guadalajara,2628,20.68,-103.35,cereals and tubers,Maize (white),67,KG,actual,Wholesale,MXN,5.3,0.4
2012-11-15,Jalisco,Guadalajara,Guadalajara,2628,20.68,-103.35,cereals and tubers,"Rice (long grain, Sinaloa)",591,KG,actual,Wholesale,MXN,10,0.76
2012-11-15,Jalisco,Guadalajara,Guadalajara,2628,20.68,-103.35,pulses and nuts,"Beans (black, Nayarit)",564,KG,actual,Wholesale,MXN,14.5,1.1
2012-11-15,Puebla,San Andres Cholula,Puebla,2626,19.01,-98.2,cereals and tubers,Maize (white),67,KG,actual,Wholesale,MXN,5.38,0.41
2012-11-15,Puebla,San Andres Cholula,Puebla,2626,19.01,-98.2,cereals and tubers,"Rice (small grain, Morelos)",596,KG,actual,Wholesale,MXN,18,1.36
2012-11-15,Puebla,San Andres Cholula,Puebla,2626,19.01,-98.2,pulses and nuts,"Beans (black, Veracruz)",565,KG,actual,Wholesale,MXN,15,1.14
2012-11-15,Puebla,San Andres Cholula,Puebla,2626,19.01,-98.2,pulses and nuts,"Beans (black, imported)",567,KG,actual,Wholesale,MXN,16.5,1.25
2012-11-15,Sinaloa,Culiacan,Culiacán,2629,24.8,-107.39,cereals and tubers,Maize (white),67,KG,actual,Wholesale,MXN,4.8,0.36
2012-11-15,Veracruz,Xico,Xalapa,2625,19.54,-96.93,cereals and tubers,Maize (white),67,KG,actual,Wholesale,MXN,5.65,0.43
2012-11-15,Veracruz,Xico,Xalapa,2625,19.54,-96.93,pulses and nuts,"Beans (black, imported)",567,KG,actual,Wholesale,MXN,16.4,1.24
2012-12-15,Distrito Federal,Cuauhtemoc,Mexico City,2627,19.41,-99.13,cereals and tubers,"Rice (small grain, Morelos)",596,KG,actual,Wholesale,MXN,23,1.81
2012-12-15,Distrito Federal,Cuauhtemoc,Mexico City,2627,19.41,-99.13,cereals and tubers,Tortilla,143,KG,actual,Retail,MXN,11.13,0.87
2012-12-15,Distrito Federal,Cuauhtemoc,Mexico City,2627,19.41,-99.13,pulses and nuts,"Beans (black, Zacatecas)",566,KG,actual,Wholesale,MXN,16,1.26
2012-12-15,Distrito Federal,Cuauhtemoc,Mexico City,2627,19.41,-99.13,pulses and nuts,"Beans (black, imported)",567,KG,actual,Wholesale,MXN,17.5,1.38
2012-12-15,Jalisco,Guadalajara,Guadalajara,2628,20.68,-103.35,cereals and tubers,Maize (white),67,KG,actual,Wholesale,MXN,5.33,0.42
2012-12-15,Jalisco,Guadalajara,Guadalajara,2628,20.68,-103.35,cereals and tubers,"Rice (long grain, Sinaloa)",591,KG,actual,Wholesale,MXN,10,0.79
2012-12-15,Jalisco,Guadalajara,Guadalajara,2628,20.68,-103.35,pulses and nuts,"Beans (black, Nayarit)",564,KG,actual,Wholesale,MXN,14,1.1
2012-12-15,Puebla,San Andres Cholula,Puebla,2626,19.01,-98.2,cereals and tubers,Maize (white),67,KG,actual,Wholesale,MXN,5,0.39
2012-12-15,Puebla,San Andres Cholula,Puebla,2626,19.01,-98.2,cereals and tubers,"Rice (small grain, Morelos)",596,KG,actual,Wholesale,MXN,20.5,1.61
2012-12-15,Puebla,San Andres Cholula,Puebla,2626,19.01,-98.2,pulses and nuts,"Beans (black, Veracruz)",565,KG,actual,Wholesale,MXN,15,1.18
2012-12-15,Puebla,San Andres Cholula,Puebla,2626,19.01,-98.2,pulses and nuts,"Beans (black, imported)",567,KG,actual,Wholesale,MXN,17.25,1.36
2012-12-15,Sinaloa,Culiacan,Culiacán,2629,24.8,-107.39,cereals and tubers,Maize (white),67,KG,actual,Wholesale,MXN,4.58,0.36
2012-12-15,Veracruz,Xico,Xalapa,2625,19.54,-96.93,cereals and tubers,Maize (white),67,KG,actual,Wholesale,MXN,5.5,0.43
2012-12-15,Veracruz,Xico,Xalapa,2625,19.54,-96.93,pulses and nuts,"Beans (black, imported)",567,KG,actual,Wholesale,MXN,17.2,1.35
2013-01-15,Distrito Federal,Cuauhtemoc,Mexico City,2627,19.41,-99.13,cereals and tubers,"Rice (long grain, Sinaloa)",591,KG,actual,Wholesale,MXN,11,0.87
2013-01-15,Distrito Federal,Cuauhtemoc,Mexico City,2627,19.41,-99.13,cereals and tubers,"Rice (small grain, Morelos)",596,KG,actual,Wholesale,MXN,23,1.82
2013-01-15,Distrito Federal,Cuauhtemoc,Mexico City,2627,19.41,-99.13,cereals and tubers,Tortilla,143,KG,actual,Retail,MXN,11.19,0.89
2013-01-15,Distrito Federal,Cuauhtemoc,Mexico City,2627,19.41,-99.13,pulses and nuts,"Beans (black, Veracruz)",565,KG,actual,Wholesale,MXN,16,1.27
2013-01-15,Distrito Federal,Cuauhtemoc,Mexico City,2627,19.41,-99.13,pulses and nuts,"Beans (black, Zacatecas)",566,KG,actual,Wholesale,MXN,14.4,1.14
2013-01-15,Distrito Federal,Cuauhtemoc,Mexico City,2627,19.41,-99.13,pulses and nuts,"Beans (black, imported)",567,KG,actual,Wholesale,MXN,17.42,1.38
2013-01-15,Jalisco,Guadalajara,Guadalajara,2628,20.68,-103.35,cereals and tubers,Maize (white),67,KG,actual,Wholesale,MXN,5.36,0.43
2013-01-15,Jalisco,Guadalajara,Guadalajara,2628,20.68,-103.35,pulses and nuts,"Beans (black, Nayarit)",564,KG,actual,Wholesale,MXN,14.7,1.17
2013-01-15,Puebla,San Andres Cholula,Puebla,2626,19.01,-98.2,cereals and tubers,Maize (white),67,KG,actual,Wholesale,MXN,4.8,0.38
2013-01-15,Puebla,San Andres Cholula,Puebla,2626,19.01,-98.2,pulses and nuts,"Beans (black, Veracruz)",565,KG,actual,Wholesale,MXN,14.8,1.17
2013-01-15,Puebla,San Andres Cholula,Puebla,2626,19.01,-98.2,pulses and nuts,"Beans (black, imported)",567,KG,actual,Wholesale,MXN,17.3,1.37
2013-01-15,Sinaloa,Culiacan,Culiacán,2629,24.8,-107.39,cereals and tubers,Maize (white),67,KG,actual,Wholesale,MXN,4.5,0.36
2013-01-15,Veracruz,Xico,Xalapa,2625,19.54,-96.93,cereals and tubers,Maize (white),67,KG,actual,Wholesale,MXN,5.5,0.44
2013-01-15,Veracruz,Xico,Xalapa,2625,19.54,-96.93,pulses and nuts,"Beans (black, imported)",567,KG,actual,Wholesale,MXN,17.2,1.36
2013-02-15,Distrito Federal,Cuauhtemoc,Mexico City,2627,19.41,-99.13,cereals and tubers,"Rice (long grain, Sinaloa)",591,KG,actual,Wholesale,MXN,10.73,0.85
2013-02-15,Distrito Federal,Cuauhtemoc,Mexico City,2627,19.41,-99.13,cereals and tubers,"Rice (small grain, Morelos)",596,KG,actual,Wholesale,MXN,23.88,1.88
2013-02-15,Distrito Federal,Cuauhtemoc,Mexico City,2627,19.41,-99.13,cereals and tubers,Tortilla,143,KG,actual,Retail,MXN,11.2,0.88
2013-02-15,Distrito Federal,Cuauhtemoc,Mexico City,2627,19.41,-99.13,pulses and nuts,"Beans (black, Veracruz)",565,KG,actual,Wholesale,MXN,15.63,1.23
2013-02-15,Jalisco,Guadalajara,Guadalajara,2628,20.68,-103.35,cereals and tubers,Maize (white),67,KG,actual,Wholesale,MXN,5.3,0.42
2013-02-15,Jalisco,Guadalajara,Guadalajara,2628,20.68,-103.35,cereals and tubers,"Rice (long grain, Sinaloa)",591,KG,actual,Wholesale,MXN,10,0.79
2013-02-15,Jalisco,Guadalajara,Guadalajara,2628,20.68,-103.35,pulses and nuts,"Beans (black, Nayarit)",564,KG,actual,Wholesale,MXN,13.5,1.06
2013-02-15,Puebla,San Andres Cholula,Puebla,2626,19.01,-98.2,cereals and tubers,Maize (white),67,KG,actual,Wholesale,MXN,4.5,0.35
2013-02-15,Puebla,San Andres Cholula,Puebla,2626,19.01,-98.2,cereals and tubers,"Rice (small grain, Morelos)",596,KG,actual,Wholesale,MXN,23.5,1.85
2013-02-15,Puebla,San Andres Cholula,Puebla,2626,19.01,-98.2,pulses and nuts,"Beans (black, Veracruz)",565,KG,actual,Wholesale,MXN,14.5,1.14
2013-02-15,Puebla,San Andres Cholula,Puebla,2626,19.01,-98.2,pulses and nuts,"Beans (black, imported)",567,KG,actual,Wholesale,MXN,16.5,1.3
2013-02-15,Sinaloa,Culiacan,Culiacán,2629,24.8,-107.39,cereals and tubers,Maize (white),67,KG,actual,Wholesale,MXN,4.5,0.35
2013-02-15,Veracruz,Xico,Xalapa,2625,19.54,-96.93,cereals and tubers,Maize (white),67,KG,actual,Wholesale,MXN,5.5,0.43
2013-02-15,Veracruz,Xico,Xalapa,2625,19.54,-96.93,pulses and nuts,"Beans (black, imported)",567,KG,actual,Wholesale,MXN,17.2,1.36
2013-03-15,Distrito Federal,Cuauhtemoc,Mexico City,2627,19.41,-99.13,cereals and tubers,"Rice (long grain, Sinaloa)",591,KG,actual,Wholesale,MXN,10.7,0.86
2013-03-15,Distrito Federal,Cuauhtemoc,Mexico City,2627,19.41,-99.13,cereals and tubers,"Rice (small grain, Morelos)",596,KG,actual,Wholesale,MXN,24.75,1.99
2013-03-15,Distrito Federal,Cuauhtemoc,Mexico City,2627,19.41,-99.13,cereals and tubers,Tortilla,143,KG,actual,Retail,MXN,11.2,0.9
2013-03-15,Distrito Federal,Cuauhtemoc,Mexico City,2627,19.41,-99.13,pulses and nuts,"Beans (black, Veracruz)",565,KG,actual,Wholesale,MXN,14.75,1.19
2013-03-15,Distrito Federal,Cuauhtemoc,Mexico City,2627,19.41,-99.13,pulses and nuts,"Beans (black, Zacatecas)",566,KG,actual,Wholesale,MXN,14,1.13
2013-03-15,Distrito Federal,Cuauhtemoc,Mexico City,2627,19.41,-99.13,pulses and nuts,"Beans (black, imported)",567,KG,actual,Wholesale,MXN,17.08,1.37
2013-03-15,Jalisco,Guadalajara,Guadalajara,2628,20.68,-103.35,cereals and tubers,Maize (white),67,KG,actual,Wholesale,MXN,5.35,0.43
2013-03-15,Jalisco,Guadalajara,Guadalajara,2628,20.68,-103.35,pulses and nuts,"Beans (black, Nayarit)",564,KG,actual,Wholesale,MXN,12.5,1.01
2013-03-15,Puebla,San Andres Cholula,Puebla,2626,19.01,-98.2,cereals and tubers,Maize (white),67,KG,actual,Wholesale,MXN,4.5,0.36
2013-03-15,Puebla,San Andres Cholula,Puebla,2626,19.01,-98.2,cereals and tubers,"Rice (small grain, Morelos)",596,KG,actual,Wholesale,MXN,24.88,2
2013-03-15,Puebla,San Andres Cholula,Puebla,2626,19.01,-98.2,pulses and nuts,"Beans (black, Veracruz)",565,KG,actual,Wholesale,MXN,14.25,1.15
2013-03-15,Puebla,San Andres Cholula,Puebla,2626,19.01,-98.2,pulses and nuts,"Beans (black, imported)",567,KG,actual,Wholesale,MXN,15.63,1.26
2013-03-15,Sinaloa,Culiacan,Culiacán,2629,24.8,-107.39,cereals and tubers,Maize (white),67,KG,actual,Wholesale,MXN,4.7,0.38
2013-03-15,Veracruz,Xico,Xalapa,2625,19.54,-96.93,cereals and tubers,Maize (white),67,KG,actual,Wholesale,MXN,5.55,0.45
2013-03-15,Veracruz,Xico,Xalapa,2625,19.54,-96.93,pulses and nuts,"Beans (black, imported)",567,KG,actual,Wholesale,MXN,17.2,1.38
2013-04-15,Distrito Federal,Cuauhtemoc,Mexico City,2627,19.41,-99.13,cereals and tubers,"Rice (long grain, Sinaloa)",591,KG,actual,Wholesale,MXN,10.7,0.87
2013-04-15,Distrito Federal,Cuauhtemoc,Mexico City,2627,19.41,-99.13,cereals and tubers,"Rice (small grain, Morelos)",596,KG,actual,Wholesale,MXN,25,2.04
2013-04-15,Distrito Federal,Cuauhtemoc,Mexico City,2627,19.41,-99.13,cereals and tubers,Tortilla,143,KG,actual,Retail,MXN,11.2,0.91
2013-04-15,Distrito Federal,Cuauhtemoc,Mexico City,2627,19.41,-99.13,pulses and nuts,"Beans (black, Veracruz)",565,KG,actual,Wholesale,MXN,14.5,1.18
2013-04-15,Distrito Federal,Cuauhtemoc,Mexico City,2627,19.41,-99.13,pulses and nuts,"Beans (black, imported)",567,KG,actual,Wholesale,MXN,17,1.38
2013-04-15,Jalisco,Guadalajara,Guadalajara,2628,20.68,-103.35,cereals and tubers,Maize (white),67,KG,actual,Wholesale,MXN,4.94,0.4
2013-04-15,Jalisco,Guadalajara,Guadalajara,2628,20.68,-103.35,cereals and tubers,"Rice (long grain, Sinaloa)",591,KG,actual,Wholesale,MXN,10,0.81
2013-04-15,Jalisco,Guadalajara,Guadalajara,2628,20.68,-103.35,pulses and nuts,"Beans (black, Nayarit)",564,KG,actual,Wholesale,MXN,13.8,1.12
2013-04-15,Puebla,San Andres Cholula,Puebla,2626,19.01,-98.2,cereals and tubers,Maize (white),67,KG,actual,Wholesale,MXN,4.5,0.37
2013-04-15,Puebla,San Andres Cholula,Puebla,2626,19.01,-98.2,cereals and tubers,"Rice (small grain, Morelos)",596,KG,actual,Wholesale,MXN,24.7,2.01
2013-04-15,Puebla,San Andres Cholula,Puebla,2626,19.01,-98.2,pulses and nuts,"Beans (black, Veracruz)",565,KG,actual,Wholesale,MXN,14.1,1.15
2013-04-15,Puebla,San Andres Cholula,Puebla,2626,19.01,-98.2,pulses and nuts,"Beans (black, imported)",567,KG,actual,Wholesale,MXN,16.7,1.36
2013-04-15,Sinaloa,Culiacan,Culiacán,2629,24.8,-107.39,cereals and tubers,Maize (white),67,KG,actual,Wholesale,MXN,4.58,0.37
2013-04-15,Veracruz,Xico,Xalapa,2625,19.54,-96.93,cereals and tubers,Maize (white),67,KG,actual,Wholesale,MXN,5.3,0.43
2013-04-15,Veracruz,Xico,Xalapa,2625,19.54,-96.93,pulses and nuts,"Beans (black, imported)",567,KG,actual,Wholesale,MXN,16.08,1.31
2013-05-15,Distrito Federal,Cuauhtemoc,Mexico City,2627,19.41,-99.13,cereals and tubers,"Rice (long grain, Sinaloa)",591,KG,actual,Wholesale,MXN,10.7,0.88
2013-05-15,Distrito Federal,Cuauhtemoc,Mexico City,2627,19.41,-99.13,cereals and tubers,"Rice (small grain, Morelos)",596,KG,actual,Wholesale,MXN,25.5,2.09
2013-05-15,Distrito Federal,Cuauhtemoc,Mexico City,2627,19.41,-99.13,cereals and tubers,Tortilla,143,KG,actual,Retail,MXN,11.2,0.92
2013-05-15,Distrito Federal,Cuauhtemoc,Mexico City,2627,19.41,-99.13,pulses and nuts,"Beans (black, Veracruz)",565,KG,actual,Wholesale,MXN,14.25,1.17
2013-05-15,Distrito Federal,Cuauhtemoc,Mexico City,2627,19.41,-99.13,pulses and nuts,"Beans (black, imported)",567,KG,actual,Wholesale,MXN,17,1.39
2013-05-15,Jalisco,Guadalajara,Guadalajara,2628,20.68,-103.35,cereals and tubers,Maize (white),67,KG,actual,Wholesale,MXN,5.2,0.43
2013-05-15,Jalisco,Guadalajara,Guadalajara,2628,20.68,-103.35,cereals and tubers,"Rice (long grain, Sinaloa)",591,KG,actual,Wholesale,MXN,10,0.82
2013-05-15,Jalisco,Guadalajara,Guadalajara,2628,20.68,-103.35,pulses and nuts,"Beans (black, Nayarit)",564,KG,actual,Wholesale,MXN,14.38,1.18
2013-05-15,Puebla,San Andres Cholula,Puebla,2626,19.01,-98.2,cereals and tubers,Maize (white),67,KG,actual,Wholesale,MXN,4.5,0.37
2013-05-15,Puebla,San Andres Cholula,Puebla,2626,19.01,-98.2,cereals and tubers,"Rice (small grain, Morelos)",596,KG,actual,Wholesale,MXN,24.75,2.03
2013-05-15,Puebla,San Andres Cholula,Puebla,2626,19.01,-98.2,pulses and nuts,"Beans (black, Veracruz)",565,KG,actual,Wholesale,MXN,14.13,1.16
2013-05-15,Puebla,San Andres Cholula,Puebla,2626,19.01,-98.2,pulses and nuts,"Beans (black, imported)",567,KG,actual,Wholesale,MXN,16.75,1.37
2013-05-15,Sinaloa,Culiacan,Culiacán,2629,24.8,-107.39,cereals and tubers,Maize (white),67,KG,actual,Wholesale,MXN,4,0.33
2013-05-15,Veracruz,Xico,Xalapa,2625,19.54,-96.93,cereals and tubers,Maize (white),67,KG,actual,Wholesale,MXN,4.63,0.38
2013-05-15,Veracruz,Xico,Xalapa,2625,19.54,-96.93,pulses and nuts,"Beans (black, imported)",567,KG,actual,Wholesale,MXN,15.63,1.28
2013-06-15,Distrito Federal,Cuauhtemoc,Mexico City,2627,19.41,-99.13,cereals and tubers,"Rice (long grain, Sinaloa)",591,KG,actual,Wholesale,MXN,11,0.86
2013-06-15,Distrito Federal,Cuauhtemoc,Mexico City,2627,19.41,-99.13,cereals and tubers,"Rice (small grain, Morelos)",596,KG,actual,Wholesale,MXN,26.63,2.09
2013-06-15,Distrito Federal,Cuauhtemoc,Mexico City,2627,19.41,-99.13,cereals and tubers,Tortilla,143,KG,actual,Retail,MXN,11.2,0.88
2013-06-15,Jalisco,Guadalajara,Guadalajara,2628,20.68,-103.35,pulses and nuts,"Beans (black, Nayarit)",564,KG,actual,Wholesale,MXN,14.38,1.13
2013-06-15,Puebla,San Andres Cholula,Puebla,2626,19.01,-98.2,cereals and tubers,Maize (white),67,KG,actual,Wholesale,MXN,4.5,0.35
2013-06-15,Puebla,San Andres Cholula,Puebla,2626,19.01,-98.2,cereals and tubers,"Rice (small grain, Morelos)",596,KG,actual,Wholesale,MXN,24.88,1.95
2013-06-15,Puebla,San Andres Cholula,Puebla,2626,19.01,-98.2,pulses and nuts,"Beans (black, Veracruz)",565,KG,actual,Wholesale,MXN,14.25,1.12
2013-06-15,Puebla,San Andres Cholula,Puebla,2626,19.01,-98.2,pulses and nuts,"Beans (black, imported)",567,KG,actual,Wholesale,MXN,17.13,1.34
2013-06-15,Sinaloa,Culiacan,Culiacán,2629,24.8,-107.39,cereals and tubers,Maize (white),67,KG,actual,Wholesale,MXN,4,0.31
2013-06-15,Veracruz,Xico,Xalapa,2625,19.54,-96.93,cereals and tubers,Maize (white),67,KG,actual,Wholesale,MXN,4.5,0.35
2013-06-15,Veracruz,Xico,Xalapa,2625,19.54,-96.93,pulses and nuts,"Beans (black, imported)",567,KG,actual,Wholesale,MXN,16.33,1.28
2013-07-15,Distrito Federal,Cuauhtemoc,Mexico City,2627,19.41,-99.13,cereals and tubers,"Rice (long grain, Sinaloa)",591,KG,actual,Wholesale,MXN,11.5,0.91
2013-07-15,Distrito Federal,Cuauhtemoc,Mexico City,2627,19.41,-99.13,cereals and tubers,Tortilla,143,KG,actual,Retail,MXN,11.19,0.88
2013-07-15,Distrito Federal,Cuauhtemoc,Mexico City,2627,19.41,-99.13,pulses and nuts,"Beans (black, Veracruz)",565,KG,actual,Wholesale,MXN,14.5,1.14
2013-07-15,Jalisco,Guadalajara,Guadalajara,2628,20.68,-103.35,cereals and tubers,Maize (white),67,KG,actual,Wholesale,MXN,4.9,0.39
2013-07-15,Jalisco,Guadalajara,Guadalajara,2628,20.68,-103.35,cereals and tubers,"Rice (long grain, Sinaloa)",591,KG,actual,Wholesale,MXN,10.5,0.83
2013-07-15,Jalisco,Guadalajara,Guadalajara,2628,20.68,-103.35,pulses and nuts,"Beans (black, Nayarit)",564,KG,actual,Wholesale,MXN,14.6,1.15
2013-07-15,Puebla,San Andres Cholula,Puebla,2626,19.01,-98.2,pulses and nuts,"Beans (black, Veracruz)",565,KG,actual,Wholesale,MXN,15,1.18
2013-07-15,Puebla,San Andres Cholula,Puebla,2626,19.01,-98.2,pulses and nuts,"Beans (black, imported)",567,KG,actual,Wholesale,MXN,17.7,1.4
2013-07-15,Sinaloa,Culiacan,Culiacán,2629,24.8,-107.39,cereals and tubers,Maize (white),67,KG,actual,Wholesale,MXN,4,0.32
2013-07-15,Veracruz,Xico,Xalapa,2625,19.54,-96.93,cereals and tubers,Maize (white),67,KG,actual,Wholesale,MXN,4.74,0.37
2013-07-15,Veracruz,Xico,Xalapa,2625,19.54,-96.93,pulses and nuts,"Beans (black, imported)",567,KG,actual,Wholesale,MXN,17.6,1.39
2013-08-15,Distrito Federal,Cuauhtemoc,Mexico City,2627,19.41,-99.13,cereals and tubers,"Rice (long grain, Sinaloa)",591,KG,actual,Wholesale,MXN,11.5,0.9
2013-08-15,Distrito Federal,Cuauhtemoc,Mexico City,2627,19.41,-99.13,cereals and tubers,"Rice (small grain, Morelos)",596,KG,actual,Wholesale,MXN,28.5,2.22
2013-08-15,Distrito Federal,Cuauhtemoc,Mexico City,2627,19.41,-99.13,cereals and tubers,Tortilla,143,KG,actual,Retail,MXN,11.18,0.87
2013-08-15,Distrito Federal,Cuauhtemoc,Mexico City,2627,19.41,-99.13,pulses and nuts,"Beans (black, imported)",567,KG,actual,Wholesale,MXN,19,1.48
2013-08-15,Jalisco,Guadalajara,Guadalajara,2628,20.68,-103.35,cereals and tubers,Maize (white),67,KG,actual,Wholesale,MXN,5.13,0.4
2013-08-15,Jalisco,Guadalajara,Guadalajara,2628,20.68,-103.35,cereals and tubers,"Rice (long grain, Sinaloa)",591,KG,actual,Wholesale,MXN,10.5,0.82
2013-08-15,Jalisco,Guadalajara,Guadalajara,2628,20.68,-103.35,pulses and nuts,"Beans (black, Nayarit)",564,KG,actual,Wholesale,MXN,14.75,1.15
2013-08-15,Puebla,San Andres Cholula,Puebla,2626,19.01,-98.2,cereals and tubers,Maize (white),67,KG,actual,Wholesale,MXN,4.5,0.35
2013-08-15,Puebla,San Andres Cholula,Puebla,2626,19.01,-98.2,cereals and tubers,"Rice (small grain, Morelos)",596,KG,actual,Wholesale,MXN,24.5,1.91
2013-08-15,Puebla,San Andres Cholula,Puebla,2626,19.01,-98.2,pulses and nuts,"Beans (black, Veracruz)",565,KG,actual,Wholesale,MXN,15.5,1.21
2013-08-15,Puebla,San Andres Cholula,Puebla,2626,19.01,-98.2,pulses and nuts,"Beans (black, imported)",567,KG,actual,Wholesale,MXN,18.5,1.44
2013-08-15,Sinaloa,Culiacan,Culiacán,2629,24.8,-107.39,cereals and tubers,Maize (white),67,KG,actual,Wholesale,MXN,4,0.31
2013-08-15,Veracruz,Xico,Xalapa,2625,19.54,-96.93,pulses and nuts,"Beans (black, imported)",567,KG,actual,Wholesale,MXN,17.55,1.37
2013-09-15,Distrito Federal,Cuauhtemoc,Mexico City,2627,19.41,-99.13,cereals and tubers,"Rice (long grain, Sinaloa)",591,KG,actual,Wholesale,MXN,11.5,0.89
2013-09-15,Distrito Federal,Cuauhtemoc,Mexico City,2627,19.41,-99.13,cereals and tubers,"Rice (small grain, Morelos)",596,KG,actual,Wholesale,MXN,27.88,2.15
2013-09-15,Distrito Federal,Cuauhtemoc,Mexico City,2627,19.41,-99.13,cereals and tubers,Tortilla,143,KG,actual,Retail,MXN,11.18,0.86
2013-09-15,Distrito Federal,Cuauhtemoc,Mexico City,2627,19.41,-99.13,pulses and nuts,"Beans (black, Zacatecas)",566,KG,actual,Wholesale,MXN,14.5,1.12
2013-09-15,Jalisco,Guadalajara,Guadalajara,2628,20.68,-103.35,cereals and tubers,"Rice (long grain, Sinaloa)",591,KG,actual,Wholesale,MXN,10.5,0.81
2013-09-15,Jalisco,Guadalajara,Guadalajara,2628,20.68,-103.35,pulses and nuts,"Beans (black, Nayarit)",564,KG,actual,Wholesale,MXN,14.5,1.12
2013-09-15,Puebla,San Andres Cholula,Puebla,2626,19.01,-98.2,cereals and tubers,Maize (white),67,KG,actual,Wholesale,MXN,4.5,0.35
2013-09-15,Puebla,San Andres Cholula,Puebla,2626,19.01,-98.2,pulses and nuts,"Beans (black, Veracruz)",565,KG,actual,Wholesale,MXN,16,1.23
2013-09-15,Puebla,San Andres Cholula,Puebla,2626,19.01,-98.2,pulses and nuts,"Beans (black, imported)",567,KG,actual,Wholesale,MXN,18.75,1.45
2013-09-15,Sinaloa,Culiacan,Culiacán,2629,24.8,-107.39,cereals and tubers,Maize (white),67,KG,actual,Wholesale,MXN,4,0.31
2013-09-15,Veracruz,Xico,Xalapa,2625,19.54,-96.93,cereals and tubers,Maize (white),67,KG,actual,Wholesale,MXN,5.2,0.4
2013-10-15,Distrito Federal,Cuauhtemoc,Mexico City,2627,19.41,-99.13,cereals and tubers,"Rice (small grain, Morelos)",596,KG,actual,Wholesale,MXN,26.8,2.06
2013-10-15,Distrito Federal,Cuauhtemoc,Mexico City,2627,19.41,-99.13,cereals and tubers,Tortilla,143,KG,actual,Retail,MXN,11.18,0.86
2013-10-15,Distrito Federal,Cuauhtemoc,Mexico City,2627,19.41,-99.13,pulses and nuts,"Beans (black, Veracruz)",565,KG,actual,Wholesale,MXN,13.84,1.07
2013-10-15,Distrito Federal,Cuauhtemoc,Mexico City,2627,19.41,-99.13,pulses and nuts,"Beans (black, Zacatecas)",566,KG,actual,Wholesale,MXN,14.5,1.12
2013-10-15,Distrito Federal,Cuauhtemoc,Mexico City,2627,19.41,-99.13,pulses and nuts,"Beans (black, imported)",567,KG,actual,Wholesale,MXN,19,1.46
2013-10-15,Jalisco,Guadalajara,Guadalajara,2628,20.68,-103.35,cereals and tubers,Maize (white),67,KG,actual,Wholesale,MXN,5,0.38
2013-10-15,Jalisco,Guadalajara,Guadalajara,2628,20.68,-103.35,cereals and tubers,"Rice (long grain, Sinaloa)",591,KG,actual,Wholesale,MXN,10.5,0.81
2013-10-15,Jalisco,Guadalajara,Guadalajara,2628,20.68,-103.35,pulses and nuts,"Beans (black, Nayarit)",564,KG,actual,Wholesale,MXN,14.33,1.1
2013-10-15,Puebla,San Andres Cholula,Puebla,2626,19.01,-98.2,cereals and tubers,Maize (white),67,KG,actual,Wholesale,MXN,4.5,0.35
2013-10-15,Puebla,San Andres Cholula,Puebla,2626,19.01,-98.2,cereals and tubers,"Rice (small grain, Morelos)",596,KG,actual,Wholesale,MXN,24,1.85
2013-10-15,Puebla,San Andres Cholula,Puebla,2626,19.01,-98.2,pulses and nuts,"Beans (black, Veracruz)",565,KG,actual,Wholesale,MXN,15,1.15
2013-10-15,Puebla,San Andres Cholula,Puebla,2626,19.01,-98.2,pulses and nuts,"Beans (black, imported)",567,KG,actual,Wholesale,MXN,18.7,1.44
2013-10-15,Sinaloa,Culiacan,Culiacán,2629,24.8,-107.39,cereals and tubers,Maize (white),67,KG,actual,Wholesale,MXN,4.2,0.32
2013-10-15,Veracruz,Xico,Xalapa,2625,19.54,-96.93,cereals and tubers,Maize (white),67,KG,actual,Wholesale,MXN,5.2,0.4
2013-10-15,Veracruz,Xico,Xalapa,2625,19.54,-96.93,pulses and nuts,"Beans (black, imported)",567,KG,actual,Wholesale,MXN,17.5,1.35
2013-11-15,Distrito Federal,Cuauhtemoc,Mexico City,2627,19.41,-99.13,cereals and tubers,"Rice (small grain, Morelos)",596,KG,actual,Wholesale,MXN,26,2.01
2013-11-15,Distrito Federal,Cuauhtemoc,Mexico City,2627,19.41,-99.13,cereals and tubers,Tortilla,143,KG,actual,Retail,MXN,11.18,0.86
2013-11-15,Distrito Federal,Cuauhtemoc,Mexico City,2627,19.41,-99.13,pulses and nuts,"Beans (black, Zacatecas)",566,KG,actual,Wholesale,MXN,14,1.08
2013-11-15,Distrito Federal,Cuauhtemoc,Mexico City,2627,19.41,-99.13,pulses and nuts,"Beans (black, imported)",567,KG,actual,Wholesale,MXN,19,1.47
2013-11-15,Jalisco,Guadalajara,Guadalajara,2628,20.68,-103.35,cereals and tubers,Maize (white),67,KG,actual,Wholesale,MXN,5,0.39
2013-11-15,Jalisco,Guadalajara,Guadalajara,2628,20.68,-103.35,cereals and tubers,"Rice (long grain, Sinaloa)",591,KG,actual,Wholesale,MXN,10.63,0.82
2013-11-15,Puebla,San Andres Cholula,Puebla,2626,19.01,-98.2,cereals and tubers,Maize (white),67,KG,actual,Wholesale,MXN,4.5,0.35
2013-11-15,Puebla,San Andres Cholula,Puebla,2626,19.01,-98.2,cereals and tubers,"Rice (small grain, Morelos)",596,KG,actual,Wholesale,MXN,21,1.62
2013-11-15,Puebla,San Andres Cholula,Puebla,2626,19.01,-98.2,pulses and nuts,"Beans (black, Veracruz)",565,KG,actual,Wholesale,MXN,15,1.16
2013-11-15,Puebla,San Andres Cholula,Puebla,2626,19.01,-98.2,pulses and nuts,"Beans (black, imported)",567,KG,actual,Wholesale,MXN,17.5,1.35
2013-11-15,Sinaloa,Culiacan,Culiacán,2629,24.8,-107.39,cereals and tubers,Maize (white),67,KG,actual,Wholesale,MXN,4.5,0.35
2013-11-15,Veracruz,Xico,Xalapa,2625,19.54,-96.93,cereals and tubers,Maize (white),67,KG,actual,Wholesale,MXN,5.15,0.4
2013-11-15,Veracruz,Xico,Xalapa,2625,19.54,-96.93,pulses and nuts,"Beans (black, imported)",567,KG,actual,Wholesale,MXN,17.5,1.35
2013-12-15,Distrito Federal,Cuauhtemoc,Mexico City,2627,19.41,-99.13,cereals and tubers,"Rice (long grain, Sinaloa)",591,KG,actual,Wholesale,MXN,11.5,0.89
2013-12-15,Distrito Federal,Cuauhtemoc,Mexico City,2627,19.41,-99.13,cereals and tubers,"Rice (small grain, Morelos)",596,KG,actual,Wholesale,MXN,26,2.01
2013-12-15,Distrito Federal,Cuauhtemoc,Mexico City,2627,19.41,-99.13,cereals and tubers,Tortilla,143,KG,actual,Retail,MXN,11.18,0.87
2013-12-15,Distrito Federal,Cuauhtemoc,Mexico City,2627,19.41,-99.13,pulses and nuts,"Beans (black, Zacatecas)",566,KG,actual,Wholesale,MXN,13.4,1.04
2013-12-15,Distrito Federal,Cuauhtemoc,Mexico City,2627,19.41,-99.13,pulses and nuts,"Beans (black, imported)",567,KG,actual,Wholesale,MXN,18.7,1.45
2013-12-15,Jalisco,Guadalajara,Guadalajara,2628,20.68,-103.35,cereals and tubers,Maize (white),67,KG,actual,Wholesale,MXN,4.82,0.37
2013-12-15,Jalisco,Guadalajara,Guadalajara,2628,20.68,-103.35,cereals and tubers,"Rice (long grain, Sinaloa)",591,KG,actual,Wholesale,MXN,11,0.85
2013-12-15,Puebla,San Andres Cholula,Puebla,2626,19.01,-98.2,cereals and tubers,Maize (white),67,KG,actual,Wholesale,MXN,4.5,0.35
2013-12-15,Puebla,San Andres Cholula,Puebla,2626,19.01,-98.2,cereals and tubers,"Rice (small grain, Morelos)",596,KG,actual,Wholesale,MXN,19.33,1.5
2013-12-15,Puebla,San Andres Cholula,Puebla,2626,19.01,-98.2,pulses and nuts,"Beans (black, Veracruz)",565,KG,actual,Wholesale,MXN,14.5,1.12
2013-12-15,Puebla,San Andres Cholula,Puebla,2626,19.01,-98.2,pulses and nuts,"Beans (black, imported)",567,KG,actual,Wholesale,MXN,18,1.39
2013-12-15,Sinaloa,Culiacan,Culiacán,2629,24.8,-107.39,cereals and tubers,Maize (white),67,KG,actual,Wholesale,MXN,4.5,0.35
2013-12-15,Veracruz,Xico,Xalapa,2625,19.54,-96.93,cereals and tubers,Maize (white),67,KG,actual,Wholesale,MXN,5,0.39
2013-12-15,Veracruz,Xico,Xalapa,2625,19.54,-96.93,pulses and nuts,"Beans (black, imported)",567,KG,actual,Wholesale,MXN,17.5,1.36
2014-01-15,Distrito Federal,Cuauhtemoc,Mexico City,2627,19.41,-99.13,cereals and tubers,"Rice (long grain, Sinaloa)",591,KG,actual,Wholesale,MXN,11.35,0.86
2014-01-15,Distrito Federal,Cuauhtemoc,Mexico City,2627,19.41,-99.13,cereals and tubers,"Rice (small grain, Morelos)",596,KG,actual,Wholesale,MXN,26,1.97
2014-01-15,Distrito Federal,Cuauhtemoc,Mexico City,2627,19.41,-99.13,cereals and tubers,Tortilla,143,KG,actual,Retail,MXN,11.18,0.85
2014-01-15,Distrito Federal,Cuauhtemoc,Mexico City,2627,19.41,-99.13,pulses and nuts,"Beans (black, Veracruz)",565,KG,actual,Wholesale,MXN,13.9,1.05
2014-01-15,Distrito Federal,Cuauhtemoc,Mexico City,2627,19.41,-99.13,pulses and nuts,"Beans (black, Zacatecas)",566,KG,actual,Wholesale,MXN,12.5,0.95
2014-01-15,Distrito Federal,Cuauhtemoc,Mexico City,2627,19.41,-99.13,pulses and nuts,"Beans (black, imported)",567,KG,actual,Wholesale,MXN,18.5,1.4
2014-01-15,Jalisco,Guadalajara,Guadalajara,2628,20.68,-103.35,cereals and tubers,Maize (white),67,KG,actual,Wholesale,MXN,4.63,0.35
2014-01-15,Jalisco,Guadalajara,Guadalajara,2628,20.68,-103.35,cereals and tubers,"Rice (long grain, Sinaloa)",591,KG,actual,Wholesale,MXN,11,0.83
2014-01-15,Puebla,San Andres Cholula,Puebla,2626,19.01,-98.2,cereals and tubers,"Rice (small grain, Morelos)",596,KG,actual,Wholesale,MXN,19,1.44
2014-01-15,Puebla,San Andres Cholula,Puebla,2626,19.01,-98.2,pulses and nuts,"Beans (black, Veracruz)",565,KG,actual,Wholesale,MXN,14,1.06
2014-01-15,Puebla,San Andres Cholula,Puebla,2626,19.01,-98.2,pulses and nuts,"Beans (black, imported)",567,KG,actual,Wholesale,MXN,18.5,1.4
2014-01-15,Sinaloa,Culiacan,Culiacán,2629,24.8,-107.39,cereals and tubers,Maize (white),67,KG,actual,Wholesale,MXN,4.25,0.32
2014-01-15,Veracruz,Xico,Xalapa,2625,19.54,-96.93,cereals and tubers,Maize (white),67,KG,actual,Wholesale,MXN,4.63,0.35
2014-01-15,Veracruz,Xico,Xalapa,2625,19.54,-96.93,pulses and nuts,"Beans (black, imported)",567,KG,actual,Wholesale,MXN,17.8,1.35
2014-02-15,Distrito Federal,Cuauhtemoc,Mexico City,2627,19.41,-99.13,cereals and tubers,"Rice (long grain, Sinaloa)",591,KG,actual,Wholesale,MXN,11.2,0.85
2014-02-15,Distrito Federal,Cuauhtemoc,Mexico City,2627,19.41,-99.13,cereals and tubers,"Rice (small grain, Morelos)",596,KG,actual,Wholesale,MXN,26,1.97
2014-02-15,Distrito Federal,Cuauhtemoc,Mexico City,2627,19.41,-99.13,cereals and tubers,Tortilla,143,KG,actual,Retail,MXN,11.18,0.85
2014-02-15,Distrito Federal,Cuauhtemoc,Mexico City,2627,19.41,-99.13,pulses and nuts,"Beans (black, Veracruz)",565,KG,actual,Wholesale,MXN,13,0.98
2014-02-15,Distrito Federal,Cuauhtemoc,Mexico City,2627,19.41,-99.13,pulses and nuts,"Beans (black, Zacatecas)",566,KG,actual,Wholesale,MXN,12,0.91
2014-02-15,Distrito Federal,Cuauhtemoc,Mexico City,2627,19.41,-99.13,pulses and nuts,"Beans (black, imported)",567,KG,actual,Wholesale,MXN,19.13,1.45
2014-02-15,Jalisco,Guadalajara,Guadalajara,2628,20.68,-103.35,cereals and tubers,Maize (white),67,KG,actual,Wholesale,MXN,4.25,0.32
2014-02-15,Jalisco,Guadalajara,Guadalajara,2628,20.68,-103.35,cereals and tubers,"Rice (long grain, Sinaloa)",591,KG,actual,Wholesale,MXN,10.5,0.79
2014-02-15,Puebla,San Andres Cholula,Puebla,2626,19.01,-98.2,cereals and tubers,Maize (white),67,KG,actual,Wholesale,MXN,5,0.38
2014-02-15,Puebla,San Andres Cholula,Puebla,2626,19.01,-98.2,pulses and nuts,"Beans (black, Veracruz)",565,KG,actual,Wholesale,MXN,14,1.06
2014-02-15,Puebla,San Andres Cholula,Puebla,2626,19.01,-98.2,pulses and nuts,"Beans (black, imported)",567,KG,actual,Wholesale,MXN,18.5,1.4
2014-02-15,Sinaloa,Culiacan,Culiacán,2629,24.8,-107.39,cereals and tubers,Maize (white),67,KG,actual,Wholesale,MXN,4.5,0.34
2014-02-15,Veracruz,Xico,Xalapa,2625,19.54,-96.93,cereals and tubers,Maize (white),67,KG,actual,Wholesale,MXN,4,0.3
2014-02-15,Veracruz,Xico,Xalapa,2625,19.54,-96.93,pulses and nuts,"Beans (black, imported)",567,KG,actual,Wholesale,MXN,17.53,1.33
2014-03-15,Distrito Federal,Cuauhtemoc,Mexico City,2627,19.41,-99.13,cereals and tubers,"Rice (long grain, Sinaloa)",591,KG,actual,Wholesale,MXN,11,0.83
2014-03-15,Distrito Federal,Cuauhtemoc,Mexico City,2627,19.41,-99.13,cereals and tubers,"Rice (small grain, Morelos)",596,KG,actual,Wholesale,MXN,26,1.97
2014-03-15,Distrito Federal,Cuauhtemoc,Mexico City,2627,19.41,-99.13,cereals and tubers,Tortilla,143,KG,actual,Retail,MXN,11.18,0.85
2014-03-15,Distrito Federal,Cuauhtemoc,Mexico City,2627,19.41,-99.13,pulses and nuts,"Beans (black, Veracruz)",565,KG,actual,Wholesale,MXN,13,0.99
2014-03-15,Distrito Federal,Cuauhtemoc,Mexico City,2627,19.41,-99.13,pulses and nuts,"Beans (black, Zacatecas)",566,KG,actual,Wholesale,MXN,11.5,0.87
2014-03-15,Distrito Federal,Cuauhtemoc,Mexico City,2627,19.41,-99.13,pulses and nuts,"Beans (black, imported)",567,KG,actual,Wholesale,MXN,19,1.44
2014-03-15,Jalisco,Guadalajara,Guadalajara,2628,20.68,-103.35,cereals and tubers,Maize (white),67,KG,actual,Wholesale,MXN,4.38,0.33
2014-03-15,Puebla,San Andres Cholula,Puebla,2626,19.01,-98.2,cereals and tubers,Maize (white),67,KG,actual,Wholesale,MXN,5,0.38
2014-03-15,Puebla,San Andres Cholula,Puebla,2626,19.01,-98.2,cereals and tubers,"Rice (small grain, Morelos)",596,KG,actual,Wholesale,MXN,19,1.44
2014-03-15,Puebla,San Andres Cholula,Puebla,2626,19.01,-98.2,pulses and nuts,"Beans (black, Veracruz)",565,KG,actual,Wholesale,MXN,14,1.06
2014-03-15,Puebla,San Andres Cholula,Puebla,2626,19.01,-98.2,pulses and nuts,"Beans (black, imported)",567,KG,actual,Wholesale,MXN,18.5,1.4
2014-03-15,Sinaloa,Culiacan,Culiacán,2629,24.8,-107.39,cereals and tubers,Maize (white),67,KG,actual,Wholesale,MXN,4.8,0.36
2014-03-15,Veracruz,Xico,Xalapa,2625,19.54,-96.93,cereals and tubers,Maize (white),67,KG,actual,Wholesale,MXN,4,0.3
2014-04-15,Distrito Federal,Cuauhtemoc,Mexico City,2627,19.41,-99.13,cereals and tubers,"Rice (long grain, Sinaloa)",591,KG,actual,Wholesale,MXN,11,0.84
2014-04-15,Distrito Federal,Cuauhtemoc,Mexico City,2627,19.41,-99.13,cereals and tubers,"Rice (small grain, Morelos)",596,KG,actual,Wholesale,MXN,26,1.99
2014-04-15,Distrito Federal,Cuauhtemoc,Mexico City,2627,19.41,-99.13,cereals and tubers,Tortilla,143,KG,actual,Retail,MXN,11.18,0.85
2014-04-15,Distrito Federal,Cuauhtemoc,Mexico City,2627,19.41,-99.13,pulses and nuts,"Beans (black, Veracruz)",565,KG,actual,Wholesale,MXN,13.86,1.06
2014-04-15,Distrito Federal,Cuauhtemoc,Mexico City,2627,19.41,-99.13,pulses and nuts,"Beans (black, imported)",567,KG,actual,Wholesale,MXN,20.1,1.54
2014-04-15,Jalisco,Guadalajara,Guadalajara,2628,20.68,-103.35,cereals and tubers,Maize (white),67,KG,actual,Wholesale,MXN,4.2,0.32
2014-04-15,Jalisco,Guadalajara,Guadalajara,2628,20.68,-103.35,cereals and tubers,"Rice (long grain, Sinaloa)",591,KG,actual,Wholesale,MXN,10.2,0.78
2014-04-15,Puebla,San Andres Cholula,Puebla,2626,19.01,-98.2,cereals and tubers,Maize (white),67,KG,actual,Wholesale,MXN,5,0.38
2014-04-15,Puebla,San Andres Cholula,Puebla,2626,19.01,-98.2,pulses and nuts,"Beans (black, Veracruz)",565,KG,actual,Wholesale,MXN,14,1.07
2014-04-15,Puebla,San Andres Cholula,Puebla,2626,19.01,-98.2,pulses and nuts,"Beans (black, imported)",567,KG,actual,Wholesale,MXN,18.5,1.41
2014-04-15,Sinaloa,Culiacan,Culiacán,2629,24.8,-107.39,cereals and tubers,Maize (white),67,KG,actual,Wholesale,MXN,4.84,0.37
2014-04-15,Veracruz,Xico,Xalapa,2625,19.54,-96.93,cereals and tubers,Maize (white),67,KG,actual,Wholesale,MXN,4.4,0.34
2014-04-15,Veracruz,Xico,Xalapa,2625,19.54,-96.93,pulses and nuts,"Beans (black, imported)",567,KG,actual,Wholesale,MXN,17.8,1.36
2014-05-15,Distrito Federal,Cuauhtemoc,Mexico City,2627,19.41,-99.13,cereals and tubers,"Rice (long grain, Sinaloa)",591,KG,actual,Wholesale,MXN,11.3,0.87
2014-05-15,Distrito Federal,Cuauhtemoc,Mexico City,2627,19.41,-99.13,cereals and tubers,"Rice (small grain, Morelos)",596,KG,actual,Wholesale,MXN,26,2.01
2014-05-15,Distrito Federal,Cuauhtemoc,Mexico City,2627,19.41,-99.13,cereals and tubers,Tortilla,143,KG,actual,Retail,MXN,11.18,0.86
2014-05-15,Distrito Federal,Cuauhtemoc,Mexico City,2627,19.41,-99.13,pulses and nuts,"Beans (black, Veracruz)",565,KG,actual,Wholesale,MXN,14.38,1.11
2014-05-15,Distrito Federal,Cuauhtemoc,Mexico City,2627,19.41,-99.13,pulses and nuts,"Beans (black, Zacatecas)",566,KG,actual,Wholesale,MXN,12.15,0.94
2014-05-15,Distrito Federal,Cuauhtemoc,Mexico City,2627,19.41,-99.13,pulses and nuts,"Beans (black, imported)",567,KG,actual,Wholesale,MXN,22,1.7
2014-05-15,Jalisco,Guadalajara,Guadalajara,2628,20.68,-103.35,cereals and tubers,Maize (white),67,KG,actual,Wholesale,MXN,3.85,0.3
2014-05-15,Jalisco,Guadalajara,Guadalajara,2628,20.68,-103.35,cereals and tubers,"Rice (long grain, Sinaloa)",591,KG,actual,Wholesale,MXN,11,0.85
2014-05-15,Puebla,San Andres Cholula,Puebla,2626,19.01,-98.2,cereals and tubers,Maize (white),67,KG,actual,Wholesale,MXN,5.1,0.39
2014-05-15,Puebla,San Andres Cholula,Puebla,2626,19.01,-98.2,cereals and tubers,"Rice (small grain, Morelos)",596,KG,actual,Wholesale,MXN,26,2.01
2014-05-15,Puebla,San Andres Cholula,Puebla,2626,19.01,-98.2,pulses and nuts,"Beans (black, Veracruz)",565,KG,actual,Wholesale,MXN,14.25,1.1
2014-05-15,Puebla,San Andres Cholula,Puebla,2626,19.01,-98.2,pulses and nuts,"Beans (black, imported)",567,KG,actual,Wholesale,MXN,22.75,1.76
2014-05-15,Sinaloa,Culiacan,Culiacán,2629,24.8,-107.39,cereals and tubers,Maize (white),67,KG,actual,Wholesale,MXN,5,0.39
2014-05-15,Veracruz,Xico,Xalapa,2625,19.54,-96.93,cereals and tubers,Maize (white),67,KG,actual,Wholesale,MXN,4.5,0.35
2014-06-15,Distrito Federal,Cuauhtemoc,Mexico City,2627,19.41,-99.13,cereals and tubers,"Rice (long grain, Sinaloa)",591,KG,actual,Wholesale,MXN,11.7,0.9
2014-06-15,Distrito Federal,Cuauhtemoc,Mexico City,2627,19.41,-99.13,cereals and tubers,"Rice (small grain, Morelos)",596,KG,actual,Wholesale,MXN,26,1.99
2014-06-15,Distrito Federal,Cuauhtemoc,Mexico City,2627,19.41,-99.13,cereals and tubers,Tortilla,143,KG,actual,Retail,MXN,11.18,0.86
2014-06-15,Jalisco,Guadalajara,Guadalajara,2628,20.68,-103.35,cereals and tubers,Maize (white),67,KG,actual,Wholesale,MXN,4,0.31
2014-06-15,Jalisco,Guadalajara,Guadalajara,2628,20.68,-103.35,cereals and tubers,"Rice (long grain, Sinaloa)",591,KG,actual,Wholesale,MXN,11,0.84
2014-06-15,Puebla,San Andres Cholula,Puebla,2626,19.01,-98.2,cereals and tubers,Maize (white),67,KG,actual,Wholesale,MXN,5.2,0.4
2014-06-15,Puebla,San Andres Cholula,Puebla,2626,19.01,-98.2,cereals and tubers,"Rice (small grain, Morelos)",596,KG,actual,Wholesale,MXN,26,1.99
2014-06-15,Puebla,San Andres Cholula,Puebla,2626,19.01,-98.2,pulses and nuts,"Beans (black, Veracruz)",565,KG,actual,Wholesale,MXN,14,1.07
2014-06-15,Puebla,San Andres Cholula,Puebla,2626,19.01,-98.2,pulses and nuts,"Beans (black, imported)",567,KG,actual,Wholesale,MXN,22.88,1.76
2014-06-15,Sinaloa,Culiacan,Culiacán,2629,24.8,-107.39,cereals and tubers,Maize (white),67,KG,actual,Wholesale,MXN,4.33,0.33
2014-06-15,Veracruz,Xico,Xalapa,2625,19.54,-96.93,cereals and tubers,Maize (white),67,KG,actual,Wholesale,MXN,4.5,0.35
2014-06-15,Veracruz,Xico,Xalapa,2625,19.54,-96.93,pulses and nuts,"Beans (black, imported)",567,KG,actual,Wholesale,MXN,18.8,1.44
2014-07-15,Distrito Federal,Cuauhtemoc,Mexico City,2627,19.41,-99.13,cereals and tubers,"Rice (long grain, Sinaloa)",591,KG,actual,Wholesale,MXN,11.8,0.91
2014-07-15,Distrito Federal,Cuauhtemoc,Mexico City,2627,19.41,-99.13,cereals and tubers,"Rice (small grain, Morelos)",596,KG,actual,Wholesale,MXN,26,2.01
2014-07-15,Distrito Federal,Cuauhtemoc,Mexico City,2627,19.41,-99.13,cereals and tubers,Tortilla,143,KG,actual,Retail,MXN,11.21,0.87
2014-07-15,Distrito Federal,Cuauhtemoc,Mexico City,2627,19.41,-99.13,pulses and nuts,"Beans (black, Zacatecas)",566,KG,actual,Wholesale,MXN,12.1,0.93
2014-07-15,Distrito Federal,Cuauhtemoc,Mexico City,2627,19.41,-99.13,pulses and nuts,"Beans (black, imported)",567,KG,actual,Wholesale,MXN,21.46,1.66
2014-07-15,Jalisco,Guadalajara,Guadalajara,2628,20.68,-103.35,cereals and tubers,Maize (white),67,KG,actual,Wholesale,MXN,5.2,0.4
2014-07-15,Jalisco,Guadalajara,Guadalajara,2628,20.68,-103.35,cereals and tubers,"Rice (long grain, Sinaloa)",591,KG,actual,Wholesale,MXN,10.8,0.83
2014-07-15,Puebla,San Andres Cholula,Puebla,2626,19.01,-98.2,cereals and tubers,Maize (white),67,KG,actual,Wholesale,MXN,5.2,0.4
2014-07-15,Puebla,San Andres Cholula,Puebla,2626,19.01,-98.2,cereals and tubers,"Rice (small grain, Morelos)",596,KG,actual,Wholesale,MXN,26,2.01
2014-07-15,Puebla,San Andres Cholula,Puebla,2626,19.01,-98.2,pulses and nuts,"Beans (black, Veracruz)",565,KG,actual,Wholesale,MXN,14,1.08
2014-07-15,Puebla,San Andres Cholula,Puebla,2626,19.01,-98.2,pulses and nuts,"Beans (black, imported)",567,KG,actual,Wholesale,MXN,20,1.54
2014-07-15,Sinaloa,Culiacan,Culiacán,2629,24.8,-107.39,cereals and tubers,Maize (white),67,KG,actual,Wholesale,MXN,4.2,0.32
2014-07-15,Veracruz,Xico,Xalapa,2625,19.54,-96.93,cereals and tubers,Maize (white),67,KG,actual,Wholesale,MXN,4.9,0.38
2014-07-15,Veracruz,Xico,Xalapa,2625,19.54,-96.93,pulses and nuts,"Beans (black, imported)",567,KG,actual,Wholesale,MXN,18.3,1.41
2014-08-15,Distrito Federal,Cuauhtemoc,Mexico City,2627,19.41,-99.13,cereals and tubers,"Rice (long grain, Sinaloa)",591,KG,actual,Wholesale,MXN,11.78,0.9
2014-08-15,Distrito Federal,Cuauhtemoc,Mexico City,2627,19.41,-99.13,cereals and tubers,"Rice (small grain, Morelos)",596,KG,actual,Wholesale,MXN,26,1.99
2014-08-15,Distrito Federal,Cuauhtemoc,Mexico City,2627,19.41,-99.13,cereals and tubers,Tortilla,143,KG,actual,Retail,MXN,11.2,0.86
2014-08-15,Distrito Federal,Cuauhtemoc,Mexico City,2627,19.41,-99.13,pulses and nuts,"Beans (black, Veracruz)",565,KG,actual,Wholesale,MXN,14.13,1.08
2014-08-15,Distrito Federal,Cuauhtemoc,Mexico City,2627,19.41,-99.13,pulses and nuts,"Beans (black, imported)",567,KG,actual,Wholesale,MXN,20,1.53
2014-08-15,Jalisco,Guadalajara,Guadalajara,2628,20.68,-103.35,cereals and tubers,Maize (white),67,KG,actual,Wholesale,MXN,4.9,0.37
2014-08-15,Jalisco,Guadalajara,Guadalajara,2628,20.68,-103.35,cereals and tubers,"Rice (long grain, Sinaloa)",591,KG,actual,Wholesale,MXN,10.75,0.82
2014-08-15,Puebla,San Andres Cholula,Puebla,2626,19.01,-98.2,cereals and tubers,Maize (white),67,KG,actual,Wholesale,MXN,5.2,0.4
2014-08-15,Puebla,San Andres Cholula,Puebla,2626,19.01,-98.2,cereals and tubers,"Rice (small grain, Morelos)",596,KG,actual,Wholesale,MXN,26,1.99
2014-08-15,Puebla,San Andres Cholula,Puebla,2626,19.01,-98.2,pulses and nuts,"Beans (black, Veracruz)",565,KG,actual,Wholesale,MXN,14,1.07
2014-08-15,Puebla,San Andres Cholula,Puebla,2626,19.01,-98.2,pulses and nuts,"Beans (black, imported)",567,KG,actual,Wholesale,MXN,23,1.76
2014-08-15,Sinaloa,Culiacan,Culiacán,2629,24.8,-107.39,cereals and tubers,Maize (white),67,KG,actual,Wholesale,MXN,4.75,0.36
2014-08-15,Veracruz,Xico,Xalapa,2625,19.54,-96.93,cereals and tubers,Maize (white),67,KG,actual,Wholesale,MXN,5,0.38
2014-08-15,Veracruz,Xico,Xalapa,2625,19.54,-96.93,pulses and nuts,"Beans (black, imported)",567,KG,actual,Wholesale,MXN,18.13,1.39
2014-09-15,Distrito Federal,Cuauhtemoc,Mexico City,2627,19.41,-99.13,cereals and tubers,"Rice (long grain, Sinaloa)",591,KG,actual,Wholesale,MXN,11.7,0.88
2014-09-15,Distrito Federal,Cuauhtemoc,Mexico City,2627,19.41,-99.13,cereals and tubers,Tortilla,143,KG,actual,Retail,MXN,11.2,0.85
2014-09-15,Distrito Federal,Cuauhtemoc,Mexico City,2627,19.41,-99.13,pulses and nuts,"Beans (black, Zacatecas)",566,KG,actual,Wholesale,MXN,12.5,0.94
2014-09-15,Distrito Federal,Cuauhtemoc,Mexico City,2627,19.41,-99.13,pulses and nuts,"Beans (black, imported)",567,KG,actual,Wholesale,MXN,19.25,1.46
2014-09-15,Jalisco,Guadalajara,Guadalajara,2628,20.68,-103.35,cereals and tubers,Maize (white),67,KG,actual,Wholesale,MXN,4.5,0.34
2014-09-15,Jalisco,Guadalajara,Guadalajara,2628,20.68,-103.35,cereals and tubers,"Rice (long grain, Sinaloa)",591,KG,actual,Wholesale,MXN,11,0.83
2014-09-15,Puebla,San Andres Cholula,Puebla,2626,19.01,-98.2,cereals and tubers,Maize (white),67,KG,actual,Wholesale,MXN,5.2,0.39
2014-09-15,Puebla,San Andres Cholula,Puebla,2626,19.01,-98.2,cereals and tubers,"Rice (small grain, Morelos)",596,KG,actual,Wholesale,MXN,26,1.97
2014-09-15,Puebla,San Andres Cholula,Puebla,2626,19.01,-98.2,pulses and nuts,"Beans (black, Veracruz)",565,KG,actual,Wholesale,MXN,14,1.06
2014-09-15,Puebla,San Andres Cholula,Puebla,2626,19.01,-98.2,pulses and nuts,"Beans (black, imported)",567,KG,actual,Wholesale,MXN,20.25,1.53
2014-09-15,Sinaloa,Culiacan,Culiacán,2629,24.8,-107.39,cereals and tubers,Maize (white),67,KG,actual,Wholesale,MXN,4,0.3
2014-09-15,Veracruz,Xico,Xalapa,2625,19.54,-96.93,cereals and tubers,Maize (white),67,KG,actual,Wholesale,MXN,5,0.38
2014-09-15,Veracruz,Xico,Xalapa,2625,19.54,-96.93,pulses and nuts,"Beans (black, imported)",567,KG,actual,Wholesale,MXN,17,1.28
2014-10-15,Distrito Federal,Cuauhtemoc,Mexico City,2627,19.41,-99.13,cereals and tubers,"Rice (long grain, Sinaloa)",591,KG,actual,Wholesale,MXN,11.7,0.86
2014-10-15,Distrito Federal,Cuauhtemoc,Mexico City,2627,19.41,-99.13,cereals and tubers,"Rice (small grain, Morelos)",596,KG,actual,Wholesale,MXN,25.8,1.91
2014-10-15,Distrito Federal,Cuauhtemoc,Mexico City,2627,19.41,-99.13,cereals and tubers,Tortilla,143,KG,actual,Retail,MXN,11.2,0.83
2014-10-15,Distrito Federal,Cuauhtemoc,Mexico City,2627,19.41,-99.13,pulses and nuts,"Beans (black, Veracruz)",565,KG,actual,Wholesale,MXN,13,0.96
2014-10-15,Distrito Federal,Cuauhtemoc,Mexico City,2627,19.41,-99.13,pulses and nuts,"Beans (black, Zacatecas)",566,KG,actual,Wholesale,MXN,12.74,0.94
2014-10-15,Jalisco,Guadalajara,Guadalajara,2628,20.68,-103.35,cereals and tubers,"Rice (long grain, Sinaloa)",591,KG,actual,Wholesale,MXN,10.8,0.8
2014-10-15,Puebla,San Andres Cholula,Puebla,2626,19.01,-98.2,cereals and tubers,Maize (white),67,KG,actual,Wholesale,MXN,5.2,0.38
2014-10-15,Puebla,San Andres Cholula,Puebla,2626,19.01,-98.2,cereals and tubers,"Rice (small grain, Morelos)",596,KG,actual,Wholesale,MXN,26,1.92
2014-10-15,Puebla,San Andres Cholula,Puebla,2626,19.01,-98.2,pulses and nuts,"Beans (black, Veracruz)",565,KG,actual,Wholesale,MXN,14,1.03
2014-10-15,Puebla,San Andres Cholula,Puebla,2626,19.01,-98.2,pulses and nuts,"Beans (black, imported)",567,KG,actual,Wholesale,MXN,18,1.33
2014-10-15,Sinaloa,Culiacan,Culiacán,2629,24.8,-107.39,cereals and tubers,Maize (white),67,KG,actual,Wholesale,MXN,4.4,0.33
2014-10-15,Veracruz,Xico,Xalapa,2625,19.54,-96.93,cereals and tubers,Maize (white),67,KG,actual,Wholesale,MXN,5,0.37
2014-10-15,Veracruz,Xico,Xalapa,2625,19.54,-96.93,pulses and nuts,"Beans (black, imported)",567,KG,actual,Wholesale,MXN,17.66,1.31
2014-11-15,Distrito Federal,Cuauhtemoc,Mexico City,2627,19.41,-99.13,cereals and tubers,"Rice (small grain, Morelos)",596,KG,actual,Wholesale,MXN,25.5,1.88
2014-11-15,Distrito Federal,Cuauhtemoc,Mexico City,2627,19.41,-99.13,cereals and tubers,Tortilla,143,KG,actual,Retail,MXN,11.2,0.83
2014-11-15,Distrito Federal,Cuauhtemoc,Mexico City,2627,19.41,-99.13,pulses and nuts,"Beans (black, Veracruz)",565,KG,actual,Wholesale,MXN,13,0.96
2014-11-15,Distrito Federal,Cuauhtemoc,Mexico City,2627,19.41,-99.13,pulses and nuts,"Beans (black, Zacatecas)",566,KG,actual,Wholesale,MXN,12.5,0.92
2014-11-15,Distrito Federal,Cuauhtemoc,Mexico City,2627,19.41,-99.13,pulses and nuts,"Beans (black, imported)",567,KG,actual,Wholesale,MXN,18.4,1.36
2014-11-15,Jalisco,Guadalajara,Guadalajara,2628,20.68,-103.35,cereals and tubers,"Rice (long grain, Sinaloa)",591,KG,actual,Wholesale,MXN,11,0.81
2014-11-15,Jalisco,Guadalajara,Guadalajara,2628,20.68,-103.35,pulses and nuts,"Beans (black, Nayarit)",564,KG,actual,Wholesale,MXN,14,1.03
2014-11-15,Puebla,San Andres Cholula,Puebla,2626,19.01,-98.2,cereals and tubers,Maize (white),67,KG,actual,Wholesale,MXN,5.35,0.39
2014-11-15,Puebla,San Andres Cholula,Puebla,2626,19.01,-98.2,cereals and tubers,"Rice (small grain, Morelos)",596,KG,actual,Wholesale,MXN,26,1.92
2014-11-15,Puebla,San Andres Cholula,Puebla,2626,19.01,-98.2,pulses and nuts,"Beans (black, Veracruz)",565,KG,actual,Wholesale,MXN,14,1.03
2014-11-15,Puebla,San Andres Cholula,Puebla,2626,19.01,-98.2,pulses and nuts,"Beans (black, imported)",567,KG,actual,Wholesale,MXN,18,1.33
2014-11-15,Sinaloa,Culiacan,Culiacán,2629,24.8,-107.39,cereals and tubers,Maize (white),67,KG,actual,Wholesale,MXN,4,0.3
2014-11-15,Veracruz,Xico,Xalapa,2625,19.54,-96.93,cereals and tubers,Maize (white),67,KG,actual,Wholesale,MXN,4.63,0.34
2014-11-15,Veracruz,Xico,Xalapa,2625,19.54,-96.93,pulses and nuts,"Beans (black, imported)",567,KG,actual,Wholesale,MXN,16.1,1.19
2014-12-15,Distrito Federal,Cuauhtemoc,Mexico City,2627,19.41,-99.13,cereals and tubers,"Rice (small grain, Morelos)",596,KG,actual,Wholesale,MXN,25.5,1.73
2014-12-15,Distrito Federal,Cuauhtemoc,Mexico City,2627,19.41,-99.13,cereals and tubers,Tortilla,143,KG,actual,Retail,MXN,11.2,0.76
2014-12-15,Distrito Federal,Cuauhtemoc,Mexico City,2627,19.41,-99.13,pulses and nuts,"Beans (black, Zacatecas)",566,KG,actual,Wholesale,MXN,12.6,0.85
2014-12-15,Distrito Federal,Cuauhtemoc,Mexico City,2627,19.41,-99.13,pulses and nuts,"Beans (black, imported)",567,KG,actual,Wholesale,MXN,18.9,1.28
2014-12-15,Jalisco,Guadalajara,Guadalajara,2628,20.68,-103.35,pulses and nuts,"Beans (black, Nayarit)",564,KG,actual,Wholesale,MXN,14.4,0.98
2014-12-15,Puebla,San Andres Cholula,Puebla,2626,19.01,-98.2,cereals and tubers,Maize (white),67,KG,actual,Wholesale,MXN,5.2,0.35
2014-12-15,Puebla,San Andres Cholula,Puebla,2626,19.01,-98.2,pulses and nuts,"Beans (black, Veracruz)",565,KG,actual,Wholesale,MXN,14,0.95
2014-12-15,Sinaloa,Culiacan,Culiacán,2629,24.8,-107.39,cereals and tubers,Maize (white),67,KG,actual,Wholesale,MXN,4,0.27
2014-12-15,Veracruz,Xico,Xalapa,2625,19.54,-96.93,cereals and tubers,Maize (white),67,KG,actual,Wholesale,MXN,4.5,0.3
2014-12-15,Veracruz,Xico,Xalapa,2625,19.54,-96.93,pulses and nuts,"Beans (black, imported)",567,KG,actual,Wholesale,MXN,16.98,1.15
2015-01-15,Distrito Federal,Cuauhtemoc,Mexico City,2627,19.41,-99.13,cereals and tubers,"Rice (long grain, Sinaloa)",591,KG,actual,Wholesale,MXN,13,0.89
2015-01-15,Distrito Federal,Cuauhtemoc,Mexico City,2627,19.41,-99.13,cereals and tubers,"Rice (small grain, Morelos)",596,KG,actual,Wholesale,MXN,25.63,1.75
2015-01-15,Distrito Federal,Cuauhtemoc,Mexico City,2627,19.41,-99.13,cereals and tubers,Tortilla,143,KG,actual,Retail,MXN,11.2,0.76
2015-01-15,Distrito Federal,Cuauhtemoc,Mexico City,2627,19.41,-99.13,pulses and nuts,"Beans (black, Veracruz)",565,KG,actual,Wholesale,MXN,13,0.89
2015-01-15,Distrito Federal,Cuauhtemoc,Mexico City,2627,19.41,-99.13,pulses and nuts,"Beans (black, Zacatecas)",566,KG,actual,Wholesale,MXN,13,0.89
2015-01-15,Distrito Federal,Cuauhtemoc,Mexico City,2627,19.41,-99.13,pulses and nuts,"Beans (black, imported)",567,KG,actual,Wholesale,MXN,19.08,1.3
2015-01-15,Jalisco,Guadalajara,Guadalajara,2628,20.68,-103.35,cereals and tubers,Maize (white),67,KG,actual,Wholesale,MXN,5,0.34
2015-01-15,Jalisco,Guadalajara,Guadalajara,2628,20.68,-103.35,cereals and tubers,"Rice (long grain, Sinaloa)",591,KG,actual,Wholesale,MXN,11,0.75
2015-01-15,Jalisco,Guadalajara,Guadalajara,2628,20.68,-103.35,pulses and nuts,"Beans (black, Nayarit)",564,KG,actual,Wholesale,MXN,14.75,1.01
2015-01-15,Puebla,San Andres Cholula,Puebla,2626,19.01,-98.2,cereals and tubers,Maize (white),67,KG,actual,Wholesale,MXN,5.2,0.35
2015-01-15,Puebla,San Andres Cholula,Puebla,2626,19.01,-98.2,pulses and nuts,"Beans (black, Veracruz)",565,KG,actual,Wholesale,MXN,14,0.95
2015-01-15,Puebla,San Andres Cholula,Puebla,2626,19.01,-98.2,pulses and nuts,"Beans (black, imported)",567,KG,actual,Wholesale,MXN,18.38,1.25
2015-01-15,Sinaloa,Culiacan,Culiacán,2629,24.8,-107.39,cereals and tubers,Maize (white),67,KG,actual,Wholesale,MXN,4,0.27
2015-01-15,Veracruz,Xico,Xalapa,2625,19.54,-96.93,cereals and tubers,Maize (white),67,KG,actual,Wholesale,MXN,4.5,0.31
2015-01-15,Veracruz,Xico,Xalapa,2625,19.54,-96.93,pulses and nuts,"Beans (black, imported)",567,KG,actual,Wholesale,MXN,18.33,1.25
2015-02-15,Distrito Federal,Cuauhtemoc,Mexico City,2627,19.41,-99.13,cereals and tubers,"Rice (long grain, Sinaloa)",591,KG,actual,Wholesale,MXN,13,0.87
2015-02-15,Distrito Federal,Cuauhtemoc,Mexico City,2627,19.41,-99.13,cereals and tubers,"Rice (small grain, Morelos)",596,KG,actual,Wholesale,MXN,25.5,1.71
2015-02-15,Distrito Federal,Cuauhtemoc,Mexico City,2627,19.41,-99.13,cereals and tubers,Tortilla,143,KG,actual,Retail,MXN,11.2,0.75
2015-02-15,Distrito Federal,Cuauhtemoc,Mexico City,2627,19.41,-99.13,pulses and nuts,"Beans (black, Veracruz)",565,KG,actual,Wholesale,MXN,13.63,0.91
2015-02-15,Distrito Federal,Cuauhtemoc,Mexico City,2627,19.41,-99.13,pulses and nuts,"Beans (black, imported)",567,KG,actual,Wholesale,MXN,19,1.27
2015-02-15,Jalisco,Guadalajara,Guadalajara,2628,20.68,-103.35,cereals and tubers,Maize (white),67,KG,actual,Wholesale,MXN,4.93,0.33
2015-02-15,Jalisco,Guadalajara,Guadalajara,2628,20.68,-103.35,pulses and nuts,"Beans (black, Nayarit)",564,KG,actual,Wholesale,MXN,14.25,0.96
2015-02-15,Puebla,San Andres Cholula,Puebla,2626,19.01,-98.2,cereals and tubers,Maize (white),67,KG,actual,Wholesale,MXN,5.2,0.35
2015-02-15,Puebla,San Andres Cholula,Puebla,2626,19.01,-98.2,cereals and tubers,"Rice (small grain, Morelos)",596,KG,actual,Wholesale,MXN,26,1.74
2015-02-15,Puebla,San Andres Cholula,Puebla,2626,19.01,-98.2,pulses and nuts,"Beans (black, Veracruz)",565,KG,actual,Wholesale,MXN,14,0.94
2015-02-15,Puebla,San Andres Cholula,Puebla,2626,19.01,-98.2,pulses and nuts,"Beans (black, imported)",567,KG,actual,Wholesale,MXN,18.5,1.24
2015-02-15,Sinaloa,Culiacan,Culiacán,2629,24.8,-107.39,cereals and tubers,Maize (white),67,KG,actual,Wholesale,MXN,4.5,0.3
2015-02-15,Veracruz,Xico,Xalapa,2625,19.54,-96.93,cereals and tubers,Maize (white),67,KG,actual,Wholesale,MXN,4.5,0.3
2015-02-15,Veracruz,Xico,Xalapa,2625,19.54,-96.93,pulses and nuts,"Beans (black, imported)",567,KG,actual,Wholesale,MXN,18.5,1.24
2015-03-15,Distrito Federal,Cuauhtemoc,Mexico City,2627,19.41,-99.13,cereals and tubers,"Rice (long grain, Sinaloa)",591,KG,actual,Wholesale,MXN,13,0.84
2015-03-15,Distrito Federal,Cuauhtemoc,Mexico City,2627,19.41,-99.13,cereals and tubers,"Rice (small grain, Morelos)",596,KG,actual,Wholesale,MXN,25.5,1.65
2015-03-15,Distrito Federal,Cuauhtemoc,Mexico City,2627,19.41,-99.13,cereals and tubers,Tortilla,143,KG,actual,Retail,MXN,11.2,0.73
2015-03-15,Distrito Federal,Cuauhtemoc,Mexico City,2627,19.41,-99.13,pulses and nuts,"Beans (black, Veracruz)",565,KG,actual,Wholesale,MXN,14,0.91
2015-03-15,Distrito Federal,Cuauhtemoc,Mexico City,2627,19.41,-99.13,pulses and nuts,"Beans (black, imported)",567,KG,actual,Wholesale,MXN,19,1.23
2015-03-15,Jalisco,Guadalajara,Guadalajara,2628,20.68,-103.35,cereals and tubers,Maize (white),67,KG,actual,Wholesale,MXN,4.6,0.3
2015-03-15,Jalisco,Guadalajara,Guadalajara,2628,20.68,-103.35,cereals and tubers,"Rice (long grain, Sinaloa)",591,KG,actual,Wholesale,MXN,11,0.71
2015-03-15,Jalisco,Guadalajara,Guadalajara,2628,20.68,-103.35,pulses and nuts,"Beans (black, Nayarit)",564,KG,actual,Wholesale,MXN,15,0.97
2015-03-15,Puebla,San Andres Cholula,Puebla,2626,19.01,-98.2,cereals and tubers,Maize (white),67,KG,actual,Wholesale,MXN,5.2,0.34
2015-03-15,Puebla,San Andres Cholula,Puebla,2626,19.01,-98.2,pulses and nuts,"Beans (black, Veracruz)",565,KG,actual,Wholesale,MXN,14,0.91
2015-03-15,Puebla,San Andres Cholula,Puebla,2626,19.01,-98.2,pulses and nuts,"Beans (black, imported)",567,KG,actual,Wholesale,MXN,18.5,1.2
2015-03-15,Sinaloa,Culiacan,Culiacán,2629,24.8,-107.39,cereals and tubers,Maize (white),67,KG,actual,Wholesale,MXN,4.25,0.28
2015-03-15,Veracruz,Xico,Xalapa,2625,19.54,-96.93,cereals and tubers,Maize (white),67,KG,actual,Wholesale,MXN,4.5,0.29
2015-03-15,Veracruz,Xico,Xalapa,2625,19.54,-96.93,pulses and nuts,"Beans (black, imported)",567,KG,actual,Wholesale,MXN,18.38,1.19
2015-04-15,Distrito Federal,Cuauhtemoc,Mexico City,2627,19.41,-99.13,cereals and tubers,"Rice (long grain, Sinaloa)",591,KG,actual,Wholesale,MXN,13,0.85
2015-04-15,Distrito Federal,Cuauhtemoc,Mexico City,2627,19.41,-99.13,cereals and tubers,"Rice (small grain, Morelos)",596,KG,actual,Wholesale,MXN,25.5,1.67
2015-04-15,Distrito Federal,Cuauhtemoc,Mexico City,2627,19.41,-99.13,cereals and tubers,Tortilla,143,KG,actual,Retail,MXN,11.2,0.73
2015-04-15,Distrito Federal,Cuauhtemoc,Mexico City,2627,19.41,-99.13,pulses and nuts,"Beans (black, Veracruz)",565,KG,actual,Wholesale,MXN,14.5,0.95
2015-04-15,Distrito Federal,Cuauhtemoc,Mexico City,2627,19.41,-99.13,pulses and nuts,"Beans (black, imported)",567,KG,actual,Wholesale,MXN,19,1.25
2015-04-15,Jalisco,Guadalajara,Guadalajara,2628,20.68,-103.35,cereals and tubers,Maize (white),67,KG,actual,Wholesale,MXN,4.36,0.29
2015-04-15,Jalisco,Guadalajara,Guadalajara,2628,20.68,-103.35,pulses and nuts,"Beans (black, Nayarit)",564,KG,actual,Wholesale,MXN,15,0.98
2015-04-15,Puebla,San Andres Cholula,Puebla,2626,19.01,-98.2,cereals and tubers,Maize (white),67,KG,actual,Wholesale,MXN,5.2,0.34
2015-04-15,Puebla,San Andres Cholula,Puebla,2626,19.01,-98.2,cereals and tubers,"Rice (small grain, Morelos)",596,KG,actual,Wholesale,MXN,26,1.7
2015-04-15,Puebla,San Andres Cholula,Puebla,2626,19.01,-98.2,pulses and nuts,"Beans (black, Veracruz)",565,KG,actual,Wholesale,MXN,14,0.92
2015-04-15,Puebla,San Andres Cholula,Puebla,2626,19.01,-98.2,pulses and nuts,"Beans (black, imported)",567,KG,actual,Wholesale,MXN,18,1.18
2015-04-15,Sinaloa,Culiacan,Culiacán,2629,24.8,-107.39,cereals and tubers,Maize (white),67,KG,actual,Wholesale,MXN,4,0.26
2015-04-15,Veracruz,Xico,Xalapa,2625,19.54,-96.93,cereals and tubers,Maize (white),67,KG,actual,Wholesale,MXN,4.5,0.29
2015-04-15,Veracruz,Xico,Xalapa,2625,19.54,-96.93,pulses and nuts,"Beans (black, imported)",567,KG,actual,Wholesale,MXN,18,1.18
2015-05-15,Distrito Federal,Cuauhtemoc,Mexico City,2627,19.41,-99.13,cereals and tubers,"Rice (long grain, Sinaloa)",591,KG,actual,Wholesale,MXN,12.85,0.86
2015-05-15,Distrito Federal,Cuauhtemoc,Mexico City,2627,19.41,-99.13,cereals and tubers,"Rice (small grain, Morelos)",596,KG,actual,Wholesale,MXN,25.5,1.7
2015-05-15,Distrito Federal,Cuauhtemoc,Mexico City,2627,19.41,-99.13,cereals and tubers,Tortilla,143,KG,actual,Retail,MXN,11.2,0.75
2015-05-15,Distrito Federal,Cuauhtemoc,Mexico City,2627,19.41,-99.13,pulses and nuts,"Beans (black, Veracruz)",565,KG,actual,Wholesale,MXN,14.5,0.97
2015-05-15,Distrito Federal,Cuauhtemoc,Mexico City,2627,19.41,-99.13,pulses and nuts,"Beans (black, imported)",567,KG,actual,Wholesale,MXN,19,1.27
2015-05-15,Jalisco,Guadalajara,Guadalajara,2628,20.68,-103.35,cereals and tubers,"Rice (long grain, Sinaloa)",591,KG,actual,Wholesale,MXN,11,0.73
2015-05-15,Jalisco,Guadalajara,Guadalajara,2628,20.68,-103.35,pulses and nuts,"Beans (black, Nayarit)",564,KG,actual,Wholesale,MXN,15,1
2015-05-15,Puebla,San Andres Cholula,Puebla,2626,19.01,-98.2,cereals and tubers,"Rice (small grain, Morelos)",596,KG,actual,Wholesale,MXN,26.25,1.75
2015-05-15,Puebla,San Andres Cholula,Puebla,2626,19.01,-98.2,pulses and nuts,"Beans (black, Veracruz)",565,KG,actual,Wholesale,MXN,14,0.93
2015-05-15,Puebla,San Andres Cholula,Puebla,2626,19.01,-98.2,pulses and nuts,"Beans (black, imported)",567,KG,actual,Wholesale,MXN,18,1.2
2015-05-15,Sinaloa,Culiacan,Culiacán,2629,24.8,-107.39,cereals and tubers,Maize (white),67,KG,actual,Wholesale,MXN,3.65,0.24
2015-05-15,Veracruz,Xico,Xalapa,2625,19.54,-96.93,cereals and tubers,Maize (white),67,KG,actual,Wholesale,MXN,4.5,0.3
2015-05-15,Veracruz,Xico,Xalapa,2625,19.54,-96.93,pulses and nuts,"Beans (black, imported)",567,KG,actual,Wholesale,MXN,17.88,1.19
2015-06-15,Distrito Federal,Cuauhtemoc,Mexico City,2627,19.41,-99.13,cereals and tubers,"Rice (long grain, Sinaloa)",591,KG,actual,Wholesale,MXN,12.58,0.82
2015-06-15,Distrito Federal,Cuauhtemoc,Mexico City,2627,19.41,-99.13,cereals and tubers,"Rice (small grain, Morelos)",596,KG,actual,Wholesale,MXN,25.13,1.63
2015-06-15,Distrito Federal,Cuauhtemoc,Mexico City,2627,19.41,-99.13,cereals and tubers,Tortilla,143,KG,actual,Retail,MXN,11.2,0.73
2015-06-15,Distrito Federal,Cuauhtemoc,Mexico City,2627,19.41,-99.13,pulses and nuts,"Beans (black, Veracruz)",565,KG,actual,Wholesale,MXN,14.5,0.94
2015-06-15,Distrito Federal,Cuauhtemoc,Mexico City,2627,19.41,-99.13,pulses and nuts,"Beans (black, Zacatecas)",566,KG,actual,Wholesale,MXN,13.5,0.87
2015-06-15,Jalisco,Guadalajara,Guadalajara,2628,20.68,-103.35,cereals and tubers,Maize (white),67,KG,actual,Wholesale,MXN,4.5,0.29
2015-06-15,Jalisco,Guadalajara,Guadalajara,2628,20.68,-103.35,cereals and tubers,"Rice (long grain, Sinaloa)",591,KG,actual,Wholesale,MXN,10.5,0.68
2015-06-15,Jalisco,Guadalajara,Guadalajara,2628,20.68,-103.35,pulses and nuts,"Beans (black, Nayarit)",564,KG,actual,Wholesale,MXN,15.5,1
2015-06-15,Puebla,San Andres Cholula,Puebla,2626,19.01,-98.2,cereals and tubers,Maize (white),67,KG,actual,Wholesale,MXN,5.2,0.34
2015-06-15,Puebla,San Andres Cholula,Puebla,2626,19.01,-98.2,cereals and tubers,"Rice (small grain, Morelos)",596,KG,actual,Wholesale,MXN,27,1.75
2015-06-15,Puebla,San Andres Cholula,Puebla,2626,19.01,-98.2,pulses and nuts,"Beans (black, Veracruz)",565,KG,actual,Wholesale,MXN,14,0.91
2015-06-15,Puebla,San Andres Cholula,Puebla,2626,19.01,-98.2,pulses and nuts,"Beans (black, imported)",567,KG,actual,Wholesale,MXN,18,1.17
2015-06-15,Sinaloa,Culiacan,Culiacán,2629,24.8,-107.39,cereals and tubers,Maize (white),67,KG,actual,Wholesale,MXN,3.6,0.23
2015-06-15,Veracruz,Xico,Xalapa,2625,19.54,-96.93,cereals and tubers,Maize (white),67,KG,actual,Wholesale,MXN,4.5,0.29
2015-06-15,Veracruz,Xico,Xalapa,2625,19.54,-96.93,pulses and nuts,"Beans (black, imported)",567,KG,actual,Wholesale,MXN,17.5,1.13
2015-07-15,Distrito Federal,Cuauhtemoc,Mexico City,2627,19.41,-99.13,cereals and tubers,"Rice (long grain, Sinaloa)",591,KG,actual,Wholesale,MXN,12.5,0.79
2015-07-15,Distrito Federal,Cuauhtemoc,Mexico City,2627,19.41,-99.13,cereals and tubers,"Rice (small grain, Morelos)",596,KG,actual,Wholesale,MXN,24,1.52
2015-07-15,Distrito Federal,Cuauhtemoc,Mexico City,2627,19.41,-99.13,cereals and tubers,Tortilla,143,KG,actual,Retail,MXN,11.2,0.71
2015-07-15,Distrito Federal,Cuauhtemoc,Mexico City,2627,19.41,-99.13,pulses and nuts,"Beans (black, Zacatecas)",566,KG,actual,Wholesale,MXN,13.5,0.86
2015-07-15,Distrito Federal,Cuauhtemoc,Mexico City,2627,19.41,-99.13,pulses and nuts,"Beans (black, imported)",567,KG,actual,Wholesale,MXN,18.76,1.19
2015-07-15,Jalisco,Guadalajara,Guadalajara,2628,20.68,-103.35,cereals and tubers,Maize (white),67,KG,actual,Wholesale,MXN,4.5,0.29
2015-07-15,Jalisco,Guadalajara,Guadalajara,2628,20.68,-103.35,pulses and nuts,"Beans (black, Nayarit)",564,KG,actual,Wholesale,MXN,18,1.14
2015-07-15,Puebla,San Andres Cholula,Puebla,2626,19.01,-98.2,cereals and tubers,Maize (white),67,KG,actual,Wholesale,MXN,5.2,0.33
2015-07-15,Puebla,San Andres Cholula,Puebla,2626,19.01,-98.2,cereals and tubers,"Rice (small grain, Morelos)",596,KG,actual,Wholesale,MXN,27,1.71
2015-07-15,Puebla,San Andres Cholula,Puebla,2626,19.01,-98.2,pulses and nuts,"Beans (black, Veracruz)",565,KG,actual,Wholesale,MXN,14,0.89
2015-07-15,Puebla,San Andres Cholula,Puebla,2626,19.01,-98.2,pulses and nuts,"Beans (black, imported)",567,KG,actual,Wholesale,MXN,18,1.14
2015-07-15,Sinaloa,Culiacan,Culiacán,2629,24.8,-107.39,cereals and tubers,Maize (white),67,KG,actual,Wholesale,MXN,3.5,0.22
2015-07-15,Veracruz,Xico,Xalapa,2625,19.54,-96.93,cereals and tubers,Maize (white),67,KG,actual,Wholesale,MXN,4.5,0.29
2015-08-15,Distrito Federal,Cuauhtemoc,Mexico City,2627,19.41,-99.13,cereals and tubers,"Rice (small grain, Morelos)",596,KG,actual,Wholesale,MXN,23.75,1.45
2015-08-15,Distrito Federal,Cuauhtemoc,Mexico City,2627,19.41,-99.13,cereals and tubers,Tortilla,143,KG,actual,Retail,MXN,11.2,0.68
2015-08-15,Distrito Federal,Cuauhtemoc,Mexico City,2627,19.41,-99.13,pulses and nuts,"Beans (black, Veracruz)",565,KG,actual,Wholesale,MXN,14,0.85
2015-08-15,Distrito Federal,Cuauhtemoc,Mexico City,2627,19.41,-99.13,pulses and nuts,"Beans (black, Zacatecas)",566,KG,actual,Wholesale,MXN,13.62,0.83
2015-08-15,Jalisco,Guadalajara,Guadalajara,2628,20.68,-103.35,cereals and tubers,"Rice (long grain, Sinaloa)",591,KG,actual,Wholesale,MXN,10.5,0.64
2015-08-15,Jalisco,Guadalajara,Guadalajara,2628,20.68,-103.35,pulses and nuts,"Beans (black, Nayarit)",564,KG,actual,Wholesale,MXN,17.88,1.09
2015-08-15,Puebla,San Andres Cholula,Puebla,2626,19.01,-98.2,cereals and tubers,Maize (white),67,KG,actual,Wholesale,MXN,5.2,0.32
2015-08-15,Puebla,San Andres Cholula,Puebla,2626,19.01,-98.2,cereals and tubers,"Rice (small grain, Morelos)",596,KG,actual,Wholesale,MXN,27,1.65
2015-08-15,Puebla,San Andres Cholula,Puebla,2626,19.01,-98.2,pulses and nuts,"Beans (black, Veracruz)",565,KG,actual,Wholesale,MXN,14,0.85
2015-08-15,Sinaloa,Culiacan,Culiacán,2629,24.8,-107.39,cereals and tubers,Maize (white),67,KG,actual,Wholesale,MXN,3.55,0.22
2015-08-15,Veracruz,Xico,Xalapa,2625,19.54,-96.93,cereals and tubers,Maize (white),67,KG,actual,Wholesale,MXN,5,0.31
2015-08-15,Veracruz,Xico,Xalapa,2625,19.54,-96.93,pulses and nuts,"Beans (black, imported)",567,KG,actual,Wholesale,MXN,17.5,1.07
2015-09-15,Distrito Federal,Cuauhtemoc,Mexico City,2627,19.41,-99.13,cereals and tubers,"Rice (long grain, Sinaloa)",591,KG,actual,Wholesale,MXN,13,0.78
2015-09-15,Distrito Federal,Cuauhtemoc,Mexico City,2627,19.41,-99.13,cereals and tubers,"Rice (small grain, Morelos)",596,KG,actual,Wholesale,MXN,23.5,1.41
2015-09-15,Distrito Federal,Cuauhtemoc,Mexico City,2627,19.41,-99.13,cereals and tubers,Tortilla,143,KG,actual,Retail,MXN,11.2,0.67
2015-09-15,Distrito Federal,Cuauhtemoc,Mexico City,2627,19.41,-99.13,pulses and nuts,"Beans (black, Veracruz)",565,KG,actual,Wholesale,MXN,14,0.84
2015-09-15,Distrito Federal,Cuauhtemoc,Mexico City,2627,19.41,-99.13,pulses and nuts,"Beans (black, Zacatecas)",566,KG,actual,Wholesale,MXN,14.62,0.88
2015-09-15,Distrito Federal,Cuauhtemoc,Mexico City,2627,19.41,-99.13,pulses and nuts,"Beans (black, imported)",567,KG,actual,Wholesale,MXN,18,1.08
2015-09-15,Jalisco,Guadalajara,Guadalajara,2628,20.68,-103.35,cereals and tubers,Maize (white),67,KG,actual,Wholesale,MXN,5,0.3
2015-09-15,Jalisco,Guadalajara,Guadalajara,2628,20.68,-103.35,pulses and nuts,"Beans (black, Nayarit)",564,KG,actual,Wholesale,MXN,18.3,1.1
2015-09-15,Puebla,San Andres Cholula,Puebla,2626,19.01,-98.2,cereals and tubers,Maize (white),67,KG,actual,Wholesale,MXN,5.2,0.31
2015-09-15,Puebla,San Andres Cholula,Puebla,2626,19.01,-98.2,cereals and tubers,"Rice (small grain, Morelos)",596,KG,actual,Wholesale,MXN,27,1.62
2015-09-15,Puebla,San Andres Cholula,Puebla,2626,19.01,-98.2,pulses and nuts,"Beans (black, Veracruz)",565,KG,actual,Wholesale,MXN,14,0.84
2015-09-15,Puebla,San Andres Cholula,Puebla,2626,19.01,-98.2,pulses and nuts,"Beans (black, imported)",567,KG,actual,Wholesale,MXN,18,1.08
2015-09-15,Sinaloa,Culiacan,Culiacán,2629,24.8,-107.39,cereals and tubers,Maize (white),67,KG,actual,Wholesale,MXN,3.64,0.22
2015-09-15,Veracruz,Xico,Xalapa,2625,19.54,-96.93,pulses and nuts,"Beans (black, imported)",567,KG,actual,Wholesale,MXN,17.5,1.05
2015-10-15,Distrito Federal,Cuauhtemoc,Mexico City,2627,19.41,-99.13,cereals and tubers,"Rice (long grain, Sinaloa)",591,KG,actual,Wholesale,MXN,13,0.79
2015-10-15,Distrito Federal,Cuauhtemoc,Mexico City,2627,19.41,-99.13,cereals and tubers,"Rice (small grain, Morelos)",596,KG,actual,Wholesale,MXN,22.75,1.39
2015-10-15,Distrito Federal,Cuauhtemoc,Mexico City,2627,19.41,-99.13,cereals and tubers,Tortilla,143,KG,actual,Retail,MXN,11.2,0.68
2015-10-15,Distrito Federal,Cuauhtemoc,Mexico City,2627,19.41,-99.13,pulses and nuts,"Beans (black, Veracruz)",565,KG,actual,Wholesale,MXN,14.25,0.87
2015-10-15,Distrito Federal,Cuauhtemoc,Mexico City,2627,19.41,-99.13,pulses and nuts,"Beans (black, Zacatecas)",566,KG,actual,Wholesale,MXN,14.72,0.9
2015-10-15,Distrito Federal,Cuauhtemoc,Mexico City,2627,19.41,-99.13,pulses and nuts,"Beans (black, imported)",567,KG,actual,Wholesale,MXN,18,1.1
2015-10-15,Jalisco,Guadalajara,Guadalajara,2628,20.68,-103.35,cereals and tubers,Maize (white),67,KG,actual,Wholesale,MXN,5.25,0.32
2015-10-15,Jalisco,Guadalajara,Guadalajara,2628,20.68,-103.35,pulses and nuts,"Beans (black, Nayarit)",564,KG,actual,Wholesale,MXN,18,1.1
2015-10-15,Puebla,San Andres Cholula,Puebla,2626,19.01,-98.2,cereals and tubers,Maize (white),67,KG,actual,Wholesale,MXN,5.73,0.35
2015-10-15,Puebla,San Andres Cholula,Puebla,2626,19.01,-98.2,cereals and tubers,"Rice (small grain, Morelos)",596,KG,actual,Wholesale,MXN,27,1.65
2015-10-15,Puebla,San Andres Cholula,Puebla,2626,19.01,-98.2,pulses and nuts,"Beans (black, Veracruz)",565,KG,actual,Wholesale,MXN,16.25,0.99
2015-10-15,Puebla,San Andres Cholula,Puebla,2626,19.01,-98.2,pulses and nuts,"Beans (black, imported)",567,KG,actual,Wholesale,MXN,17.25,1.05
2015-10-15,Sinaloa,Culiacan,Culiacán,2629,24.8,-107.39,cereals and tubers,Maize (white),67,KG,actual,Wholesale,MXN,3.9,0.24
2015-10-15,Veracruz,Xico,Xalapa,2625,19.54,-96.93,cereals and tubers,Maize (white),67,KG,actual,Wholesale,MXN,5,0.31
2015-10-15,Veracruz,Xico,Xalapa,2625,19.54,-96.93,pulses and nuts,"Beans (black, imported)",567,KG,actual,Wholesale,MXN,17.5,1.07
2015-11-15,Distrito Federal,Cuauhtemoc,Mexico City,2627,19.41,-99.13,cereals and tubers,"Rice (long grain, Sinaloa)",591,KG,actual,Wholesale,MXN,12.95,0.77
2015-11-15,Distrito Federal,Cuauhtemoc,Mexico City,2627,19.41,-99.13,cereals and tubers,"Rice (small grain, Morelos)",596,KG,actual,Wholesale,MXN,22,1.31
2015-11-15,Distrito Federal,Cuauhtemoc,Mexico City,2627,19.41,-99.13,cereals and tubers,Tortilla,143,KG,actual,Retail,MXN,11.2,0.67
2015-11-15,Distrito Federal,Cuauhtemoc,Mexico City,2627,19.41,-99.13,pulses and nuts,"Beans (black, Veracruz)",565,KG,actual,Wholesale,MXN,15,0.9
2015-11-15,Distrito Federal,Cuauhtemoc,Mexico City,2627,19.41,-99.13,pulses and nuts,"Beans (black, Zacatecas)",566,KG,actual,Wholesale,MXN,14.5,0.87
2015-11-15,Distrito Federal,Cuauhtemoc,Mexico City,2627,19.41,-99.13,pulses and nuts,"Beans (black, imported)",567,KG,actual,Wholesale,MXN,17.88,1.07
2015-11-15,Jalisco,Guadalajara,Guadalajara,2628,20.68,-103.35,cereals and tubers,"Rice (long grain, Sinaloa)",591,KG,actual,Wholesale,MXN,11,0.66
2015-11-15,Jalisco,Guadalajara,Guadalajara,2628,20.68,-103.35,pulses and nuts,"Beans (black, Nayarit)",564,KG,actual,Wholesale,MXN,16.25,0.97
2015-11-15,Puebla,San Andres Cholula,Puebla,2626,19.01,-98.2,cereals and tubers,Maize (white),67,KG,actual,Wholesale,MXN,5.9,0.35
2015-11-15,Puebla,San Andres Cholula,Puebla,2626,19.01,-98.2,cereals and tubers,"Rice (small grain, Morelos)",596,KG,actual,Wholesale,MXN,27,1.61
2015-11-15,Puebla,San Andres Cholula,Puebla,2626,19.01,-98.2,pulses and nuts,"Beans (black, Veracruz)",565,KG,actual,Wholesale,MXN,18,1.08
2015-11-15,Puebla,San Andres Cholula,Puebla,2626,19.01,-98.2,pulses and nuts,"Beans (black, imported)",567,KG,actual,Wholesale,MXN,17,1.02
2015-11-15,Sinaloa,Culiacan,Culiacán,2629,24.8,-107.39,cereals and tubers,Maize (white),67,KG,actual,Wholesale,MXN,4.1,0.24
2015-11-15,Veracruz,Xico,Xalapa,2625,19.54,-96.93,cereals and tubers,Maize (white),67,KG,actual,Wholesale,MXN,5,0.3
2015-11-15,Veracruz,Xico,Xalapa,2625,19.54,-96.93,pulses and nuts,"Beans (black, imported)",567,KG,actual,Wholesale,MXN,17.5,1.05
2015-12-15,Distrito Federal,Cuauhtemoc,Mexico City,2627,19.41,-99.13,cereals and tubers,"Rice (long grain, Sinaloa)",591,KG,actual,Wholesale,MXN,12.8,0.75
2015-12-15,Distrito Federal,Cuauhtemoc,Mexico City,2627,19.41,-99.13,cereals and tubers,Tortilla,143,KG,actual,Retail,MXN,11.2,0.65
2015-12-15,Distrito Federal,Cuauhtemoc,Mexico City,2627,19.41,-99.13,pulses and nuts,"Beans (black, imported)",567,KG,actual,Wholesale,MXN,17.1,1
2015-12-15,Jalisco,Guadalajara,Guadalajara,2628,20.68,-103.35,cereals and tubers,Maize (white),67,KG,actual,Wholesale,MXN,4.92,0.29
2015-12-15,Jalisco,Guadalajara,Guadalajara,2628,20.68,-103.35,pulses and nuts,"Beans (black, Nayarit)",564,KG,actual,Wholesale,MXN,13.5,0.79
2015-12-15,Puebla,San Andres Cholula,Puebla,2626,19.01,-98.2,cereals and tubers,Maize (white),67,KG,actual,Wholesale,MXN,5.9,0.35
2015-12-15,Puebla,San Andres Cholula,Puebla,2626,19.01,-98.2,cereals and tubers,"Rice (small grain, Morelos)",596,KG,actual,Wholesale,MXN,23.8,1.39
2015-12-15,Puebla,San Andres Cholula,Puebla,2626,19.01,-98.2,pulses and nuts,"Beans (black, Veracruz)",565,KG,actual,Wholesale,MXN,18,1.05
2015-12-15,Sinaloa,Culiacan,Culiacán,2629,24.8,-107.39,cereals and tubers,Maize (white),67,KG,actual,Wholesale,MXN,3.9,0.23
2015-12-15,Veracruz,Xico,Xalapa,2625,19.54,-96.93,cereals and tubers,Maize (white),67,KG,actual,Wholesale,MXN,5,0.29
2015-12-15,Veracruz,Xico,Xalapa,2625,19.54,-96.93,pulses and nuts,"Beans (black, imported)",567,KG,actual,Wholesale,MXN,17.1,1
2016-01-15,Distrito Federal,Cuauhtemoc,Mexico City,2627,19.41,-99.13,cereals and tubers,"Rice (long grain, Sinaloa)",591,KG,actual,Wholesale,MXN,12.8,0.7
2016-01-15,Distrito Federal,Cuauhtemoc,Mexico City,2627,19.41,-99.13,cereals and tubers,"Rice (small grain, Morelos)",596,KG,actual,Wholesale,MXN,21,1.15
2016-01-15,Distrito Federal,Cuauhtemoc,Mexico City,2627,19.41,-99.13,cereals and tubers,Tortilla,143,KG,actual,Retail,MXN,11.2,0.61
2016-01-15,Distrito Federal,Cuauhtemoc,Mexico City,2627,19.41,-99.13,pulses and nuts,"Beans (black, Veracruz)",565,KG,actual,Wholesale,MXN,15,0.82
2016-01-15,Distrito Federal,Cuauhtemoc,Mexico City,2627,19.41,-99.13,pulses and nuts,"Beans (black, Zacatecas)",566,KG,actual,Wholesale,MXN,14.58,0.8
2016-01-15,Distrito Federal,Cuauhtemoc,Mexico City,2627,19.41,-99.13,pulses and nuts,"Beans (black, imported)",567,KG,actual,Wholesale,MXN,17.58,0.96
2016-01-15,Jalisco,Guadalajara,Guadalajara,2628,20.68,-103.35,cereals and tubers,"Rice (long grain, Sinaloa)",591,KG,actual,Wholesale,MXN,11,0.6
2016-01-15,Jalisco,Guadalajara,Guadalajara,2628,20.68,-103.35,pulses and nuts,"Beans (black, Nayarit)",564,KG,actual,Wholesale,MXN,17.12,0.94
2016-01-15,Puebla,San Andres Cholula,Puebla,2626,19.01,-98.2,cereals and tubers,Maize (white),67,KG,actual,Wholesale,MXN,5.9,0.32
2016-01-15,Puebla,San Andres Cholula,Puebla,2626,19.01,-98.2,cereals and tubers,"Rice (small grain, Morelos)",596,KG,actual,Wholesale,MXN,23,1.26
2016-01-15,Puebla,San Andres Cholula,Puebla,2626,19.01,-98.2,pulses and nuts,"Beans (black, Veracruz)",565,KG,actual,Wholesale,MXN,18,0.99
2016-01-15,Puebla,San Andres Cholula,Puebla,2626,19.01,-98.2,pulses and nuts,"Beans (black, imported)",567,KG,actual,Wholesale,MXN,15.63,0.86
2016-01-15,Sinaloa,Culiacan,Culiacán,2629,24.8,-107.39,cereals and tubers,Maize (white),67,KG,actual,Wholesale,MXN,3.5,0.19
2016-01-15,Veracruz,Xico,Xalapa,2625,19.54,-96.93,cereals and tubers,Maize (white),67,KG,actual,Wholesale,MXN,5,0.27
2016-02-15,Distrito Federal,Cuauhtemoc,Mexico City,2627,19.41,-99.13,cereals and tubers,"Rice (long grain, Sinaloa)",591,KG,actual,Wholesale,MXN,12.9,0.69
2016-02-15,Distrito Federal,Cuauhtemoc,Mexico City,2627,19.41,-99.13,cereals and tubers,"Rice (small grain, Morelos)",596,KG,actual,Wholesale,MXN,21.75,1.16
2016-02-15,Distrito Federal,Cuauhtemoc,Mexico City,2627,19.41,-99.13,cereals and tubers,Tortilla,143,KG,actual,Retail,MXN,11.2,0.6
2016-02-15,Distrito Federal,Cuauhtemoc,Mexico City,2627,19.41,-99.13,pulses and nuts,"Beans (black, Veracruz)",565,KG,actual,Wholesale,MXN,15,0.8
2016-02-15,Distrito Federal,Cuauhtemoc,Mexico City,2627,19.41,-99.13,pulses and nuts,"Beans (black, imported)",567,KG,actual,Wholesale,MXN,18.25,0.97
2016-02-15,Jalisco,Guadalajara,Guadalajara,2628,20.68,-103.35,cereals and tubers,Maize (white),67,KG,actual,Wholesale,MXN,4.93,0.26
2016-02-15,Jalisco,Guadalajara,Guadalajara,2628,20.68,-103.35,pulses and nuts,"Beans (black, Nayarit)",564,KG,actual,Wholesale,MXN,17.88,0.95
2016-02-15,Puebla,San Andres Cholula,Puebla,2626,19.01,-98.2,cereals and tubers,"Rice (small grain, Morelos)",596,KG,actual,Wholesale,MXN,23,1.22
2016-02-15,Puebla,San Andres Cholula,Puebla,2626,19.01,-98.2,pulses and nuts,"Beans (black, Veracruz)",565,KG,actual,Wholesale,MXN,16.38,0.87
2016-02-15,Puebla,San Andres Cholula,Puebla,2626,19.01,-98.2,pulses and nuts,"Beans (black, imported)",567,KG,actual,Wholesale,MXN,14,0.74
2016-02-15,Sinaloa,Culiacan,Culiacán,2629,24.8,-107.39,cereals and tubers,Maize (white),67,KG,actual,Wholesale,MXN,3.62,0.19
2016-02-15,Veracruz,Xico,Xalapa,2625,19.54,-96.93,cereals and tubers,Maize (white),67,KG,actual,Wholesale,MXN,5.25,0.28
2016-02-15,Veracruz,Xico,Xalapa,2625,19.54,-96.93,pulses and nuts,"Beans (black, imported)",567,KG,actual,Wholesale,MXN,17.25,0.92
2016-03-15,Distrito Federal,Cuauhtemoc,Mexico City,2627,19.41,-99.13,cereals and tubers,"Rice (long grain, Sinaloa)",591,KG,actual,Wholesale,MXN,13.1,0.73
2016-03-15,Distrito Federal,Cuauhtemoc,Mexico City,2627,19.41,-99.13,cereals and tubers,"Rice (small grain, Morelos)",596,KG,actual,Wholesale,MXN,22,1.23
2016-03-15,Distrito Federal,Cuauhtemoc,Mexico City,2627,19.41,-99.13,cereals and tubers,Tortilla,143,KG,actual,Retail,MXN,11.2,0.63
2016-03-15,Distrito Federal,Cuauhtemoc,Mexico City,2627,19.41,-99.13,pulses and nuts,"Beans (black, Veracruz)",565,KG,actual,Wholesale,MXN,15.08,0.84
2016-03-15,Distrito Federal,Cuauhtemoc,Mexico City,2627,19.41,-99.13,pulses and nuts,"Beans (black, Zacatecas)",566,KG,actual,Wholesale,MXN,14.8,0.83
2016-03-15,Distrito Federal,Cuauhtemoc,Mexico City,2627,19.41,-99.13,pulses and nuts,"Beans (black, imported)",567,KG,actual,Wholesale,MXN,18.4,1.03
2016-03-15,Jalisco,Guadalajara,Guadalajara,2628,20.68,-103.35,cereals and tubers,"Rice (long grain, Sinaloa)",591,KG,actual,Wholesale,MXN,11.7,0.65
2016-03-15,Jalisco,Guadalajara,Guadalajara,2628,20.68,-103.35,pulses and nuts,"Beans (black, Nayarit)",564,KG,actual,Wholesale,MXN,17.2,0.96
2016-03-15,Puebla,San Andres Cholula,Puebla,2626,19.01,-98.2,cereals and tubers,Maize (white),67,KG,actual,Wholesale,MXN,5,0.28
2016-03-15,Puebla,San Andres Cholula,Puebla,2626,19.01,-98.2,cereals and tubers,"Rice (small grain, Morelos)",596,KG,actual,Wholesale,MXN,22,1.23
2016-03-15,Puebla,San Andres Cholula,Puebla,2626,19.01,-98.2,pulses and nuts,"Beans (black, Veracruz)",565,KG,actual,Wholesale,MXN,16.2,0.91
2016-03-15,Sinaloa,Culiacan,Culiacán,2629,24.8,-107.39,cereals and tubers,Maize (white),67,KG,actual,Wholesale,MXN,4.32,0.24
2016-03-15,Veracruz,Xico,Xalapa,2625,19.54,-96.93,cereals and tubers,Maize (white),67,KG,actual,Wholesale,MXN,5.54,0.31
2016-03-15,Veracruz,Xico,Xalapa,2625,19.54,-96.93,pulses and nuts,"Beans (black, imported)",567,KG,actual,Wholesale,MXN,17.58,0.98
2016-04-15,Distrito Federal,Cuauhtemoc,Mexico City,2627,19.41,-99.13,cereals and tubers,"Rice (long grain, Sinaloa)",591,KG,actual,Wholesale,MXN,13.13,0.75
2016-04-15,Distrito Federal,Cuauhtemoc,Mexico City,2627,19.41,-99.13,cereals and tubers,"Rice (small grain, Morelos)",596,KG,actual,Wholesale,MXN,21.25,1.21
2016-04-15,Distrito Federal,Cuauhtemoc,Mexico City,2627,19.41,-99.13,cereals and tubers,Tortilla,143,KG,actual,Retail,MXN,11.2,0.64
2016-04-15,Distrito Federal,Cuauhtemoc,Mexico City,2627,19.41,-99.13,pulses and nuts,"Beans (black, Veracruz)",565,KG,actual,Wholesale,MXN,15,0.85
2016-04-15,Distrito Federal,Cuauhtemoc,Mexico City,2627,19.41,-99.13,pulses and nuts,"Beans (black, imported)",567,KG,actual,Wholesale,MXN,18.38,1.05
2016-04-15,Jalisco,Guadalajara,Guadalajara,2628,20.68,-103.35,cereals and tubers,Maize (white),67,KG,actual,Wholesale,MXN,5.38,0.31
2016-04-15,Jalisco,Guadalajara,Guadalajara,2628,20.68,-103.35,cereals and tubers,"Rice (long grain, Sinaloa)",591,KG,actual,Wholesale,MXN,11.63,0.66
2016-04-15,Jalisco,Guadalajara,Guadalajara,2628,20.68,-103.35,pulses and nuts,"Beans (black, Nayarit)",564,KG,actual,Wholesale,MXN,15.5,0.88
2016-04-15,Puebla,San Andres Cholula,Puebla,2626,19.01,-98.2,cereals and tubers,Maize (white),67,KG,actual,Wholesale,MXN,5,0.28
2016-04-15,Puebla,San Andres Cholula,Puebla,2626,19.01,-98.2,cereals and tubers,"Rice (small grain, Morelos)",596,KG,actual,Wholesale,MXN,22,1.25
2016-04-15,Puebla,San Andres Cholula,Puebla,2626,19.01,-98.2,pulses and nuts,"Beans (black, Veracruz)",565,KG,actual,Wholesale,MXN,16,0.91
2016-04-15,Puebla,San Andres Cholula,Puebla,2626,19.01,-98.2,pulses and nuts,"Beans (black, imported)",567,KG,actual,Wholesale,MXN,17,0.97
2016-04-15,Sinaloa,Culiacan,Culiacán,2629,24.8,-107.39,cereals and tubers,Maize (white),67,KG,actual,Wholesale,MXN,4.5,0.26
2016-04-15,Veracruz,Xico,Xalapa,2625,19.54,-96.93,cereals and tubers,Maize (white),67,KG,actual,Wholesale,MXN,5.5,0.31
2016-05-15,Distrito Federal,Cuauhtemoc,Mexico City,2627,19.41,-99.13,cereals and tubers,"Rice (long grain, Sinaloa)",591,KG,actual,Wholesale,MXN,13,0.71
2016-05-15,Distrito Federal,Cuauhtemoc,Mexico City,2627,19.41,-99.13,cereals and tubers,"Rice (small grain, Morelos)",596,KG,actual,Wholesale,MXN,21,1.15
2016-05-15,Distrito Federal,Cuauhtemoc,Mexico City,2627,19.41,-99.13,cereals and tubers,Tortilla,143,KG,actual,Retail,MXN,11.2,0.61
2016-05-15,Distrito Federal,Cuauhtemoc,Mexico City,2627,19.41,-99.13,pulses and nuts,"Beans (black, imported)",567,KG,actual,Wholesale,MXN,18.25,1
2016-05-15,Jalisco,Guadalajara,Guadalajara,2628,20.68,-103.35,cereals and tubers,Maize (white),67,KG,actual,Wholesale,MXN,5.33,0.29
2016-05-15,Jalisco,Guadalajara,Guadalajara,2628,20.68,-103.35,cereals and tubers,"Rice (long grain, Sinaloa)",591,KG,actual,Wholesale,MXN,11.5,0.63
2016-05-15,Jalisco,Guadalajara,Guadalajara,2628,20.68,-103.35,pulses and nuts,"Beans (black, Nayarit)",564,KG,actual,Wholesale,MXN,15,0.82
2016-05-15,Puebla,San Andres Cholula,Puebla,2626,19.01,-98.2,cereals and tubers,Maize (white),67,KG,actual,Wholesale,MXN,5,0.27
2016-05-15,Puebla,San Andres Cholula,Puebla,2626,19.01,-98.2,pulses and nuts,"Beans (black, Veracruz)",565,KG,actual,Wholesale,MXN,17,0.93
2016-05-15,Puebla,San Andres Cholula,Puebla,2626,19.01,-98.2,pulses and nuts,"Beans (black, imported)",567,KG,actual,Wholesale,MXN,17.38,0.95
2016-05-15,Sinaloa,Culiacan,Culiacán,2629,24.8,-107.39,cereals and tubers,Maize (white),67,KG,actual,Wholesale,MXN,4.5,0.25
2016-05-15,Veracruz,Xico,Xalapa,2625,19.54,-96.93,cereals and tubers,Maize (white),67,KG,actual,Wholesale,MXN,5.5,0.3
2016-05-15,Veracruz,Xico,Xalapa,2625,19.54,-96.93,pulses and nuts,"Beans (black, imported)",567,KG,actual,Wholesale,MXN,16.5,0.9
2016-06-15,Distrito Federal,Cuauhtemoc,Mexico City,2627,19.41,-99.13,cereals and tubers,"Rice (long grain, Sinaloa)",591,KG,actual,Wholesale,MXN,12.94,0.68
2016-06-15,Distrito Federal,Cuauhtemoc,Mexico City,2627,19.41,-99.13,cereals and tubers,"Rice (small grain, Morelos)",596,KG,actual,Wholesale,MXN,21,1.11
2016-06-15,Distrito Federal,Cuauhtemoc,Mexico City,2627,19.41,-99.13,cereals and tubers,Tortilla,143,KG,actual,Retail,MXN,11.2,0.59
2016-06-15,Distrito Federal,Cuauhtemoc,Mexico City,2627,19.41,-99.13,pulses and nuts,"Beans (black, Veracruz)",565,KG,actual,Wholesale,MXN,15.42,0.82
2016-06-15,Distrito Federal,Cuauhtemoc,Mexico City,2627,19.41,-99.13,pulses and nuts,"Beans (black, Zacatecas)",566,KG,actual,Wholesale,MXN,15.2,0.8
2016-06-15,Distrito Federal,Cuauhtemoc,Mexico City,2627,19.41,-99.13,pulses and nuts,"Beans (black, imported)",567,KG,actual,Wholesale,MXN,19.2,1.02
2016-06-15,Jalisco,Guadalajara,Guadalajara,2628,20.68,-103.35,cereals and tubers,Maize (white),67,KG,actual,Wholesale,MXN,5.42,0.29
2016-06-15,Jalisco,Guadalajara,Guadalajara,2628,20.68,-103.35,cereals and tubers,"Rice (long grain, Sinaloa)",591,KG,actual,Wholesale,MXN,11.6,0.61
2016-06-15,Jalisco,Guadalajara,Guadalajara,2628,20.68,-103.35,pulses and nuts,"Beans (black, Nayarit)",564,KG,actual,Wholesale,MXN,16.2,0.86
2016-06-15,Puebla,San Andres Cholula,Puebla,2626,19.01,-98.2,cereals and tubers,Maize (white),67,KG,actual,Wholesale,MXN,5,0.26
2016-06-15,Puebla,San Andres Cholula,Puebla,2626,19.01,-98.2,cereals and tubers,"Rice (small grain, Morelos)",596,KG,actual,Wholesale,MXN,22,1.16
2016-06-15,Puebla,San Andres Cholula,Puebla,2626,19.01,-98.2,pulses and nuts,"Beans (black, Veracruz)",565,KG,actual,Wholesale,MXN,15.8,0.84
2016-06-15,Puebla,San Andres Cholula,Puebla,2626,19.01,-98.2,pulses and nuts,"Beans (black, imported)",567,KG,actual,Wholesale,MXN,17.7,0.94
2016-06-15,Sinaloa,Culiacan,Culiacán,2629,24.8,-107.39,cereals and tubers,Maize (white),67,KG,actual,Wholesale,MXN,4.25,0.22
2016-06-15,Veracruz,Xico,Xalapa,2625,19.54,-96.93,cereals and tubers,Maize (white),67,KG,actual,Wholesale,MXN,5.7,0.3
2016-06-15,Veracruz,Xico,Xalapa,2625,19.54,-96.93,pulses and nuts,"Beans (black, imported)",567,KG,actual,Wholesale,MXN,17.1,0.9
2016-07-15,Distrito Federal,Cuauhtemoc,Mexico City,2627,19.41,-99.13,cereals and tubers,"Rice (small grain, Morelos)",596,KG,actual,Wholesale,MXN,21,1.13
2016-07-15,Distrito Federal,Cuauhtemoc,Mexico City,2627,19.41,-99.13,cereals and tubers,Tortilla,143,KG,actual,Retail,MXN,11.2,0.6
2016-07-15,Distrito Federal,Cuauhtemoc,Mexico City,2627,19.41,-99.13,pulses and nuts,"Beans (black, Zacatecas)",566,KG,actual,Wholesale,MXN,16.5,0.89
2016-07-15,Distrito Federal,Cuauhtemoc,Mexico City,2627,19.41,-99.13,pulses and nuts,"Beans (black, imported)",567,KG,actual,Wholesale,MXN,20.25,1.09
2016-07-15,Jalisco,Guadalajara,Guadalajara,2628,20.68,-103.35,cereals and tubers,Maize (white),67,KG,actual,Wholesale,MXN,5.35,0.29
2016-07-15,Jalisco,Guadalajara,Guadalajara,2628,20.68,-103.35,pulses and nuts,"Beans (black, Nayarit)",564,KG,actual,Wholesale,MXN,17,0.91
2016-07-15,Puebla,San Andres Cholula,Puebla,2626,19.01,-98.2,cereals and tubers,Maize (white),67,KG,actual,Wholesale,MXN,5,0.27
2016-07-15,Puebla,San Andres Cholula,Puebla,2626,19.01,-98.2,cereals and tubers,"Rice (small grain, Morelos)",596,KG,actual,Wholesale,MXN,22,1.18
2016-07-15,Puebla,San Andres Cholula,Puebla,2626,19.01,-98.2,pulses and nuts,"Beans (black, Veracruz)",565,KG,actual,Wholesale,MXN,14,0.75
2016-07-15,Puebla,San Andres Cholula,Puebla,2626,19.01,-98.2,pulses and nuts,"Beans (black, imported)",567,KG,actual,Wholesale,MXN,18,0.97
2016-07-15,Sinaloa,Culiacan,Culiacán,2629,24.8,-107.39,cereals and tubers,Maize (white),67,KG,actual,Wholesale,MXN,4,0.21
2016-07-15,Veracruz,Xico,Xalapa,2625,19.54,-96.93,cereals and tubers,Maize (white),67,KG,actual,Wholesale,MXN,6.05,0.33
2016-08-15,Distrito Federal,Cuauhtemoc,Mexico City,2627,19.41,-99.13,cereals and tubers,"Rice (long grain, Sinaloa)",591,KG,actual,Wholesale,MXN,13.2,0.73
2016-08-15,Distrito Federal,Cuauhtemoc,Mexico City,2627,19.41,-99.13,cereals and tubers,Tortilla,143,KG,actual,Retail,MXN,11.2,0.62
2016-08-15,Distrito Federal,Cuauhtemoc,Mexico City,2627,19.41,-99.13,pulses and nuts,"Beans (black, Veracruz)",565,KG,actual,Wholesale,MXN,16.72,0.93
2016-08-15,Distrito Federal,Cuauhtemoc,Mexico City,2627,19.41,-99.13,pulses and nuts,"Beans (black, imported)",567,KG,actual,Wholesale,MXN,21.8,1.21
2016-08-15,Jalisco,Guadalajara,Guadalajara,2628,20.68,-103.35,cereals and tubers,Maize (white),67,KG,actual,Wholesale,MXN,5.36,0.3
2016-08-15,Jalisco,Guadalajara,Guadalajara,2628,20.68,-103.35,pulses and nuts,"Beans (black, Nayarit)",564,KG,actual,Wholesale,MXN,16.9,0.94
2016-08-15,Puebla,San Andres Cholula,Puebla,2626,19.01,-98.2,pulses and nuts,"Beans (black, Veracruz)",565,KG,actual,Wholesale,MXN,17.9,0.99
2016-08-15,Puebla,San Andres Cholula,Puebla,2626,19.01,-98.2,pulses and nuts,"Beans (black, imported)",567,KG,actual,Wholesale,MXN,21.3,1.18
2016-08-15,Sinaloa,Culiacan,Culiacán,2629,24.8,-107.39,cereals and tubers,Maize (white),67,KG,actual,Wholesale,MXN,4.12,0.23
2016-08-15,Veracruz,Xico,Xalapa,2625,19.54,-96.93,cereals and tubers,Maize (white),67,KG,actual,Wholesale,MXN,6.08,0.34
2016-08-15,Veracruz,Xico,Xalapa,2625,19.54,-96.93,pulses and nuts,"Beans (black, imported)",567,KG,actual,Wholesale,MXN,19.84,1.1
2016-09-15,Distrito Federal,Cuauhtemoc,Mexico City,2627,19.41,-99.13,cereals and tubers,"Rice (long grain, Sinaloa)",591,KG,actual,Wholesale,MXN,13.43,0.69
2016-09-15,Distrito Federal,Cuauhtemoc,Mexico City,2627,19.41,-99.13,cereals and tubers,"Rice (small grain, Morelos)",596,KG,actual,Wholesale,MXN,21,1.09
2016-09-15,Distrito Federal,Cuauhtemoc,Mexico City,2627,19.41,-99.13,cereals and tubers,Tortilla,143,KG,actual,Retail,MXN,11.2,0.58
2016-09-15,Distrito Federal,Cuauhtemoc,Mexico City,2627,19.41,-99.13,pulses and nuts,"Beans (black, Zacatecas)",566,KG,actual,Wholesale,MXN,17,0.88
2016-09-15,Distrito Federal,Cuauhtemoc,Mexico City,2627,19.41,-99.13,pulses and nuts,"Beans (black, imported)",567,KG,actual,Wholesale,MXN,22.25,1.15
2016-09-15,Jalisco,Guadalajara,Guadalajara,2628,20.68,-103.35,cereals and tubers,Maize (white),67,KG,actual,Wholesale,MXN,5.35,0.28
2016-09-15,Jalisco,Guadalajara,Guadalajara,2628,20.68,-103.35,cereals and tubers,"Rice (long grain, Sinaloa)",591,KG,actual,Wholesale,MXN,12,0.62
2016-09-15,Jalisco,Guadalajara,Guadalajara,2628,20.68,-103.35,pulses and nuts,"Beans (black, Nayarit)",564,KG,actual,Wholesale,MXN,16.75,0.87
2016-09-15,Puebla,San Andres Cholula,Puebla,2626,19.01,-98.2,cereals and tubers,Maize (white),67,KG,actual,Wholesale,MXN,5.3,0.27
2016-09-15,Puebla,San Andres Cholula,Puebla,2626,19.01,-98.2,cereals and tubers,"Rice (small grain, Morelos)",596,KG,actual,Wholesale,MXN,22.25,1.15
2016-09-15,Puebla,San Andres Cholula,Puebla,2626,19.01,-98.2,pulses and nuts,"Beans (black, Veracruz)",565,KG,actual,Wholesale,MXN,19.75,1.02
2016-09-15,Puebla,San Andres Cholula,Puebla,2626,19.01,-98.2,pulses and nuts,"Beans (black, imported)",567,KG,actual,Wholesale,MXN,22,1.14
2016-09-15,Sinaloa,Culiacan,Culiacán,2629,24.8,-107.39,cereals and tubers,Maize (white),67,KG,actual,Wholesale,MXN,4.2,0.22
2016-09-15,Veracruz,Xico,Xalapa,2625,19.54,-96.93,cereals and tubers,Maize (white),67,KG,actual,Wholesale,MXN,6.5,0.34
2016-09-15,Veracruz,Xico,Xalapa,2625,19.54,-96.93,pulses and nuts,"Beans (black, imported)",567,KG,actual,Wholesale,MXN,21.25,1.1
2016-10-15,Distrito Federal,Cuauhtemoc,Mexico City,2627,19.41,-99.13,cereals and tubers,"Rice (long grain, Sinaloa)",591,KG,actual,Wholesale,MXN,13.53,0.71
2016-10-15,Distrito Federal,Cuauhtemoc,Mexico City,2627,19.41,-99.13,cereals and tubers,"Rice (small grain, Morelos)",596,KG,actual,Wholesale,MXN,21,1.11
2016-10-15,Distrito Federal,Cuauhtemoc,Mexico City,2627,19.41,-99.13,cereals and tubers,Tortilla,143,KG,actual,Retail,MXN,11.2,0.59
2016-10-15,Distrito Federal,Cuauhtemoc,Mexico City,2627,19.41,-99.13,pulses and nuts,"Beans (black, Zacatecas)",566,KG,actual,Wholesale,MXN,17,0.9
2016-10-15,Jalisco,Guadalajara,Guadalajara,2628,20.68,-103.35,cereals and tubers,Maize (white),67,KG,actual,Wholesale,MXN,5.3,0.28
2016-10-15,Jalisco,Guadalajara,Guadalajara,2628,20.68,-103.35,cereals and tubers,"Rice (long grain, Sinaloa)",591,KG,actual,Wholesale,MXN,12,0.63
2016-10-15,Jalisco,Guadalajara,Guadalajara,2628,20.68,-103.35,pulses and nuts,"Beans (black, Nayarit)",564,KG,actual,Wholesale,MXN,15,0.79
2016-10-15,Puebla,San Andres Cholula,Puebla,2626,19.01,-98.2,cereals and tubers,Maize (white),67,KG,actual,Wholesale,MXN,5.4,0.28
2016-10-15,Puebla,San Andres Cholula,Puebla,2626,19.01,-98.2,cereals and tubers,"Rice (small grain, Morelos)",596,KG,actual,Wholesale,MXN,22,1.16
2016-10-15,Puebla,San Andres Cholula,Puebla,2626,19.01,-98.2,pulses and nuts,"Beans (black, Veracruz)",565,KG,actual,Wholesale,MXN,20,1.06
2016-10-15,Puebla,San Andres Cholula,Puebla,2626,19.01,-98.2,pulses and nuts,"Beans (black, imported)",567,KG,actual,Wholesale,MXN,22,1.16
2016-10-15,Sinaloa,Culiacan,Culiacán,2629,24.8,-107.39,cereals and tubers,Maize (white),67,KG,actual,Wholesale,MXN,4.2,0.22
2016-10-15,Veracruz,Xico,Xalapa,2625,19.54,-96.93,cereals and tubers,Maize (white),67,KG,actual,Wholesale,MXN,5.6,0.3
2016-10-15,Veracruz,Xico,Xalapa,2625,19.54,-96.93,pulses and nuts,"Beans (black, imported)",567,KG,actual,Wholesale,MXN,20.25,1.07
2016-11-15,Distrito Federal,Cuauhtemoc,Mexico City,2627,19.41,-99.13,cereals and tubers,"Rice (long grain, Sinaloa)",591,KG,actual,Wholesale,MXN,13.62,0.67
2016-11-15,Distrito Federal,Cuauhtemoc,Mexico City,2627,19.41,-99.13,cereals and tubers,"Rice (small grain, Morelos)",596,KG,actual,Wholesale,MXN,21,1.04
2016-11-15,Distrito Federal,Cuauhtemoc,Mexico City,2627,19.41,-99.13,cereals and tubers,Tortilla,143,KG,actual,Retail,MXN,11.2,0.55
2016-11-15,Distrito Federal,Cuauhtemoc,Mexico City,2627,19.41,-99.13,pulses and nuts,"Beans (black, Zacatecas)",566,KG,actual,Wholesale,MXN,16.2,0.8
2016-11-15,Distrito Federal,Cuauhtemoc,Mexico City,2627,19.41,-99.13,pulses and nuts,"Beans (black, imported)",567,KG,actual,Wholesale,MXN,22.8,1.13
2016-11-15,Jalisco,Guadalajara,Guadalajara,2628,20.68,-103.35,cereals and tubers,Maize (white),67,KG,actual,Wholesale,MXN,5.34,0.26
2016-11-15,Jalisco,Guadalajara,Guadalajara,2628,20.68,-103.35,cereals and tubers,"Rice (long grain, Sinaloa)",591,KG,actual,Wholesale,MXN,12.2,0.6
2016-11-15,Jalisco,Guadalajara,Guadalajara,2628,20.68,-103.35,pulses and nuts,"Beans (black, Nayarit)",564,KG,actual,Wholesale,MXN,17.4,0.86
2016-11-15,Puebla,San Andres Cholula,Puebla,2626,19.01,-98.2,cereals and tubers,Maize (white),67,KG,actual,Wholesale,MXN,5.16,0.25
2016-11-15,Puebla,San Andres Cholula,Puebla,2626,19.01,-98.2,cereals and tubers,"Rice (small grain, Morelos)",596,KG,actual,Wholesale,MXN,17.8,0.88
2016-11-15,Puebla,San Andres Cholula,Puebla,2626,19.01,-98.2,pulses and nuts,"Beans (black, Veracruz)",565,KG,actual,Wholesale,MXN,21.6,1.07
2016-11-15,Puebla,San Andres Cholula,Puebla,2626,19.01,-98.2,pulses and nuts,"Beans (black, imported)",567,KG,actual,Wholesale,MXN,23,1.14
2016-11-15,Sinaloa,Culiacan,Culiacán,2629,24.8,-107.39,cereals and tubers,Maize (white),67,KG,actual,Wholesale,MXN,4.24,0.21
2016-11-15,Veracruz,Xico,Xalapa,2625,19.54,-96.93,cereals and tubers,Maize (white),67,KG,actual,Wholesale,MXN,5.2,0.26
2016-11-15,Veracruz,Xico,Xalapa,2625,19.54,-96.93,pulses and nuts,"Beans (black, imported)",567,KG,actual,Wholesale,MXN,20.4,1.01
2016-12-15,Distrito Federal,Cuauhtemoc,Mexico City,2627,19.41,-99.13,cereals and tubers,"Rice (long grain, Sinaloa)",591,KG,actual,Wholesale,MXN,14,0.69
2016-12-15,Distrito Federal,Cuauhtemoc,Mexico City,2627,19.41,-99.13,cereals and tubers,"Rice (small grain, Morelos)",596,KG,actual,Wholesale,MXN,21,1.03
2016-12-15,Distrito Federal,Cuauhtemoc,Mexico City,2627,19.41,-99.13,cereals and tubers,Tortilla,143,KG,actual,Retail,MXN,11.2,0.55
2016-12-15,Distrito Federal,Cuauhtemoc,Mexico City,2627,19.41,-99.13,pulses and nuts,"Beans (black, Zacatecas)",566,KG,actual,Wholesale,MXN,17.85,0.88
2016-12-15,Jalisco,Guadalajara,Guadalajara,2628,20.68,-103.35,cereals and tubers,"Rice (long grain, Sinaloa)",591,KG,actual,Wholesale,MXN,12.25,0.6
2016-12-15,Jalisco,Guadalajara,Guadalajara,2628,20.68,-103.35,pulses and nuts,"Beans (black, Nayarit)",564,KG,actual,Wholesale,MXN,17.25,0.85
2016-12-15,Puebla,San Andres Cholula,Puebla,2626,19.01,-98.2,cereals and tubers,Maize (white),67,KG,actual,Wholesale,MXN,5,0.25
2016-12-15,Puebla,San Andres Cholula,Puebla,2626,19.01,-98.2,cereals and tubers,"Rice (small grain, Morelos)",596,KG,actual,Wholesale,MXN,15,0.74
2016-12-15,Puebla,San Andres Cholula,Puebla,2626,19.01,-98.2,pulses and nuts,"Beans (black, Veracruz)",565,KG,actual,Wholesale,MXN,23,1.13
2016-12-15,Puebla,San Andres Cholula,Puebla,2626,19.01,-98.2,pulses and nuts,"Beans (black, imported)",567,KG,actual,Wholesale,MXN,24,1.18
2016-12-15,Sinaloa,Culiacan,Culiacán,2629,24.8,-107.39,cereals and tubers,Maize (white),67,KG,actual,Wholesale,MXN,4.3,0.21
2016-12-15,Veracruz,Xico,Xalapa,2625,19.54,-96.93,cereals and tubers,Maize (white),67,KG,actual,Wholesale,MXN,5.15,0.25
2016-12-15,Veracruz,Xico,Xalapa,2625,19.54,-96.93,pulses and nuts,"Beans (black, imported)",567,KG,actual,Wholesale,MXN,22.5,1.11
2017-01-15,Distrito Federal,Cuauhtemoc,Mexico City,2627,19.41,-99.13,cereals and tubers,"Rice (long grain, Sinaloa)",591,KG,actual,Wholesale,MXN,15.45,0.71
2017-01-15,Distrito Federal,Cuauhtemoc,Mexico City,2627,19.41,-99.13,cereals and tubers,"Rice (small grain, Morelos)",596,KG,actual,Wholesale,MXN,21,0.97
2017-01-15,Distrito Federal,Cuauhtemoc,Mexico City,2627,19.41,-99.13,cereals and tubers,Tortilla,143,KG,actual,Retail,MXN,11.6,0.54
2017-01-15,Distrito Federal,Cuauhtemoc,Mexico City,2627,19.41,-99.13,pulses and nuts,"Beans (black, Veracruz)",565,KG,actual,Wholesale,MXN,17.88,0.83
2017-01-15,Distrito Federal,Cuauhtemoc,Mexico City,2627,19.41,-99.13,pulses and nuts,"Beans (black, Zacatecas)",566,KG,actual,Wholesale,MXN,17.9,0.83
2017-01-15,Distrito Federal,Cuauhtemoc,Mexico City,2627,19.41,-99.13,pulses and nuts,"Beans (black, imported)",567,KG,actual,Wholesale,MXN,24.7,1.14
2017-01-15,Jalisco,Guadalajara,Guadalajara,2628,20.68,-103.35,cereals and tubers,Maize (white),67,KG,actual,Wholesale,MXN,5.35,0.25
2017-01-15,Jalisco,Guadalajara,Guadalajara,2628,20.68,-103.35,pulses and nuts,"Beans (black, Nayarit)",564,KG,actual,Wholesale,MXN,16.75,0.77
2017-01-15,Puebla,San Andres Cholula,Puebla,2626,19.01,-98.2,cereals and tubers,Maize (white),67,KG,actual,Wholesale,MXN,5.25,0.24
2017-01-15,Puebla,San Andres Cholula,Puebla,2626,19.01,-98.2,cereals and tubers,"Rice (small grain, Morelos)",596,KG,actual,Wholesale,MXN,15,0.69
2017-01-15,Puebla,San Andres Cholula,Puebla,2626,19.01,-98.2,pulses and nuts,"Beans (black, Veracruz)",565,KG,actual,Wholesale,MXN,24,1.11
2017-01-15,Puebla,San Andres Cholula,Puebla,2626,19.01,-98.2,pulses and nuts,"Beans (black, imported)",567,KG,actual,Wholesale,MXN,25,1.16
2017-01-15,Sinaloa,Culiacan,Culiacán,2629,24.8,-107.39,cereals and tubers,Maize (white),67,KG,actual,Wholesale,MXN,4.4,0.2
2017-01-15,Veracruz,Xico,Xalapa,2625,19.54,-96.93,cereals and tubers,Maize (white),67,KG,actual,Wholesale,MXN,5.05,0.23
2017-02-15,Distrito Federal,Cuauhtemoc,Mexico City,2627,19.41,-99.13,cereals and tubers,"Rice (long grain, Sinaloa)",591,KG,actual,Wholesale,MXN,16.38,0.81
2017-02-15,Distrito Federal,Cuauhtemoc,Mexico City,2627,19.41,-99.13,cereals and tubers,"Rice (small grain, Morelos)",596,KG,actual,Wholesale,MXN,21,1.04
2017-02-15,Distrito Federal,Cuauhtemoc,Mexico City,2627,19.41,-99.13,cereals and tubers,Tortilla,143,KG,actual,Retail,MXN,12.62,0.62
2017-02-15,Distrito Federal,Cuauhtemoc,Mexico City,2627,19.41,-99.13,pulses and nuts,"Beans (black, Veracruz)",565,KG,actual,Wholesale,MXN,18.25,0.9
2017-02-15,Jalisco,Guadalajara,Guadalajara,2628,20.68,-103.35,cereals and tubers,Maize (white),67,KG,actual,Wholesale,MXN,5.45,0.27
2017-02-15,Jalisco,Guadalajara,Guadalajara,2628,20.68,-103.35,pulses and nuts,"Beans (black, Nayarit)",564,KG,actual,Wholesale,MXN,17,0.84
2017-02-15,Puebla,San Andres Cholula,Puebla,2626,19.01,-98.2,cereals and tubers,Maize (white),67,KG,actual,Wholesale,MXN,5.5,0.27
2017-02-15,Puebla,San Andres Cholula,Puebla,2626,19.01,-98.2,cereals and tubers,"Rice (small grain, Morelos)",596,KG,actual,Wholesale,MXN,15,0.74
2017-02-15,Puebla,San Andres Cholula,Puebla,2626,19.01,-98.2,pulses and nuts,"Beans (black, Veracruz)",565,KG,actual,Wholesale,MXN,25.5,1.26
2017-02-15,Puebla,San Andres Cholula,Puebla,2626,19.01,-98.2,pulses and nuts,"Beans (black, imported)",567,KG,actual,Wholesale,MXN,26.5,1.31
2017-02-15,Sinaloa,Culiacan,Culiacán,2629,24.8,-107.39,cereals and tubers,Maize (white),67,KG,actual,Wholesale,MXN,4.88,0.24
2017-02-15,Veracruz,Xico,Xalapa,2625,19.54,-96.93,cereals and tubers,Maize (white),67,KG,actual,Wholesale,MXN,5,0.25
2017-02-15,Veracruz,Xico,Xalapa,2625,19.54,-96.93,pulses and nuts,"Beans (black, imported)",567,KG,actual,Wholesale,MXN,23,1.13
2017-03-15,Distrito Federal,Cuauhtemoc,Mexico City,2627,19.41,-99.13,cereals and tubers,"Rice (long grain, Sinaloa)",591,KG,actual,Wholesale,MXN,16.14,0.84
2017-03-15,Distrito Federal,Cuauhtemoc,Mexico City,2627,19.41,-99.13,cereals and tubers,"Rice (small grain, Morelos)",596,KG,actual,Wholesale,MXN,21,1.09
2017-03-15,Distrito Federal,Cuauhtemoc,Mexico City,2627,19.41,-99.13,cereals and tubers,Tortilla,143,KG,actual,Retail,MXN,12.8,0.67
2017-03-15,Distrito Federal,Cuauhtemoc,Mexico City,2627,19.41,-99.13,pulses and nuts,"Beans (black, Veracruz)",565,KG,actual,Wholesale,MXN,18.8,0.98
2017-03-15,Distrito Federal,Cuauhtemoc,Mexico City,2627,19.41,-99.13,pulses and nuts,"Beans (black, imported)",567,KG,actual,Wholesale,MXN,24.4,1.27
2017-03-15,Jalisco,Guadalajara,Guadalajara,2628,20.68,-103.35,cereals and tubers,Maize (white),67,KG,actual,Wholesale,MXN,5.34,0.28
2017-03-15,Jalisco,Guadalajara,Guadalajara,2628,20.68,-103.35,pulses and nuts,"Beans (black, Nayarit)",564,KG,actual,Wholesale,MXN,17.8,0.93
2017-03-15,Puebla,San Andres Cholula,Puebla,2626,19.01,-98.2,cereals and tubers,Maize (white),67,KG,actual,Wholesale,MXN,5.2,0.27
2017-03-15,Puebla,San Andres Cholula,Puebla,2626,19.01,-98.2,pulses and nuts,"Beans (black, Veracruz)",565,KG,actual,Wholesale,MXN,23.6,1.23
2017-03-15,Puebla,San Andres Cholula,Puebla,2626,19.01,-98.2,pulses and nuts,"Beans (black, imported)",567,KG,actual,Wholesale,MXN,26.6,1.38
2017-03-15,Sinaloa,Culiacan,Culiacán,2629,24.8,-107.39,cereals and tubers,Maize (white),67,KG,actual,Wholesale,MXN,5,0.26
2017-03-15,Veracruz,Xico,Xalapa,2625,19.54,-96.93,cereals and tubers,Maize (white),67,KG,actual,Wholesale,MXN,5.5,0.29
2017-03-15,Veracruz,Xico,Xalapa,2625,19.54,-96.93,pulses and nuts,"Beans (black, imported)",567,KG,actual,Wholesale,MXN,22.5,1.17
2017-04-15,Distrito Federal,Cuauhtemoc,Mexico City,2627,19.41,-99.13,cereals and tubers,"Rice (long grain, Sinaloa)",591,KG,actual,Wholesale,MXN,16,0.86
2017-04-15,Distrito Federal,Cuauhtemoc,Mexico City,2627,19.41,-99.13,cereals and tubers,"Rice (small grain, Morelos)",596,KG,actual,Wholesale,MXN,20.5,1.11
2017-04-15,Distrito Federal,Cuauhtemoc,Mexico City,2627,19.41,-99.13,cereals and tubers,Tortilla,143,KG,actual,Retail,MXN,12.8,0.69
2017-04-15,Distrito Federal,Cuauhtemoc,Mexico City,2627,19.41,-99.13,pulses and nuts,"Beans (black, Veracruz)",565,KG,actual,Wholesale,MXN,19.38,1.05
2017-04-15,Distrito Federal,Cuauhtemoc,Mexico City,2627,19.41,-99.13,pulses and nuts,"Beans (black, imported)",567,KG,actual,Wholesale,MXN,23.63,1.28
2017-04-15,Jalisco,Guadalajara,Guadalajara,2628,20.68,-103.35,cereals and tubers,Maize (white),67,KG,actual,Wholesale,MXN,5.3,0.29
2017-04-15,Jalisco,Guadalajara,Guadalajara,2628,20.68,-103.35,cereals and tubers,"Rice (long grain, Sinaloa)",591,KG,actual,Wholesale,MXN,12.63,0.68
2017-04-15,Jalisco,Guadalajara,Guadalajara,2628,20.68,-103.35,pulses and nuts,"Beans (black, Nayarit)",564,KG,actual,Wholesale,MXN,17.75,0.96
2017-04-15,Puebla,San Andres Cholula,Puebla,2626,19.01,-98.2,cereals and tubers,Maize (white),67,KG,actual,Wholesale,MXN,5.5,0.3
2017-04-15,Puebla,San Andres Cholula,Puebla,2626,19.01,-98.2,cereals and tubers,"Rice (small grain, Morelos)",596,KG,actual,Wholesale,MXN,16,0.86
2017-04-15,Puebla,San Andres Cholula,Puebla,2626,19.01,-98.2,pulses and nuts,"Beans (black, Veracruz)",565,KG,actual,Wholesale,MXN,21,1.14
2017-04-15,Puebla,San Andres Cholula,Puebla,2626,19.01,-98.2,pulses and nuts,"Beans (black, imported)",567,KG,actual,Wholesale,MXN,25,1.35
2017-04-15,Sinaloa,Culiacan,Culiacán,2629,24.8,-107.39,cereals and tubers,Maize (white),67,KG,actual,Wholesale,MXN,5,0.27
2017-04-15,Veracruz,Xico,Xalapa,2625,19.54,-96.93,cereals and tubers,Maize (white),67,KG,actual,Wholesale,MXN,5.13,0.28
2017-05-15,Distrito Federal,Cuauhtemoc,Mexico City,2627,19.41,-99.13,cereals and tubers,"Rice (long grain, Sinaloa)",591,KG,actual,Wholesale,MXN,16,0.86
2017-05-15,Distrito Federal,Cuauhtemoc,Mexico City,2627,19.41,-99.13,cereals and tubers,"Rice (small grain, Morelos)",596,KG,actual,Wholesale,MXN,20.2,1.08
2017-05-15,Distrito Federal,Cuauhtemoc,Mexico City,2627,19.41,-99.13,cereals and tubers,Tortilla,143,KG,actual,Retail,MXN,12.8,0.68
2017-05-15,Distrito Federal,Cuauhtemoc,Mexico City,2627,19.41,-99.13,pulses and nuts,"Beans (black, Zacatecas)",566,KG,actual,Wholesale,MXN,19.7,1.05
2017-05-15,Jalisco,Guadalajara,Guadalajara,2628,20.68,-103.35,cereals and tubers,Maize (white),67,KG,actual,Wholesale,MXN,5.38,0.29
2017-05-15,Jalisco,Guadalajara,Guadalajara,2628,20.68,-103.35,cereals and tubers,"Rice (long grain, Sinaloa)",591,KG,actual,Wholesale,MXN,13.6,0.73
2017-05-15,Jalisco,Guadalajara,Guadalajara,2628,20.68,-103.35,pulses and nuts,"Beans (black, Nayarit)",564,KG,actual,Wholesale,MXN,17.8,0.95
2017-05-15,Puebla,San Andres Cholula,Puebla,2626,19.01,-98.2,cereals and tubers,Maize (white),67,KG,actual,Wholesale,MXN,5.5,0.29
2017-05-15,Puebla,San Andres Cholula,Puebla,2626,19.01,-98.2,pulses and nuts,"Beans (black, Veracruz)",565,KG,actual,Wholesale,MXN,21.1,1.13
2017-05-15,Puebla,San Andres Cholula,Puebla,2626,19.01,-98.2,pulses and nuts,"Beans (black, imported)",567,KG,actual,Wholesale,MXN,24.5,1.31
2017-05-15,Sinaloa,Culiacan,Culiacán,2629,24.8,-107.39,cereals and tubers,Maize (white),67,KG,actual,Wholesale,MXN,5,0.27
2017-05-15,Veracruz,Xico,Xalapa,2625,19.54,-96.93,cereals and tubers,Maize (white),67,KG,actual,Wholesale,MXN,4.96,0.27
2017-05-15,Veracruz,Xico,Xalapa,2625,19.54,-96.93,pulses and nuts,"Beans (black, imported)",567,KG,actual,Wholesale,MXN,22.4,1.2
2017-06-15,Distrito Federal,Cuauhtemoc,Mexico City,2627,19.41,-99.13,cereals and tubers,"Rice (long grain, Sinaloa)",591,KG,actual,Wholesale,MXN,16,0.89
2017-06-15,Distrito Federal,Cuauhtemoc,Mexico City,2627,19.41,-99.13,cereals and tubers,"Rice (small grain, Morelos)",596,KG,actual,Wholesale,MXN,20,1.11
2017-06-15,Distrito Federal,Cuauhtemoc,Mexico City,2627,19.41,-99.13,cereals and tubers,Tortilla,143,KG,actual,Retail,MXN,12.8,0.71
2017-06-15,Distrito Federal,Cuauhtemoc,Mexico City,2627,19.41,-99.13,pulses and nuts,"Beans (black, Zacatecas)",566,KG,actual,Wholesale,MXN,20.75,1.15
2017-06-15,Distrito Federal,Cuauhtemoc,Mexico City,2627,19.41,-99.13,pulses and nuts,"Beans (black, imported)",567,KG,actual,Wholesale,MXN,22,1.22
2017-06-15,Jalisco,Guadalajara,Guadalajara,2628,20.68,-103.35,cereals and tubers,Maize (white),67,KG,actual,Wholesale,MXN,5.35,0.3
2017-06-15,Jalisco,Guadalajara,Guadalajara,2628,20.68,-103.35,pulses and nuts,"Beans (black, Nayarit)",564,KG,actual,Wholesale,MXN,19,1.05
2017-06-15,Puebla,San Andres Cholula,Puebla,2626,19.01,-98.2,cereals and tubers,Maize (white),67,KG,actual,Wholesale,MXN,5.3,0.29
2017-06-15,Puebla,San Andres Cholula,Puebla,2626,19.01,-98.2,cereals and tubers,"Rice (small grain, Morelos)",596,KG,actual,Wholesale,MXN,16,0.89
2017-06-15,Puebla,San Andres Cholula,Puebla,2626,19.01,-98.2,pulses and nuts,"Beans (black, Veracruz)",565,KG,actual,Wholesale,MXN,21.5,1.19
2017-06-15,Puebla,San Andres Cholula,Puebla,2626,19.01,-98.2,pulses and nuts,"Beans (black, imported)",567,KG,actual,Wholesale,MXN,23.25,1.29
2017-06-15,Sinaloa,Culiacan,Culiacán,2629,24.8,-107.39,cereals and tubers,Maize (white),67,KG,actual,Wholesale,MXN,4,0.22
2017-06-15,Veracruz,Xico,Xalapa,2625,19.54,-96.93,cereals and tubers,Maize (white),67,KG,actual,Wholesale,MXN,5,0.28
2017-07-15,Distrito Federal,Cuauhtemoc,Mexico City,2627,19.41,-99.13,cereals and tubers,"Rice (long grain, Sinaloa)",591,KG,actual,Wholesale,MXN,16,0.91
2017-07-15,Distrito Federal,Cuauhtemoc,Mexico City,2627,19.41,-99.13,cereals and tubers,"Rice (small grain, Morelos)",596,KG,actual,Wholesale,MXN,20,1.14
2017-07-15,Distrito Federal,Cuauhtemoc,Mexico City,2627,19.41,-99.13,cereals and tubers,Tortilla,143,KG,actual,Retail,MXN,12.8,0.73
2017-07-15,Distrito Federal,Cuauhtemoc,Mexico City,2627,19.41,-99.13,pulses and nuts,"Beans (black, Zacatecas)",566,KG,actual,Wholesale,MXN,21,1.2
2017-07-15,Jalisco,Guadalajara,Guadalajara,2628,20.68,-103.35,cereals and tubers,Maize (white),67,KG,actual,Wholesale,MXN,5.3,0.3
2017-07-15,Jalisco,Guadalajara,Guadalajara,2628,20.68,-103.35,cereals and tubers,"Rice (long grain, Sinaloa)",591,KG,actual,Wholesale,MXN,12.5,0.71
2017-07-15,Jalisco,Guadalajara,Guadalajara,2628,20.68,-103.35,pulses and nuts,"Beans (black, Nayarit)",564,KG,actual,Wholesale,MXN,18.62,1.06
2017-07-15,Puebla,San Andres Cholula,Puebla,2626,19.01,-98.2,cereals and tubers,Maize (white),67,KG,actual,Wholesale,MXN,5.55,0.32
2017-07-15,Puebla,San Andres Cholula,Puebla,2626,19.01,-98.2,cereals and tubers,"Rice (small grain, Morelos)",596,KG,actual,Wholesale,MXN,16.38,0.93
2017-07-15,Puebla,San Andres Cholula,Puebla,2626,19.01,-98.2,pulses and nuts,"Beans (black, Veracruz)",565,KG,actual,Wholesale,MXN,21.88,1.25
2017-07-15,Puebla,San Andres Cholula,Puebla,2626,19.01,-98.2,pulses and nuts,"Beans (black, imported)",567,KG,actual,Wholesale,MXN,24,1.37
2017-07-15,Sinaloa,Culiacan,Culiacán,2629,24.8,-107.39,cereals and tubers,Maize (white),67,KG,actual,Wholesale,MXN,4,0.23
2017-07-15,Veracruz,Xico,Xalapa,2625,19.54,-96.93,cereals and tubers,Maize (white),67,KG,actual,Wholesale,MXN,5,0.28
2017-07-15,Veracruz,Xico,Xalapa,2625,19.54,-96.93,pulses and nuts,"Beans (black, imported)",567,KG,actual,Wholesale,MXN,20,1.14
2017-08-15,Distrito Federal,Cuauhtemoc,Mexico City,2627,19.41,-99.13,cereals and tubers,"Rice (long grain, Sinaloa)",591,KG,actual,Wholesale,MXN,15.2,0.85
2017-08-15,Distrito Federal,Cuauhtemoc,Mexico City,2627,19.41,-99.13,cereals and tubers,"Rice (small grain, Morelos)",596,KG,actual,Wholesale,MXN,20,1.12
2017-08-15,Distrito Federal,Cuauhtemoc,Mexico City,2627,19.41,-99.13,cereals and tubers,Tortilla,143,KG,actual,Retail,MXN,12.8,0.72
2017-08-15,Distrito Federal,Cuauhtemoc,Mexico City,2627,19.41,-99.13,pulses and nuts,"Beans (black, Zacatecas)",566,KG,actual,Wholesale,MXN,21.6,1.21
2017-08-15,Distrito Federal,Cuauhtemoc,Mexico City,2627,19.41,-99.13,pulses and nuts,"Beans (black, imported)",567,KG,actual,Wholesale,MXN,22.8,1.28
2017-08-15,Jalisco,Guadalajara,Guadalajara,2628,20.68,-103.35,cereals and tubers,"Rice (long grain, Sinaloa)",591,KG,actual,Wholesale,MXN,12.5,0.7
2017-08-15,Jalisco,Guadalajara,Guadalajara,2628,20.68,-103.35,pulses and nuts,"Beans (black, Nayarit)",564,KG,actual,Wholesale,MXN,19,1.07
2017-08-15,Puebla,San Andres Cholula,Puebla,2626,19.01,-98.2,cereals and tubers,Maize (white),67,KG,actual,Wholesale,MXN,5.76,0.32
2017-08-15,Puebla,San Andres Cholula,Puebla,2626,19.01,-98.2,cereals and tubers,"Rice (small grain, Morelos)",596,KG,actual,Wholesale,MXN,16.5,0.93
2017-08-15,Puebla,San Andres Cholula,Puebla,2626,19.01,-98.2,pulses and nuts,"Beans (black, Veracruz)",565,KG,actual,Wholesale,MXN,23,1.29
2017-08-15,Puebla,San Andres Cholula,Puebla,2626,19.01,-98.2,pulses and nuts,"Beans (black, imported)",567,KG,actual,Wholesale,MXN,24,1.35
2017-08-15,Sinaloa,Culiacan,Culiacán,2629,24.8,-107.39,cereals and tubers,Maize (white),67,KG,actual,Wholesale,MXN,3.84,0.22
2017-08-15,Veracruz,Xico,Xalapa,2625,19.54,-96.93,cereals and tubers,Maize (white),67,KG,actual,Wholesale,MXN,5.04,0.28
2017-08-15,Veracruz,Xico,Xalapa,2625,19.54,-96.93,pulses and nuts,"Beans (black, imported)",567,KG,actual,Wholesale,MXN,21.6,1.21
2017-09-15,Distrito Federal,Cuauhtemoc,Mexico City,2627,19.41,-99.13,cereals and tubers,"Rice (small grain, Morelos)",596,KG,actual,Wholesale,MXN,20,1.13
2017-09-15,Distrito Federal,Cuauhtemoc,Mexico City,2627,19.41,-99.13,cereals and tubers,Tortilla,143,KG,actual,Retail,MXN,12.8,0.72
2017-09-15,Distrito Federal,Cuauhtemoc,Mexico City,2627,19.41,-99.13,pulses and nuts,"Beans (black, Zacatecas)",566,KG,actual,Wholesale,MXN,22.68,1.28
2017-09-15,Distrito Federal,Cuauhtemoc,Mexico City,2627,19.41,-99.13,pulses and nuts,"Beans (black, imported)",567,KG,actual,Wholesale,MXN,22.5,1.27
2017-09-15,Jalisco,Guadalajara,Guadalajara,2628,20.68,-103.35,cereals and tubers,Maize (white),67,KG,actual,Wholesale,MXN,5.35,0.3
2017-09-15,Jalisco,Guadalajara,Guadalajara,2628,20.68,-103.35,cereals and tubers,"Rice (long grain, Sinaloa)",591,KG,actual,Wholesale,MXN,12.5,0.71
2017-09-15,Jalisco,Guadalajara,Guadalajara,2628,20.68,-103.35,pulses and nuts,"Beans (black, Nayarit)",564,KG,actual,Wholesale,MXN,19,1.08
2017-09-15,Puebla,San Andres Cholula,Puebla,2626,19.01,-98.2,cereals and tubers,Maize (white),67,KG,actual,Wholesale,MXN,5.76,0.33
2017-09-15,Puebla,San Andres Cholula,Puebla,2626,19.01,-98.2,cereals and tubers,"Rice (small grain, Morelos)",596,KG,actual,Wholesale,MXN,16.5,0.93
2017-09-15,Puebla,San Andres Cholula,Puebla,2626,19.01,-98.2,pulses and nuts,"Beans (black, Veracruz)",565,KG,actual,Wholesale,MXN,23.13,1.31
2017-09-15,Puebla,San Andres Cholula,Puebla,2626,19.01,-98.2,pulses and nuts,"Beans (black, imported)",567,KG,actual,Wholesale,MXN,24,1.36
2017-09-15,Sinaloa,Culiacan,Culiacán,2629,24.8,-107.39,cereals and tubers,Maize (white),67,KG,actual,Wholesale,MXN,3.9,0.22
2017-09-15,Veracruz,Xico,Xalapa,2625,19.54,-96.93,cereals and tubers,Maize (white),67,KG,actual,Wholesale,MXN,5,0.28
2017-09-15,Veracruz,Xico,Xalapa,2625,19.54,-96.93,pulses and nuts,"Beans (black, imported)",567,KG,actual,Wholesale,MXN,21.5,1.22
2017-10-15,Distrito Federal,Cuauhtemoc,Mexico City,2627,19.41,-99.13,cereals and tubers,"Rice (small grain, Morelos)",596,KG,actual,Wholesale,MXN,20,1.05
2017-10-15,Distrito Federal,Cuauhtemoc,Mexico City,2627,19.41,-99.13,cereals and tubers,Tortilla,143,KG,actual,Retail,MXN,12.81,0.67
2017-10-15,Distrito Federal,Cuauhtemoc,Mexico City,2627,19.41,-99.13,pulses and nuts,"Beans (black, Zacatecas)",566,KG,actual,Wholesale,MXN,22.75,1.2
2017-10-15,Jalisco,Guadalajara,Guadalajara,2628,20.68,-103.35,cereals and tubers,Maize (white),67,KG,actual,Wholesale,MXN,5.3,0.28
2017-10-15,Jalisco,Guadalajara,Guadalajara,2628,20.68,-103.35,cereals and tubers,"Rice (long grain, Sinaloa)",591,KG,actual,Wholesale,MXN,12.5,0.66
2017-10-15,Jalisco,Guadalajara,Guadalajara,2628,20.68,-103.35,pulses and nuts,"Beans (black, Nayarit)",564,KG,actual,Wholesale,MXN,19,1
2017-10-15,Puebla,San Andres Cholula,Puebla,2626,19.01,-98.2,cereals and tubers,Maize (white),67,KG,actual,Wholesale,MXN,5.8,0.31
2017-10-15,Puebla,San Andres Cholula,Puebla,2626,19.01,-98.2,cereals and tubers,"Rice (small grain, Morelos)",596,KG,actual,Wholesale,MXN,16.5,0.87
2017-10-15,Puebla,San Andres Cholula,Puebla,2626,19.01,-98.2,pulses and nuts,"Beans (black, Veracruz)",565,KG,actual,Wholesale,MXN,23.88,1.26
2017-10-15,Puebla,San Andres Cholula,Puebla,2626,19.01,-98.2,pulses and nuts,"Beans (black, imported)",567,KG,actual,Wholesale,MXN,24.75,1.3
2017-10-15,Sinaloa,Culiacan,Culiacán,2629,24.8,-107.39,cereals and tubers,Maize (white),67,KG,actual,Wholesale,MXN,4,0.21
2017-10-15,Veracruz,Xico,Xalapa,2625,19.54,-96.93,cereals and tubers,Maize (white),67,KG,actual,Wholesale,MXN,5.1,0.27
2017-10-15,Veracruz,Xico,Xalapa,2625,19.54,-96.93,pulses and nuts,"Beans (black, imported)",567,KG,actual,Wholesale,MXN,20.5,1.08
2017-11-15,Distrito Federal,Cuauhtemoc,Mexico City,2627,19.41,-99.13,cereals and tubers,"Rice (long grain, Sinaloa)",591,KG,actual,Wholesale,MXN,15.52,0.81
2017-11-15,Distrito Federal,Cuauhtemoc,Mexico City,2627,19.41,-99.13,cereals and tubers,"Rice (small grain, Morelos)",596,KG,actual,Wholesale,MXN,20.2,1.05
2017-11-15,Distrito Federal,Cuauhtemoc,Mexico City,2627,19.41,-99.13,cereals and tubers,Tortilla,143,KG,actual,Retail,MXN,12.83,0.67
2017-11-15,Distrito Federal,Cuauhtemoc,Mexico City,2627,19.41,-99.13,pulses and nuts,"Beans (black, Zacatecas)",566,KG,actual,Wholesale,MXN,22.5,1.17
2017-11-15,Distrito Federal,Cuauhtemoc,Mexico City,2627,19.41,-99.13,pulses and nuts,"Beans (black, imported)",567,KG,actual,Wholesale,MXN,22.8,1.18
2017-11-15,Jalisco,Guadalajara,Guadalajara,2628,20.68,-103.35,cereals and tubers,Maize (white),67,KG,actual,Wholesale,MXN,5.3,0.28
2017-11-15,Jalisco,Guadalajara,Guadalajara,2628,20.68,-103.35,cereals and tubers,"Rice (long grain, Sinaloa)",591,KG,actual,Wholesale,MXN,12.1,0.63
2017-11-15,Jalisco,Guadalajara,Guadalajara,2628,20.68,-103.35,pulses and nuts,"Beans (black, Nayarit)",564,KG,actual,Wholesale,MXN,19,0.99
2017-11-15,Puebla,San Andres Cholula,Puebla,2626,19.01,-98.2,cereals and tubers,Maize (white),67,KG,actual,Wholesale,MXN,5.77,0.3
2017-11-15,Puebla,San Andres Cholula,Puebla,2626,19.01,-98.2,cereals and tubers,"Rice (small grain, Morelos)",596,KG,actual,Wholesale,MXN,16.5,0.86
2017-11-15,Puebla,San Andres Cholula,Puebla,2626,19.01,-98.2,pulses and nuts,"Beans (black, Veracruz)",565,KG,actual,Wholesale,MXN,23.4,1.22
2017-11-15,Puebla,San Andres Cholula,Puebla,2626,19.01,-98.2,pulses and nuts,"Beans (black, imported)",567,KG,actual,Wholesale,MXN,24.4,1.27
2017-11-15,Sinaloa,Culiacan,Culiacán,2629,24.8,-107.39,cereals and tubers,Maize (white),67,KG,actual,Wholesale,MXN,4,0.21
2017-11-15,Veracruz,Xico,Xalapa,2625,19.54,-96.93,cereals and tubers,Maize (white),67,KG,actual,Wholesale,MXN,5,0.26
2017-11-15,Veracruz,Xico,Xalapa,2625,19.54,-96.93,pulses and nuts,"Beans (black, imported)",567,KG,actual,Wholesale,MXN,20.2,1.05
2017-12-15,Distrito Federal,Cuauhtemoc,Mexico City,2627,19.41,-99.13,cereals and tubers,"Rice (small grain, Morelos)",596,KG,actual,Wholesale,MXN,21.25,1.11
2017-12-15,Distrito Federal,Cuauhtemoc,Mexico City,2627,19.41,-99.13,cereals and tubers,Tortilla,143,KG,actual,Retail,MXN,12.83,0.67
2017-12-15,Distrito Federal,Cuauhtemoc,Mexico City,2627,19.41,-99.13,pulses and nuts,"Beans (black, Zacatecas)",566,KG,actual,Wholesale,MXN,21,1.1
2017-12-15,Distrito Federal,Cuauhtemoc,Mexico City,2627,19.41,-99.13,pulses and nuts,"Beans (black, imported)",567,KG,actual,Wholesale,MXN,22,1.15
2017-12-15,Jalisco,Guadalajara,Guadalajara,2628,20.68,-103.35,cereals and tubers,"Rice (long grain, Sinaloa)",591,KG,actual,Wholesale,MXN,12,0.63
2017-12-15,Jalisco,Guadalajara,Guadalajara,2628,20.68,-103.35,pulses and nuts,"Beans (black, Nayarit)",564,KG,actual,Wholesale,MXN,19,0.99
2017-12-15,Puebla,San Andres Cholula,Puebla,2626,19.01,-98.2,cereals and tubers,Maize (white),67,KG,actual,Wholesale,MXN,5.9,0.31
2017-12-15,Puebla,San Andres Cholula,Puebla,2626,19.01,-98.2,cereals and tubers,"Rice (small grain, Morelos)",596,KG,actual,Wholesale,MXN,17,0.89
2017-12-15,Puebla,San Andres Cholula,Puebla,2626,19.01,-98.2,pulses and nuts,"Beans (black, Veracruz)",565,KG,actual,Wholesale,MXN,22,1.15
2017-12-15,Puebla,San Andres Cholula,Puebla,2626,19.01,-98.2,pulses and nuts,"Beans (black, imported)",567,KG,actual,Wholesale,MXN,23,1.2
2017-12-15,Sinaloa,Culiacan,Culiacán,2629,24.8,-107.39,cereals and tubers,Maize (white),67,KG,actual,Wholesale,MXN,4.25,0.22
2017-12-15,Veracruz,Xico,Xalapa,2625,19.54,-96.93,cereals and tubers,Maize (white),67,KG,actual,Wholesale,MXN,5.5,0.29
2017-12-15,Veracruz,Xico,Xalapa,2625,19.54,-96.93,pulses and nuts,"Beans (black, imported)",567,KG,actual,Wholesale,MXN,20.62,1.08
2018-01-15,Distrito Federal,Cuauhtemoc,Mexico City,2627,19.41,-99.13,cereals and tubers,"Rice (small grain, Morelos)",596,KG,actual,Wholesale,MXN,20.1,1.07
2018-01-15,Distrito Federal,Cuauhtemoc,Mexico City,2627,19.41,-99.13,cereals and tubers,Tortilla,143,KG,actual,Retail,MXN,12.85,0.68
2018-01-15,Distrito Federal,Cuauhtemoc,Mexico City,2627,19.41,-99.13,pulses and nuts,"Beans (black, Zacatecas)",566,KG,actual,Wholesale,MXN,20,1.06
2018-01-15,Distrito Federal,Cuauhtemoc,Mexico City,2627,19.41,-99.13,pulses and nuts,"Beans (black, imported)",567,KG,actual,Wholesale,MXN,22.28,1.18
2018-01-15,Jalisco,Guadalajara,Guadalajara,2628,20.68,-103.35,cereals and tubers,Maize (white),67,KG,actual,Wholesale,MXN,5.3,0.28
2018-01-15,Jalisco,Guadalajara,Guadalajara,2628,20.68,-103.35,cereals and tubers,"Rice (long grain, Sinaloa)",591,KG,actual,Wholesale,MXN,12,0.64
2018-01-15,Jalisco,Guadalajara,Guadalajara,2628,20.68,-103.35,pulses and nuts,"Beans (black, Nayarit)",564,KG,actual,Wholesale,MXN,19,1.01
2018-01-15,Puebla,San Andres Cholula,Puebla,2626,19.01,-98.2,cereals and tubers,Maize (white),67,KG,actual,Wholesale,MXN,5.38,0.29
2018-01-15,Puebla,San Andres Cholula,Puebla,2626,19.01,-98.2,cereals and tubers,"Rice (small grain, Morelos)",596,KG,actual,Wholesale,MXN,16.7,0.89
2018-01-15,Puebla,San Andres Cholula,Puebla,2626,19.01,-98.2,pulses and nuts,"Beans (black, Veracruz)",565,KG,actual,Wholesale,MXN,22,1.17
2018-01-15,Puebla,San Andres Cholula,Puebla,2626,19.01,-98.2,pulses and nuts,"Beans (black, imported)",567,KG,actual,Wholesale,MXN,23,1.22
2018-01-15,Sinaloa,Culiacan,Culiacán,2629,24.8,-107.39,cereals and tubers,Maize (white),67,KG,actual,Wholesale,MXN,4.42,0.23
2018-01-15,Veracruz,Xico,Xalapa,2625,19.54,-96.93,cereals and tubers,Maize (white),67,KG,actual,Wholesale,MXN,4.96,0.26
2018-01-15,Veracruz,Xico,Xalapa,2625,19.54,-96.93,pulses and nuts,"Beans (black, imported)",567,KG,actual,Wholesale,MXN,20,1.06
2018-02-15,Distrito Federal,Cuauhtemoc,Mexico City,2627,19.41,-99.13,cereals and tubers,"Rice (long grain, Sinaloa)",591,KG,actual,Wholesale,MXN,14.3,0.77
2018-02-15,Distrito Federal,Cuauhtemoc,Mexico City,2627,19.41,-99.13,cereals and tubers,"Rice (small grain, Morelos)",596,KG,actual,Wholesale,MXN,20.75,1.12
2018-02-15,Distrito Federal,Cuauhtemoc,Mexico City,2627,19.41,-99.13,cereals and tubers,Tortilla,143,KG,actual,Retail,MXN,12.85,0.69
2018-02-15,Distrito Federal,Cuauhtemoc,Mexico City,2627,19.41,-99.13,pulses and nuts,"Beans (black, imported)",567,KG,actual,Wholesale,MXN,22,1.19
2018-02-15,Jalisco,Guadalajara,Guadalajara,2628,20.68,-103.35,cereals and tubers,Maize (white),67,KG,actual,Wholesale,MXN,5.3,0.29
2018-02-15,Jalisco,Guadalajara,Guadalajara,2628,20.68,-103.35,cereals and tubers,"Rice (long grain, Sinaloa)",591,KG,actual,Wholesale,MXN,12,0.65
2018-02-15,Jalisco,Guadalajara,Guadalajara,2628,20.68,-103.35,pulses and nuts,"Beans (black, Nayarit)",564,KG,actual,Wholesale,MXN,18.5,1
2018-02-15,Puebla,San Andres Cholula,Puebla,2626,19.01,-98.2,cereals and tubers,Maize (white),67,KG,actual,Wholesale,MXN,5.78,0.31
2018-02-15,Puebla,San Andres Cholula,Puebla,2626,19.01,-98.2,cereals and tubers,"Rice (small grain, Morelos)",596,KG,actual,Wholesale,MXN,16.5,0.89
2018-02-15,Puebla,San Andres Cholula,Puebla,2626,19.01,-98.2,pulses and nuts,"Beans (black, Veracruz)",565,KG,actual,Wholesale,MXN,22,1.19
2018-02-15,Puebla,San Andres Cholula,Puebla,2626,19.01,-98.2,pulses and nuts,"Beans (black, imported)",567,KG,actual,Wholesale,MXN,23,1.24
2018-02-15,Sinaloa,Culiacan,Culiacán,2629,24.8,-107.39,cereals and tubers,Maize (white),67,KG,actual,Wholesale,MXN,4.5,0.24
2018-02-15,Veracruz,Xico,Xalapa,2625,19.54,-96.93,cereals and tubers,Maize (white),67,KG,actual,Wholesale,MXN,5,0.27
2018-03-15,Distrito Federal,Cuauhtemoc,Mexico City,2627,19.41,-99.13,cereals and tubers,"Rice (long grain, Sinaloa)",591,KG,actual,Wholesale,MXN,14.08,0.75
2018-03-15,Distrito Federal,Cuauhtemoc,Mexico City,2627,19.41,-99.13,cereals and tubers,"Rice (small grain, Morelos)",596,KG,actual,Wholesale,MXN,20.88,1.12
2018-03-15,Distrito Federal,Cuauhtemoc,Mexico City,2627,19.41,-99.13,cereals and tubers,Tortilla,143,KG,actual,Retail,MXN,12.85,0.69
2018-03-15,Jalisco,Guadalajara,Guadalajara,2628,20.68,-103.35,cereals and tubers,Maize (white),67,KG,actual,Wholesale,MXN,5.3,0.28
2018-03-15,Jalisco,Guadalajara,Guadalajara,2628,20.68,-103.35,cereals and tubers,"Rice (long grain, Sinaloa)",591,KG,actual,Wholesale,MXN,12.38,0.66
2018-03-15,Jalisco,Guadalajara,Guadalajara,2628,20.68,-103.35,pulses and nuts,"Beans (black, Nayarit)",564,KG,actual,Wholesale,MXN,17.25,0.92
2018-03-15,Puebla,San Andres Cholula,Puebla,2626,19.01,-98.2,cereals and tubers,Maize (white),67,KG,actual,Wholesale,MXN,5.78,0.31
2018-03-15,Puebla,San Andres Cholula,Puebla,2626,19.01,-98.2,cereals and tubers,"Rice (small grain, Morelos)",596,KG,actual,Wholesale,MXN,16.38,0.88
2018-03-15,Puebla,San Andres Cholula,Puebla,2626,19.01,-98.2,pulses and nuts,"Beans (black, Veracruz)",565,KG,actual,Wholesale,MXN,21.75,1.16
2018-03-15,Puebla,San Andres Cholula,Puebla,2626,19.01,-98.2,pulses and nuts,"Beans (black, imported)",567,KG,actual,Wholesale,MXN,23.25,1.24
2018-03-15,Sinaloa,Culiacan,Culiacán,2629,24.8,-107.39,cereals and tubers,Maize (white),67,KG,actual,Wholesale,MXN,4.5,0.24
2018-03-15,Veracruz,Xico,Xalapa,2625,19.54,-96.93,cereals and tubers,Maize (white),67,KG,actual,Wholesale,MXN,5.1,0.27
2018-03-15,Veracruz,Xico,Xalapa,2625,19.54,-96.93,pulses and nuts,"Beans (black, imported)",567,KG,actual,Wholesale,MXN,20,1.07
2018-04-15,Distrito Federal,Cuauhtemoc,Mexico City,2627,19.41,-99.13,cereals and tubers,"Rice (long grain, Sinaloa)",591,KG,actual,Wholesale,MXN,14,0.78
2018-04-15,Distrito Federal,Cuauhtemoc,Mexico City,2627,19.41,-99.13,cereals and tubers,"Rice (small grain, Morelos)",596,KG,actual,Wholesale,MXN,21,1.17
2018-04-15,Distrito Federal,Cuauhtemoc,Mexico City,2627,19.41,-99.13,cereals and tubers,Tortilla,143,KG,actual,Retail,MXN,12.85,0.71
2018-04-15,Distrito Federal,Cuauhtemoc,Mexico City,2627,19.41,-99.13,pulses and nuts,"Beans (black, Zacatecas)",566,KG,actual,Wholesale,MXN,19.5,1.08
2018-04-15,Distrito Federal,Cuauhtemoc,Mexico City,2627,19.41,-99.13,pulses and nuts,"Beans (black, imported)",567,KG,actual,Wholesale,MXN,21.25,1.18
2018-04-15,Jalisco,Guadalajara,Guadalajara,2628,20.68,-103.35,cereals and tubers,Maize (white),67,KG,actual,Wholesale,MXN,5.3,0.29
2018-04-15,Jalisco,Guadalajara,Guadalajara,2628,20.68,-103.35,cereals and tubers,"Rice (long grain, Sinaloa)",591,KG,actual,Wholesale,MXN,12.5,0.69
2018-04-15,Jalisco,Guadalajara,Guadalajara,2628,20.68,-103.35,pulses and nuts,"Beans (black, Nayarit)",564,KG,actual,Wholesale,MXN,17,0.94
2018-04-15,Puebla,San Andres Cholula,Puebla,2626,19.01,-98.2,cereals and tubers,Maize (white),67,KG,actual,Wholesale,MXN,5.75,0.32
2018-04-15,Puebla,San Andres Cholula,Puebla,2626,19.01,-98.2,cereals and tubers,"Rice (small grain, Morelos)",596,KG,actual,Wholesale,MXN,19.88,1.1
2018-04-15,Puebla,San Andres Cholula,Puebla,2626,19.01,-98.2,pulses and nuts,"Beans (black, Veracruz)",565,KG,actual,Wholesale,MXN,21.5,1.19
2018-04-15,Puebla,San Andres Cholula,Puebla,2626,19.01,-98.2,pulses and nuts,"Beans (black, imported)",567,KG,actual,Wholesale,MXN,22.5,1.25
2018-04-15,Sinaloa,Culiacan,Culiacán,2629,24.8,-107.39,cereals and tubers,Maize (white),67,KG,actual,Wholesale,MXN,4.65,0.26
2018-04-15,Veracruz,Xico,Xalapa,2625,19.54,-96.93,cereals and tubers,Maize (white),67,KG,actual,Wholesale,MXN,5.2,0.29
2018-05-15,Distrito Federal,Cuauhtemoc,Mexico City,2627,19.41,-99.13,cereals and tubers,"Rice (long grain, Sinaloa)",591,KG,actual,Wholesale,MXN,14.3,0.73
2018-05-15,Distrito Federal,Cuauhtemoc,Mexico City,2627,19.41,-99.13,cereals and tubers,"Rice (small grain, Morelos)",596,KG,actual,Wholesale,MXN,24,1.22
2018-05-15,Distrito Federal,Cuauhtemoc,Mexico City,2627,19.41,-99.13,cereals and tubers,Tortilla,143,KG,actual,Retail,MXN,12.85,0.65
2018-05-15,Distrito Federal,Cuauhtemoc,Mexico City,2627,19.41,-99.13,pulses and nuts,"Beans (black, Zacatecas)",566,KG,actual,Wholesale,MXN,19.6,1
2018-05-15,Jalisco,Guadalajara,Guadalajara,2628,20.68,-103.35,cereals and tubers,"Rice (long grain, Sinaloa)",591,KG,actual,Wholesale,MXN,12.5,0.63
2018-05-15,Jalisco,Guadalajara,Guadalajara,2628,20.68,-103.35,pulses and nuts,"Beans (black, Nayarit)",564,KG,actual,Wholesale,MXN,16,0.81
2018-05-15,Puebla,San Andres Cholula,Puebla,2626,19.01,-98.2,cereals and tubers,Maize (white),67,KG,actual,Wholesale,MXN,5.67,0.29
2018-05-15,Puebla,San Andres Cholula,Puebla,2626,19.01,-98.2,cereals and tubers,"Rice (small grain, Morelos)",596,KG,actual,Wholesale,MXN,19.4,0.99
2018-05-15,Puebla,San Andres Cholula,Puebla,2626,19.01,-98.2,pulses and nuts,"Beans (black, Veracruz)",565,KG,actual,Wholesale,MXN,21.4,1.09
2018-05-15,Puebla,San Andres Cholula,Puebla,2626,19.01,-98.2,pulses and nuts,"Beans (black, imported)",567,KG,actual,Wholesale,MXN,22.8,1.16
2018-05-15,Sinaloa,Culiacan,Culiacán,2629,24.8,-107.39,cereals and tubers,Maize (white),67,KG,actual,Wholesale,MXN,4.5,0.23
2018-05-15,Veracruz,Xico,Xalapa,2625,19.54,-96.93,cereals and tubers,Maize (white),67,KG,actual,Wholesale,MXN,5.16,0.26
2018-05-15,Veracruz,Xico,Xalapa,2625,19.54,-96.93,pulses and nuts,"Beans (black, imported)",567,KG,actual,Wholesale,MXN,20,1.02
2018-06-15,Distrito Federal,Cuauhtemoc,Mexico City,2627,19.41,-99.13,cereals and tubers,"Rice (long grain, Sinaloa)",591,KG,actual,Wholesale,MXN,14.5,0.7
2018-06-15,Distrito Federal,Cuauhtemoc,Mexico City,2627,19.41,-99.13,cereals and tubers,"Rice (small grain, Morelos)",596,KG,actual,Wholesale,MXN,27.5,1.33
2018-06-15,Distrito Federal,Cuauhtemoc,Mexico City,2627,19.41,-99.13,cereals and tubers,Tortilla,143,KG,actual,Retail,MXN,12.85,0.62
2018-06-15,Distrito Federal,Cuauhtemoc,Mexico City,2627,19.41,-99.13,pulses and nuts,"Beans (black, Zacatecas)",566,KG,actual,Wholesale,MXN,19.25,0.93
2018-06-15,Jalisco,Guadalajara,Guadalajara,2628,20.68,-103.35,cereals and tubers,Maize (white),67,KG,actual,Wholesale,MXN,5.3,0.26
2018-06-15,Jalisco,Guadalajara,Guadalajara,2628,20.68,-103.35,pulses and nuts,"Beans (black, Nayarit)",564,KG,actual,Wholesale,MXN,16,0.78
2018-06-15,Puebla,San Andres Cholula,Puebla,2626,19.01,-98.2,cereals and tubers,Maize (white),67,KG,actual,Wholesale,MXN,5.88,0.29
2018-06-15,Puebla,San Andres Cholula,Puebla,2626,19.01,-98.2,cereals and tubers,"Rice (small grain, Morelos)",596,KG,actual,Wholesale,MXN,18.5,0.9
2018-06-15,Puebla,San Andres Cholula,Puebla,2626,19.01,-98.2,pulses and nuts,"Beans (black, Veracruz)",565,KG,actual,Wholesale,MXN,21.75,1.05
2018-06-15,Puebla,San Andres Cholula,Puebla,2626,19.01,-98.2,pulses and nuts,"Beans (black, imported)",567,KG,actual,Wholesale,MXN,22.88,1.11
2018-06-15,Sinaloa,Culiacan,Culiacán,2629,24.8,-107.39,cereals and tubers,Maize (white),67,KG,actual,Wholesale,MXN,4.5,0.22
2018-06-15,Veracruz,Xico,Xalapa,2625,19.54,-96.93,cereals and tubers,Maize (white),67,KG,actual,Wholesale,MXN,5.8,0.28
2018-06-15,Veracruz,Xico,Xalapa,2625,19.54,-96.93,pulses and nuts,"Beans (black, imported)",567,KG,actual,Wholesale,MXN,20.75,1.01
2018-07-15,Distrito Federal,Cuauhtemoc,Mexico City,2627,19.41,-99.13,cereals and tubers,"Rice (long grain, Sinaloa)",591,KG,actual,Wholesale,MXN,14.9,0.79
2018-07-15,Distrito Federal,Cuauhtemoc,Mexico City,2627,19.41,-99.13,cereals and tubers,"Rice (small grain, Morelos)",596,KG,actual,Wholesale,MXN,30,1.59
2018-07-15,Distrito Federal,Cuauhtemoc,Mexico City,2627,19.41,-99.13,cereals and tubers,Tortilla,143,KG,actual,Retail,MXN,12.85,0.68
2018-07-15,Distrito Federal,Cuauhtemoc,Mexico City,2627,19.41,-99.13,pulses and nuts,"Beans (black, Zacatecas)",566,KG,actual,Wholesale,MXN,20,1.06
2018-07-15,Distrito Federal,Cuauhtemoc,Mexico City,2627,19.41,-99.13,pulses and nuts,"Beans (black, imported)",567,KG,actual,Wholesale,MXN,22.5,1.19
2018-07-15,Jalisco,Guadalajara,Guadalajara,2628,20.68,-103.35,cereals and tubers,Maize (white),67,KG,actual,Wholesale,MXN,5.3,0.28
2018-07-15,Jalisco,Guadalajara,Guadalajara,2628,20.68,-103.35,cereals and tubers,"Rice (long grain, Sinaloa)",591,KG,actual,Wholesale,MXN,12.5,0.66
2018-07-15,Jalisco,Guadalajara,Guadalajara,2628,20.68,-103.35,pulses and nuts,"Beans (black, Nayarit)",564,KG,actual,Wholesale,MXN,16.25,0.86
2018-07-15,Puebla,San Andres Cholula,Puebla,2626,19.01,-98.2,cereals and tubers,Maize (white),67,KG,actual,Wholesale,MXN,5.9,0.31
2018-07-15,Puebla,San Andres Cholula,Puebla,2626,19.01,-98.2,cereals and tubers,"Rice (small grain, Morelos)",596,KG,actual,Wholesale,MXN,17.75,0.94
2018-07-15,Puebla,San Andres Cholula,Puebla,2626,19.01,-98.2,pulses and nuts,"Beans (black, Veracruz)",565,KG,actual,Wholesale,MXN,23.5,1.25
2018-07-15,Puebla,San Andres Cholula,Puebla,2626,19.01,-98.2,pulses and nuts,"Beans (black, imported)",567,KG,actual,Wholesale,MXN,24.5,1.3
2018-07-15,Sinaloa,Culiacan,Culiacán,2629,24.8,-107.39,cereals and tubers,Maize (white),67,KG,actual,Wholesale,MXN,4.75,0.25
2018-07-15,Veracruz,Xico,Xalapa,2625,19.54,-96.93,cereals and tubers,Maize (white),67,KG,actual,Wholesale,MXN,6,0.32
2018-07-15,Veracruz,Xico,Xalapa,2625,19.54,-96.93,pulses and nuts,"Beans (black, imported)",567,KG,actual,Wholesale,MXN,21,1.12
2018-08-15,Distrito Federal,Cuauhtemoc,Mexico City,2627,19.41,-99.13,cereals and tubers,"Rice (long grain, Sinaloa)",591,KG,actual,Wholesale,MXN,14.88,0.78
2018-08-15,Distrito Federal,Cuauhtemoc,Mexico City,2627,19.41,-99.13,cereals and tubers,"Rice (small grain, Morelos)",596,KG,actual,Wholesale,MXN,31.2,1.63
2018-08-15,Distrito Federal,Cuauhtemoc,Mexico City,2627,19.41,-99.13,cereals and tubers,Tortilla,143,KG,actual,Retail,MXN,12.85,0.67
2018-08-15,Distrito Federal,Cuauhtemoc,Mexico City,2627,19.41,-99.13,pulses and nuts,"Beans (black, Zacatecas)",566,KG,actual,Wholesale,MXN,20,1.05
2018-08-15,Distrito Federal,Cuauhtemoc,Mexico City,2627,19.41,-99.13,pulses and nuts,"Beans (black, imported)",567,KG,actual,Wholesale,MXN,21.9,1.14
2018-08-15,Jalisco,Guadalajara,Guadalajara,2628,20.68,-103.35,pulses and nuts,"Beans (black, Nayarit)",564,KG,actual,Wholesale,MXN,17,0.89
2018-08-15,Puebla,San Andres Cholula,Puebla,2626,19.01,-98.2,cereals and tubers,Maize (white),67,KG,actual,Wholesale,MXN,5.9,0.31
2018-08-15,Puebla,San Andres Cholula,Puebla,2626,19.01,-98.2,pulses and nuts,"Beans (black, Veracruz)",565,KG,actual,Wholesale,MXN,24,1.25
2018-08-15,Puebla,San Andres Cholula,Puebla,2626,19.01,-98.2,pulses and nuts,"Beans (black, imported)",567,KG,actual,Wholesale,MXN,25,1.31
2018-08-15,Sinaloa,Culiacan,Culiacán,2629,24.8,-107.39,cereals and tubers,Maize (white),67,KG,actual,Wholesale,MXN,4.6,0.24
2018-08-15,Veracruz,Xico,Xalapa,2625,19.54,-96.93,cereals and tubers,Maize (white),67,KG,actual,Wholesale,MXN,6,0.31
2018-09-15,Distrito Federal,Cuauhtemoc,Mexico City,2627,19.41,-99.13,cereals and tubers,"Rice (long grain, Sinaloa)",591,KG,actual,Wholesale,MXN,14.28,0.76
2018-09-15,Distrito Federal,Cuauhtemoc,Mexico City,2627,19.41,-99.13,cereals and tubers,"Rice (small grain, Morelos)",596,KG,actual,Wholesale,MXN,31.25,1.66
2018-09-15,Distrito Federal,Cuauhtemoc,Mexico City,2627,19.41,-99.13,cereals and tubers,Tortilla,143,KG,actual,Retail,MXN,12.85,0.68
2018-09-15,Distrito Federal,Cuauhtemoc,Mexico City,2627,19.41,-99.13,pulses and nuts,"Beans (black, Zacatecas)",566,KG,actual,Wholesale,MXN,20,1.06
2018-09-15,Distrito Federal,Cuauhtemoc,Mexico City,2627,19.41,-99.13,pulses and nuts,"Beans (black, imported)",567,KG,actual,Wholesale,MXN,21.12,1.12
2018-09-15,Jalisco,Guadalajara,Guadalajara,2628,20.68,-103.35,cereals and tubers,Maize (white),67,KG,actual,Wholesale,MXN,5.53,0.29
2018-09-15,Jalisco,Guadalajara,Guadalajara,2628,20.68,-103.35,cereals and tubers,"Rice (long grain, Sinaloa)",591,KG,actual,Wholesale,MXN,12.5,0.66
2018-09-15,Jalisco,Guadalajara,Guadalajara,2628,20.68,-103.35,pulses and nuts,"Beans (black, Nayarit)",564,KG,actual,Wholesale,MXN,17,0.9
2018-09-15,Puebla,San Andres Cholula,Puebla,2626,19.01,-98.2,cereals and tubers,Maize (white),67,KG,actual,Wholesale,MXN,5.9,0.31
2018-09-15,Puebla,San Andres Cholula,Puebla,2626,19.01,-98.2,cereals and tubers,"Rice (small grain, Morelos)",596,KG,actual,Wholesale,MXN,18,0.95
2018-09-15,Puebla,San Andres Cholula,Puebla,2626,19.01,-98.2,pulses and nuts,"Beans (black, Veracruz)",565,KG,actual,Wholesale,MXN,24,1.27
2018-09-15,Puebla,San Andres Cholula,Puebla,2626,19.01,-98.2,pulses and nuts,"Beans (black, imported)",567,KG,actual,Wholesale,MXN,25,1.33
2018-09-15,Sinaloa,Culiacan,Culiacán,2629,24.8,-107.39,cereals and tubers,Maize (white),67,KG,actual,Wholesale,MXN,5,0.27
2018-09-15,Veracruz,Xico,Xalapa,2625,19.54,-96.93,cereals and tubers,Maize (white),67,KG,actual,Wholesale,MXN,6,0.32
2018-09-15,Veracruz,Xico,Xalapa,2625,19.54,-96.93,pulses and nuts,"Beans (black, imported)",567,KG,actual,Wholesale,MXN,20.75,1.1
2018-10-15,Distrito Federal,Cuauhtemoc,Mexico City,2627,19.41,-99.13,cereals and tubers,"Rice (long grain, Sinaloa)",591,KG,actual,Wholesale,MXN,14.2,0.75
2018-10-15,Distrito Federal,Cuauhtemoc,Mexico City,2627,19.41,-99.13,cereals and tubers,"Rice (small grain, Morelos)",596,KG,actual,Wholesale,MXN,29.2,1.55
2018-10-15,Distrito Federal,Cuauhtemoc,Mexico City,2627,19.41,-99.13,cereals and tubers,Tortilla,143,KG,actual,Retail,MXN,12.86,0.68
2018-10-15,Distrito Federal,Cuauhtemoc,Mexico City,2627,19.41,-99.13,pulses and nuts,"Beans (black, imported)",567,KG,actual,Wholesale,MXN,21.2,1.13
2018-10-15,Jalisco,Guadalajara,Guadalajara,2628,20.68,-103.35,cereals and tubers,Maize (white),67,KG,actual,Wholesale,MXN,5.56,0.3
2018-10-15,Jalisco,Guadalajara,Guadalajara,2628,20.68,-103.35,cereals and tubers,"Rice (long grain, Sinaloa)",591,KG,actual,Wholesale,MXN,12.5,0.66
2018-10-15,Jalisco,Guadalajara,Guadalajara,2628,20.68,-103.35,pulses and nuts,"Beans (black, Nayarit)",564,KG,actual,Wholesale,MXN,17,0.9
2018-10-15,Puebla,San Andres Cholula,Puebla,2626,19.01,-98.2,cereals and tubers,Maize (white),67,KG,actual,Wholesale,MXN,5.9,0.31
2018-10-15,Puebla,San Andres Cholula,Puebla,2626,19.01,-98.2,cereals and tubers,"Rice (small grain, Morelos)",596,KG,actual,Wholesale,MXN,18,0.96
2018-10-15,Puebla,San Andres Cholula,Puebla,2626,19.01,-98.2,pulses and nuts,"Beans (black, Veracruz)",565,KG,actual,Wholesale,MXN,24,1.27
2018-10-15,Puebla,San Andres Cholula,Puebla,2626,19.01,-98.2,pulses and nuts,"Beans (black, imported)",567,KG,actual,Wholesale,MXN,25,1.33
2018-10-15,Sinaloa,Culiacan,Culiacán,2629,24.8,-107.39,cereals and tubers,Maize (white),67,KG,actual,Wholesale,MXN,5,0.27
2018-10-15,Veracruz,Xico,Xalapa,2625,19.54,-96.93,cereals and tubers,Maize (white),67,KG,actual,Wholesale,MXN,6,0.32
2018-10-15,Veracruz,Xico,Xalapa,2625,19.54,-96.93,pulses and nuts,"Beans (black, imported)",567,KG,actual,Wholesale,MXN,21,1.12
2018-11-15,Distrito Federal,Cuauhtemoc,Mexico City,2627,19.41,-99.13,cereals and tubers,"Rice (small grain, Morelos)",596,KG,actual,Wholesale,MXN,29,1.43
2018-11-15,Distrito Federal,Cuauhtemoc,Mexico City,2627,19.41,-99.13,cereals and tubers,Tortilla,143,KG,actual,Retail,MXN,12.86,0.64
2018-11-15,Distrito Federal,Cuauhtemoc,Mexico City,2627,19.41,-99.13,pulses and nuts,"Beans (black, Zacatecas)",566,KG,actual,Wholesale,MXN,19,0.94
2018-11-15,Distrito Federal,Cuauhtemoc,Mexico City,2627,19.41,-99.13,pulses and nuts,"Beans (black, imported)",567,KG,actual,Wholesale,MXN,21.6,1.07
2018-11-15,Jalisco,Guadalajara,Guadalajara,2628,20.68,-103.35,cereals and tubers,Maize (white),67,KG,actual,Wholesale,MXN,5.4,0.27
2018-11-15,Jalisco,Guadalajara,Guadalajara,2628,20.68,-103.35,cereals and tubers,"Rice (long grain, Sinaloa)",591,KG,actual,Wholesale,MXN,12.5,0.62
2018-11-15,Jalisco,Guadalajara,Guadalajara,2628,20.68,-103.35,pulses and nuts,"Beans (black, Nayarit)",564,KG,actual,Wholesale,MXN,19.75,0.98
2018-11-15,Puebla,San Andres Cholula,Puebla,2626,19.01,-98.2,cereals and tubers,Maize (white),67,KG,actual,Wholesale,MXN,5.9,0.29
2018-11-15,Puebla,San Andres Cholula,Puebla,2626,19.01,-98.2,cereals and tubers,"Rice (small grain, Morelos)",596,KG,actual,Wholesale,MXN,18,0.89
2018-11-15,Puebla,San Andres Cholula,Puebla,2626,19.01,-98.2,pulses and nuts,"Beans (black, Veracruz)",565,KG,actual,Wholesale,MXN,24,1.19
2018-11-15,Puebla,San Andres Cholula,Puebla,2626,19.01,-98.2,pulses and nuts,"Beans (black, imported)",567,KG,actual,Wholesale,MXN,25,1.24
2018-11-15,Sinaloa,Culiacan,Culiacán,2629,24.8,-107.39,cereals and tubers,Maize (white),67,KG,actual,Wholesale,MXN,5,0.25
2018-11-15,Veracruz,Xico,Xalapa,2625,19.54,-96.93,cereals and tubers,Maize (white),67,KG,actual,Wholesale,MXN,6,0.3
2018-11-15,Veracruz,Xico,Xalapa,2625,19.54,-96.93,pulses and nuts,"Beans (black, imported)",567,KG,actual,Wholesale,MXN,21,1.04
2018-12-15,Distrito Federal,Cuauhtemoc,Mexico City,2627,19.41,-99.13,cereals and tubers,"Rice (small grain, Morelos)",596,KG,actual,Wholesale,MXN,30,1.49
2018-12-15,Distrito Federal,Cuauhtemoc,Mexico City,2627,19.41,-99.13,cereals and tubers,Tortilla,143,KG,actual,Retail,MXN,12.86,0.64
2018-12-15,Distrito Federal,Cuauhtemoc,Mexico City,2627,19.41,-99.13,pulses and nuts,"Beans (black, Veracruz)",565,KG,actual,Wholesale,MXN,18.25,0.9
2018-12-15,Distrito Federal,Cuauhtemoc,Mexico City,2627,19.41,-99.13,pulses and nuts,"Beans (black, Zacatecas)",566,KG,actual,Wholesale,MXN,19,0.94
2018-12-15,Distrito Federal,Cuauhtemoc,Mexico City,2627,19.41,-99.13,pulses and nuts,"Beans (black, imported)",567,KG,actual,Wholesale,MXN,22.5,1.12
2018-12-15,Jalisco,Guadalajara,Guadalajara,2628,20.68,-103.35,cereals and tubers,Maize (white),67,KG,actual,Wholesale,MXN,5.3,0.26
2018-12-15,Jalisco,Guadalajara,Guadalajara,2628,20.68,-103.35,cereals and tubers,"Rice (long grain, Sinaloa)",591,KG,actual,Wholesale,MXN,12.5,0.62
2018-12-15,Jalisco,Guadalajara,Guadalajara,2628,20.68,-103.35,pulses and nuts,"Beans (black, Nayarit)",564,KG,actual,Wholesale,MXN,20,0.99
2018-12-15,Puebla,San Andres Cholula,Puebla,2626,19.01,-98.2,cereals and tubers,Maize (white),67,KG,actual,Wholesale,MXN,5.9,0.29
2018-12-15,Puebla,San Andres Cholula,Puebla,2626,19.01,-98.2,cereals and tubers,"Rice (small grain, Morelos)",596,KG,actual,Wholesale,MXN,18,0.89
2018-12-15,Puebla,San Andres Cholula,Puebla,2626,19.01,-98.2,pulses and nuts,"Beans (black, Veracruz)",565,KG,actual,Wholesale,MXN,24,1.19
2018-12-15,Puebla,San Andres Cholula,Puebla,2626,19.01,-98.2,pulses and nuts,"Beans (black, imported)",567,KG,actual,Wholesale,MXN,25,1.24
2018-12-15,Sinaloa,Culiacan,Culiacán,2629,24.8,-107.39,cereals and tubers,Maize (white),67,KG,actual,Wholesale,MXN,5,0.25
2018-12-15,Veracruz,Xico,Xalapa,2625,19.54,-96.93,cereals and tubers,Maize (white),67,KG,actual,Wholesale,MXN,5.75,0.28
2018-12-15,Veracruz,Xico,Xalapa,2625,19.54,-96.93,pulses and nuts,"Beans (black, imported)",567,KG,actual,Wholesale,MXN,21,1.04
2019-01-15,Distrito Federal,Cuauhtemoc,Mexico City,2627,19.41,-99.13,cereals and tubers,"Rice (long grain, Sinaloa)",591,KG,actual,Wholesale,MXN,14.9,0.78
2019-01-15,Distrito Federal,Cuauhtemoc,Mexico City,2627,19.41,-99.13,cereals and tubers,Tortilla,143,KG,actual,Retail,MXN,12.86,0.68
2019-01-15,Distrito Federal,Cuauhtemoc,Mexico City,2627,19.41,-99.13,pulses and nuts,"Beans (black, Veracruz)",565,KG,actual,Wholesale,MXN,18.1,0.95
2019-01-15,Distrito Federal,Cuauhtemoc,Mexico City,2627,19.41,-99.13,pulses and nuts,"Beans (black, imported)",567,KG,actual,Wholesale,MXN,22.1,1.16
2019-01-15,Jalisco,Guadalajara,Guadalajara,2628,20.68,-103.35,cereals and tubers,Maize (white),67,KG,actual,Wholesale,MXN,5.36,0.28
2019-01-15,Jalisco,Guadalajara,Guadalajara,2628,20.68,-103.35,pulses and nuts,"Beans (black, Nayarit)",564,KG,actual,Wholesale,MXN,18.4,0.97
2019-01-15,Puebla,San Andres Cholula,Puebla,2626,19.01,-98.2,cereals and tubers,Maize (white),67,KG,actual,Wholesale,MXN,5.78,0.3
2019-01-15,Puebla,San Andres Cholula,Puebla,2626,19.01,-98.2,cereals and tubers,"Rice (small grain, Morelos)",596,KG,actual,Wholesale,MXN,22.2,1.17
2019-01-15,Puebla,San Andres Cholula,Puebla,2626,19.01,-98.2,pulses and nuts,"Beans (black, Veracruz)",565,KG,actual,Wholesale,MXN,24,1.26
2019-01-15,Puebla,San Andres Cholula,Puebla,2626,19.01,-98.2,pulses and nuts,"Beans (black, imported)",567,KG,actual,Wholesale,MXN,23.8,1.25
2019-01-15,Sinaloa,Culiacan,Culiacán,2629,24.8,-107.39,cereals and tubers,Maize (white),67,KG,actual,Wholesale,MXN,5,0.26
2019-01-15,Veracruz,Xico,Xalapa,2625,19.54,-96.93,cereals and tubers,Maize (white),67,KG,actual,Wholesale,MXN,5.52,0.29
2019-01-15,Veracruz,Xico,Xalapa,2625,19.54,-96.93,pulses and nuts,"Beans (black, imported)",567,KG,actual,Wholesale,MXN,21,1.11
2019-02-15,Distrito Federal,Cuauhtemoc,Mexico City,2627,19.41,-99.13,cereals and tubers,"Rice (long grain, Sinaloa)",591,KG,actual,Wholesale,MXN,14.78,0.77
2019-02-15,Distrito Federal,Cuauhtemoc,Mexico City,2627,19.41,-99.13,cereals and tubers,"Rice (small grain, Morelos)",596,KG,actual,Wholesale,MXN,34.25,1.78
2019-02-15,Distrito Federal,Cuauhtemoc,Mexico City,2627,19.41,-99.13,cereals and tubers,Tortilla,143,KG,actual,Retail,MXN,12.86,0.67
2019-02-15,Distrito Federal,Cuauhtemoc,Mexico City,2627,19.41,-99.13,pulses and nuts,"Beans (black, Veracruz)",565,KG,actual,Wholesale,MXN,18.38,0.96
2019-02-15,Distrito Federal,Cuauhtemoc,Mexico City,2627,19.41,-99.13,pulses and nuts,"Beans (black, imported)",567,KG,actual,Wholesale,MXN,21.75,1.13
2019-02-15,Jalisco,Guadalajara,Guadalajara,2628,20.68,-103.35,cereals and tubers,"Rice (long grain, Sinaloa)",591,KG,actual,Wholesale,MXN,15,0.78
2019-02-15,Jalisco,Guadalajara,Guadalajara,2628,20.68,-103.35,pulses and nuts,"Beans (black, Nayarit)",564,KG,actual,Wholesale,MXN,16.75,0.87
2019-02-15,Puebla,San Andres Cholula,Puebla,2626,19.01,-98.2,cereals and tubers,Maize (white),67,KG,actual,Wholesale,MXN,5.74,0.3
2019-02-15,Puebla,San Andres Cholula,Puebla,2626,19.01,-98.2,cereals and tubers,"Rice (small grain, Morelos)",596,KG,actual,Wholesale,MXN,22,1.14
2019-02-15,Puebla,San Andres Cholula,Puebla,2626,19.01,-98.2,pulses and nuts,"Beans (black, Veracruz)",565,KG,actual,Wholesale,MXN,22.12,1.15
2019-02-15,Puebla,San Andres Cholula,Puebla,2626,19.01,-98.2,pulses and nuts,"Beans (black, imported)",567,KG,actual,Wholesale,MXN,22.63,1.18
2019-02-15,Sinaloa,Culiacan,Culiacán,2629,24.8,-107.39,cereals and tubers,Maize (white),67,KG,actual,Wholesale,MXN,5,0.26
2019-02-15,Veracruz,Xico,Xalapa,2625,19.54,-96.93,cereals and tubers,Maize (white),67,KG,actual,Wholesale,MXN,5.65,0.29
2019-02-15,Veracruz,Xico,Xalapa,2625,19.54,-96.93,pulses and nuts,"Beans (black, imported)",567,KG,actual,Wholesale,MXN,21,1.09
2019-03-15,Distrito Federal,Cuauhtemoc,Mexico City,2627,19.41,-99.13,cereals and tubers,"Rice (long grain, Sinaloa)",591,KG,actual,Wholesale,MXN,14.88,0.78
2019-03-15,Distrito Federal,Cuauhtemoc,Mexico City,2627,19.41,-99.13,cereals and tubers,"Rice (small grain, Morelos)",596,KG,actual,Wholesale,MXN,34.25,1.78
2019-03-15,Distrito Federal,Cuauhtemoc,Mexico City,2627,19.41,-99.13,cereals and tubers,Tortilla,143,KG,actual,Retail,MXN,12.88,0.67
2019-03-15,Distrito Federal,Cuauhtemoc,Mexico City,2627,19.41,-99.13,pulses and nuts,"Beans (black, Veracruz)",565,KG,actual,Wholesale,MXN,18.62,0.97
2019-03-15,Distrito Federal,Cuauhtemoc,Mexico City,2627,19.41,-99.13,pulses and nuts,"Beans (black, imported)",567,KG,actual,Wholesale,MXN,21.88,1.14
2019-03-15,Jalisco,Guadalajara,Guadalajara,2628,20.68,-103.35,cereals and tubers,Maize (white),67,KG,actual,Wholesale,MXN,5.45,0.28
2019-03-15,Jalisco,Guadalajara,Guadalajara,2628,20.68,-103.35,cereals and tubers,"Rice (long grain, Sinaloa)",591,KG,actual,Wholesale,MXN,13.25,0.69
2019-03-15,Jalisco,Guadalajara,Guadalajara,2628,20.68,-103.35,pulses and nuts,"Beans (black, Nayarit)",564,KG,actual,Wholesale,MXN,18.5,0.96
2019-03-15,Puebla,San Andres Cholula,Puebla,2626,19.01,-98.2,cereals and tubers,Maize (white),67,KG,actual,Wholesale,MXN,5.75,0.3
2019-03-15,Puebla,San Andres Cholula,Puebla,2626,19.01,-98.2,cereals and tubers,"Rice (small grain, Morelos)",596,KG,actual,Wholesale,MXN,21,1.09
2019-03-15,Puebla,San Andres Cholula,Puebla,2626,19.01,-98.2,pulses and nuts,"Beans (black, Veracruz)",565,KG,actual,Wholesale,MXN,21.5,1.12
2019-03-15,Puebla,San Andres Cholula,Puebla,2626,19.01,-98.2,pulses and nuts,"Beans (black, imported)",567,KG,actual,Wholesale,MXN,22.5,1.17
2019-03-15,Sinaloa,Culiacan,Culiacán,2629,24.8,-107.39,cereals and tubers,Maize (white),67,KG,actual,Wholesale,MXN,5.1,0.27
2019-03-15,Veracruz,Xico,Xalapa,2625,19.54,-96.93,cereals and tubers,Maize (white),67,KG,actual,Wholesale,MXN,5.85,0.3
2019-03-15,Veracruz,Xico,Xalapa,2625,19.54,-96.93,pulses and nuts,"Beans (black, imported)",567,KG,actual,Wholesale,MXN,20.38,1.06
2019-04-15,Distrito Federal,Cuauhtemoc,Mexico City,2627,19.41,-99.13,cereals and tubers,"Rice (long grain, Sinaloa)",591,KG,actual,Wholesale,MXN,14.7,0.78
2019-04-15,Distrito Federal,Cuauhtemoc,Mexico City,2627,19.41,-99.13,cereals and tubers,"Rice (small grain, Morelos)",596,KG,actual,Wholesale,MXN,35.8,1.9
2019-04-15,Distrito Federal,Cuauhtemoc,Mexico City,2627,19.41,-99.13,cereals and tubers,Tortilla,143,KG,actual,Retail,MXN,12.9,0.68
2019-04-15,Distrito Federal,Cuauhtemoc,Mexico City,2627,19.41,-99.13,pulses and nuts,"Beans (black, Veracruz)",565,KG,actual,Wholesale,MXN,17.1,0.91
2019-04-15,Distrito Federal,Cuauhtemoc,Mexico City,2627,19.41,-99.13,pulses and nuts,"Beans (black, Zacatecas)",566,KG,actual,Wholesale,MXN,17.9,0.95
2019-04-15,Distrito Federal,Cuauhtemoc,Mexico City,2627,19.41,-99.13,pulses and nuts,"Beans (black, imported)",567,KG,actual,Wholesale,MXN,21.76,1.15
2019-04-15,Jalisco,Guadalajara,Guadalajara,2628,20.68,-103.35,cereals and tubers,Maize (white),67,KG,actual,Wholesale,MXN,5.4,0.29
2019-04-15,Jalisco,Guadalajara,Guadalajara,2628,20.68,-103.35,cereals and tubers,"Rice (long grain, Sinaloa)",591,KG,actual,Wholesale,MXN,13,0.69
2019-04-15,Jalisco,Guadalajara,Guadalajara,2628,20.68,-103.35,pulses and nuts,"Beans (black, Nayarit)",564,KG,actual,Wholesale,MXN,17.2,0.91
2019-04-15,Puebla,San Andres Cholula,Puebla,2626,19.01,-98.2,cereals and tubers,Maize (white),67,KG,actual,Wholesale,MXN,5.81,0.31
2019-04-15,Puebla,San Andres Cholula,Puebla,2626,19.01,-98.2,pulses and nuts,"Beans (black, Veracruz)",565,KG,actual,Wholesale,MXN,21.5,1.14
2019-04-15,Puebla,San Andres Cholula,Puebla,2626,19.01,-98.2,pulses and nuts,"Beans (black, imported)",567,KG,actual,Wholesale,MXN,22.5,1.19
2019-04-15,Sinaloa,Culiacan,Culiacán,2629,24.8,-107.39,cereals and tubers,Maize (white),67,KG,actual,Wholesale,MXN,5.12,0.27
2019-04-15,Veracruz,Xico,Xalapa,2625,19.54,-96.93,cereals and tubers,Maize (white),67,KG,actual,Wholesale,MXN,5.6,0.3
2019-04-15,Veracruz,Xico,Xalapa,2625,19.54,-96.93,pulses and nuts,"Beans (black, imported)",567,KG,actual,Wholesale,MXN,20.2,1.07
2019-05-15,Distrito Federal,Cuauhtemoc,Mexico City,2627,19.41,-99.13,cereals and tubers,"Rice (long grain, Sinaloa)",591,KG,actual,Wholesale,MXN,14.12,0.74
2019-05-15,Distrito Federal,Cuauhtemoc,Mexico City,2627,19.41,-99.13,cereals and tubers,"Rice (small grain, Morelos)",596,KG,actual,Wholesale,MXN,36,1.89
2019-05-15,Distrito Federal,Cuauhtemoc,Mexico City,2627,19.41,-99.13,cereals and tubers,Tortilla,143,KG,actual,Retail,MXN,12.9,0.68
2019-05-15,Distrito Federal,Cuauhtemoc,Mexico City,2627,19.41,-99.13,pulses and nuts,"Beans (black, imported)",567,KG,actual,Wholesale,MXN,21.72,1.14
2019-05-15,Jalisco,Guadalajara,Guadalajara,2628,20.68,-103.35,cereals and tubers,Maize (white),67,KG,actual,Wholesale,MXN,5.55,0.29
2019-05-15,Jalisco,Guadalajara,Guadalajara,2628,20.68,-103.35,cereals and tubers,"Rice (long grain, Sinaloa)",591,KG,actual,Wholesale,MXN,13,0.68
2019-05-15,Jalisco,Guadalajara,Guadalajara,2628,20.68,-103.35,pulses and nuts,"Beans (black, Nayarit)",564,KG,actual,Wholesale,MXN,17,0.89
2019-05-15,Puebla,San Andres Cholula,Puebla,2626,19.01,-98.2,cereals and tubers,"Rice (small grain, Morelos)",596,KG,actual,Wholesale,MXN,25,1.31
2019-05-15,Puebla,San Andres Cholula,Puebla,2626,19.01,-98.2,pulses and nuts,"Beans (black, Veracruz)",565,KG,actual,Wholesale,MXN,21.5,1.13
2019-05-15,Puebla,San Andres Cholula,Puebla,2626,19.01,-98.2,pulses and nuts,"Beans (black, imported)",567,KG,actual,Wholesale,MXN,22.5,1.18
2019-05-15,Sinaloa,Culiacan,Culiacán,2629,24.8,-107.39,cereals and tubers,Maize (white),67,KG,actual,Wholesale,MXN,5.1,0.27
2019-05-15,Veracruz,Xico,Xalapa,2625,19.54,-96.93,cereals and tubers,Maize (white),67,KG,actual,Wholesale,MXN,5.6,0.29
2019-05-15,Veracruz,Xico,Xalapa,2625,19.54,-96.93,pulses and nuts,"Beans (black, imported)",567,KG,actual,Wholesale,MXN,20,1.05
2019-06-15,Distrito Federal,Cuauhtemoc,Mexico City,2627,19.41,-99.13,cereals and tubers,"Rice (long grain, Sinaloa)",591,KG,actual,Wholesale,MXN,15.78,0.82
2019-06-15,Distrito Federal,Cuauhtemoc,Mexico City,2627,19.41,-99.13,cereals and tubers,"Rice (small grain, Morelos)",596,KG,actual,Wholesale,MXN,38.25,2
2019-06-15,Distrito Federal,Cuauhtemoc,Mexico City,2627,19.41,-99.13,cereals and tubers,Tortilla,143,KG,actual,Retail,MXN,12.9,0.67
2019-06-15,Distrito Federal,Cuauhtemoc,Mexico City,2627,19.41,-99.13,pulses and nuts,"Beans (black, imported)",567,KG,actual,Wholesale,MXN,22.62,1.18
2019-06-15,Jalisco,Guadalajara,Guadalajara,2628,20.68,-103.35,cereals and tubers,"Rice (long grain, Sinaloa)",591,KG,actual,Wholesale,MXN,13,0.68
2019-06-15,Jalisco,Guadalajara,Guadalajara,2628,20.68,-103.35,pulses and nuts,"Beans (black, Nayarit)",564,KG,actual,Wholesale,MXN,17,0.89
2019-06-15,Puebla,San Andres Cholula,Puebla,2626,19.01,-98.2,cereals and tubers,Maize (white),67,KG,actual,Wholesale,MXN,5.9,0.31
2019-06-15,Puebla,San Andres Cholula,Puebla,2626,19.01,-98.2,cereals and tubers,"Rice (small grain, Morelos)",596,KG,actual,Wholesale,MXN,20,1.04
2019-06-15,Puebla,San Andres Cholula,Puebla,2626,19.01,-98.2,pulses and nuts,"Beans (black, Veracruz)",565,KG,actual,Wholesale,MXN,22,1.15
2019-06-15,Puebla,San Andres Cholula,Puebla,2626,19.01,-98.2,pulses and nuts,"Beans (black, imported)",567,KG,actual,Wholesale,MXN,22.5,1.17
2019-06-15,Sinaloa,Culiacan,Culiacán,2629,24.8,-107.39,cereals and tubers,Maize (white),67,KG,actual,Wholesale,MXN,5.05,0.26
2019-06-15,Veracruz,Xico,Xalapa,2625,19.54,-96.93,cereals and tubers,Maize (white),67,KG,actual,Wholesale,MXN,5.9,0.31
2019-06-15,Veracruz,Xico,Xalapa,2625,19.54,-96.93,pulses and nuts,"Beans (black, imported)",567,KG,actual,Wholesale,MXN,19.63,1.02
2019-07-15,Distrito Federal,Cuauhtemoc,Mexico City,2627,19.41,-99.13,cereals and tubers,"Rice (long grain, Sinaloa)",591,KG,actual,Wholesale,MXN,15.8,0.83
2019-07-15,Distrito Federal,Cuauhtemoc,Mexico City,2627,19.41,-99.13,cereals and tubers,"Rice (small grain, Morelos)",596,KG,actual,Wholesale,MXN,37.8,1.99
2019-07-15,Distrito Federal,Cuauhtemoc,Mexico City,2627,19.41,-99.13,cereals and tubers,Tortilla,143,KG,actual,Retail,MXN,12.92,0.68
2019-07-15,Distrito Federal,Cuauhtemoc,Mexico City,2627,19.41,-99.13,pulses and nuts,"Beans (black, Zacatecas)",566,KG,actual,Wholesale,MXN,17.9,0.94
2019-07-15,Distrito Federal,Cuauhtemoc,Mexico City,2627,19.41,-99.13,pulses and nuts,"Beans (black, imported)",567,KG,actual,Wholesale,MXN,21.7,1.14
2019-07-15,Jalisco,Guadalajara,Guadalajara,2628,20.68,-103.35,cereals and tubers,Maize (white),67,KG,actual,Wholesale,MXN,5.6,0.3
2019-07-15,Jalisco,Guadalajara,Guadalajara,2628,20.68,-103.35,cereals and tubers,"Rice (long grain, Sinaloa)",591,KG,actual,Wholesale,MXN,13,0.69
2019-07-15,Jalisco,Guadalajara,Guadalajara,2628,20.68,-103.35,pulses and nuts,"Beans (black, Nayarit)",564,KG,actual,Wholesale,MXN,17,0.9
2019-07-15,Puebla,San Andres Cholula,Puebla,2626,19.01,-98.2,cereals and tubers,Maize (white),67,KG,actual,Wholesale,MXN,5.9,0.31
2019-07-15,Puebla,San Andres Cholula,Puebla,2626,19.01,-98.2,cereals and tubers,"Rice (small grain, Morelos)",596,KG,actual,Wholesale,MXN,20,1.05
2019-07-15,Puebla,San Andres Cholula,Puebla,2626,19.01,-98.2,pulses and nuts,"Beans (black, Veracruz)",565,KG,actual,Wholesale,MXN,22,1.16
2019-07-15,Puebla,San Andres Cholula,Puebla,2626,19.01,-98.2,pulses and nuts,"Beans (black, imported)",567,KG,actual,Wholesale,MXN,22.5,1.19
2019-07-15,Sinaloa,Culiacan,Culiacán,2629,24.8,-107.39,cereals and tubers,Maize (white),67,KG,actual,Wholesale,MXN,4.48,0.24
2019-07-15,Veracruz,Xico,Xalapa,2625,19.54,-96.93,cereals and tubers,Maize (white),67,KG,actual,Wholesale,MXN,6,0.32
2019-08-15,Distrito Federal,Cuauhtemoc,Mexico City,2627,19.41,-99.13,cereals and tubers,"Rice (long grain, Sinaloa)",591,KG,actual,Wholesale,MXN,15.88,0.81
2019-08-15,Distrito Federal,Cuauhtemoc,Mexico City,2627,19.41,-99.13,cereals and tubers,"Rice (small grain, Morelos)",596,KG,actual,Wholesale,MXN,38.5,1.96
2019-08-15,Distrito Federal,Cuauhtemoc,Mexico City,2627,19.41,-99.13,cereals and tubers,Tortilla,143,KG,actual,Retail,MXN,12.92,0.66
2019-08-15,Distrito Federal,Cuauhtemoc,Mexico City,2627,19.41,-99.13,pulses and nuts,"Beans (black, Zacatecas)",566,KG,actual,Wholesale,MXN,17.62,0.9
2019-08-15,Jalisco,Guadalajara,Guadalajara,2628,20.68,-103.35,cereals and tubers,Maize (white),67,KG,actual,Wholesale,MXN,5.58,0.28
2019-08-15,Jalisco,Guadalajara,Guadalajara,2628,20.68,-103.35,cereals and tubers,"Rice (long grain, Sinaloa)",591,KG,actual,Wholesale,MXN,13,0.66
2019-08-15,Jalisco,Guadalajara,Guadalajara,2628,20.68,-103.35,pulses and nuts,"Beans (black, Nayarit)",564,KG,actual,Wholesale,MXN,17.5,0.89
2019-08-15,Puebla,San Andres Cholula,Puebla,2626,19.01,-98.2,cereals and tubers,Maize (white),67,KG,actual,Wholesale,MXN,5.9,0.3
2019-08-15,Puebla,San Andres Cholula,Puebla,2626,19.01,-98.2,pulses and nuts,"Beans (black, Veracruz)",565,KG,actual,Wholesale,MXN,22,1.12
2019-08-15,Puebla,San Andres Cholula,Puebla,2626,19.01,-98.2,pulses and nuts,"Beans (black, imported)",567,KG,actual,Wholesale,MXN,22.5,1.15
2019-08-15,Sinaloa,Culiacan,Culiacán,2629,24.8,-107.39,cereals and tubers,Maize (white),67,KG,actual,Wholesale,MXN,4.4,0.22
2019-08-15,Veracruz,Xico,Xalapa,2625,19.54,-96.93,pulses and nuts,"Beans (black, imported)",567,KG,actual,Wholesale,MXN,20,1.02
2019-09-15,Distrito Federal,Cuauhtemoc,Mexico City,2627,19.41,-99.13,cereals and tubers,"Rice (long grain, Sinaloa)",591,KG,actual,Wholesale,MXN,15.62,0.8
2019-09-15,Distrito Federal,Cuauhtemoc,Mexico City,2627,19.41,-99.13,cereals and tubers,"Rice (small grain, Morelos)",596,KG,actual,Wholesale,MXN,39.25,2.02
2019-09-15,Distrito Federal,Cuauhtemoc,Mexico City,2627,19.41,-99.13,cereals and tubers,Tortilla,143,KG,actual,Retail,MXN,12.92,0.67
2019-09-15,Distrito Federal,Cuauhtemoc,Mexico City,2627,19.41,-99.13,pulses and nuts,"Beans (black, Zacatecas)",566,KG,actual,Wholesale,MXN,18,0.93
2019-09-15,Distrito Federal,Cuauhtemoc,Mexico City,2627,19.41,-99.13,pulses and nuts,"Beans (black, imported)",567,KG,actual,Wholesale,MXN,22.12,1.14
2019-09-15,Jalisco,Guadalajara,Guadalajara,2628,20.68,-103.35,cereals and tubers,Maize (white),67,KG,actual,Wholesale,MXN,5.58,0.29
2019-09-15,Jalisco,Guadalajara,Guadalajara,2628,20.68,-103.35,cereals and tubers,"Rice (long grain, Sinaloa)",591,KG,actual,Wholesale,MXN,13,0.67
2019-09-15,Jalisco,Guadalajara,Guadalajara,2628,20.68,-103.35,pulses and nuts,"Beans (black, Nayarit)",564,KG,actual,Wholesale,MXN,17,0.88
2019-09-15,Puebla,San Andres Cholula,Puebla,2626,19.01,-98.2,cereals and tubers,Maize (white),67,KG,actual,Wholesale,MXN,5.9,0.3
2019-09-15,Puebla,San Andres Cholula,Puebla,2626,19.01,-98.2,cereals and tubers,"Rice (small grain, Morelos)",596,KG,actual,Wholesale,MXN,20,1.03
2019-09-15,Puebla,San Andres Cholula,Puebla,2626,19.01,-98.2,pulses and nuts,"Beans (black, Veracruz)",565,KG,actual,Wholesale,MXN,21.75,1.12
2019-09-15,Puebla,San Andres Cholula,Puebla,2626,19.01,-98.2,pulses and nuts,"Beans (black, imported)",567,KG,actual,Wholesale,MXN,21.12,1.09
2019-09-15,Sinaloa,Culiacan,Culiacán,2629,24.8,-107.39,cereals and tubers,Maize (white),67,KG,actual,Wholesale,MXN,5.7,0.29
2019-09-15,Veracruz,Xico,Xalapa,2625,19.54,-96.93,cereals and tubers,Maize (white),67,KG,actual,Wholesale,MXN,6,0.31
2019-09-15,Veracruz,Xico,Xalapa,2625,19.54,-96.93,pulses and nuts,"Beans (black, imported)",567,KG,actual,Wholesale,MXN,19.92,1.03
2019-10-15,Distrito Federal,Cuauhtemoc,Mexico City,2627,19.41,-99.13,cereals and tubers,"Rice (long grain, Sinaloa)",591,KG,actual,Wholesale,MXN,17.7,0.92
2019-10-15,Distrito Federal,Cuauhtemoc,Mexico City,2627,19.41,-99.13,cereals and tubers,"Rice (small grain, Morelos)",596,KG,actual,Wholesale,MXN,38.4,2
2019-10-15,Distrito Federal,Cuauhtemoc,Mexico City,2627,19.41,-99.13,cereals and tubers,Tortilla,143,KG,actual,Retail,MXN,13.06,0.68
2019-10-15,Distrito Federal,Cuauhtemoc,Mexico City,2627,19.41,-99.13,pulses and nuts,"Beans (black, Zacatecas)",566,KG,actual,Wholesale,MXN,17.8,0.93
2019-10-15,Distrito Federal,Cuauhtemoc,Mexico City,2627,19.41,-99.13,pulses and nuts,"Beans (black, imported)",567,KG,actual,Wholesale,MXN,22,1.14
2019-10-15,Jalisco,Guadalajara,Guadalajara,2628,20.68,-103.35,cereals and tubers,Maize (white),67,KG,actual,Wholesale,MXN,5.64,0.29
2019-10-15,Jalisco,Guadalajara,Guadalajara,2628,20.68,-103.35,cereals and tubers,"Rice (long grain, Sinaloa)",591,KG,actual,Wholesale,MXN,13,0.68
2019-10-15,Jalisco,Guadalajara,Guadalajara,2628,20.68,-103.35,pulses and nuts,"Beans (black, Nayarit)",564,KG,actual,Wholesale,MXN,17.8,0.93
2019-10-15,Puebla,San Andres Cholula,Puebla,2626,19.01,-98.2,cereals and tubers,Maize (white),67,KG,actual,Wholesale,MXN,5.93,0.31
2019-10-15,Puebla,San Andres Cholula,Puebla,2626,19.01,-98.2,pulses and nuts,"Beans (black, Veracruz)",565,KG,actual,Wholesale,MXN,21,1.09
2019-10-15,Puebla,San Andres Cholula,Puebla,2626,19.01,-98.2,pulses and nuts,"Beans (black, imported)",567,KG,actual,Wholesale,MXN,17,0.88
2019-10-15,Sinaloa,Culiacan,Culiacán,2629,24.8,-107.39,cereals and tubers,Maize (white),67,KG,actual,Wholesale,MXN,6,0.31
2019-10-15,Veracruz,Xico,Xalapa,2625,19.54,-96.93,cereals and tubers,Maize (white),67,KG,actual,Wholesale,MXN,6,0.31
2019-10-15,Veracruz,Xico,Xalapa,2625,19.54,-96.93,pulses and nuts,"Beans (black, imported)",567,KG,actual,Wholesale,MXN,20.2,1.05
2019-11-15,Distrito Federal,Cuauhtemoc,Mexico City,2627,19.41,-99.13,cereals and tubers,"Rice (long grain, Sinaloa)",591,KG,actual,Wholesale,MXN,21.5,1.12
2019-11-15,Distrito Federal,Cuauhtemoc,Mexico City,2627,19.41,-99.13,cereals and tubers,"Rice (small grain, Morelos)",596,KG,actual,Wholesale,MXN,38,1.98
2019-11-15,Distrito Federal,Cuauhtemoc,Mexico City,2627,19.41,-99.13,cereals and tubers,Tortilla,143,KG,actual,Retail,MXN,13.52,0.7
2019-11-15,Distrito Federal,Cuauhtemoc,Mexico City,2627,19.41,-99.13,pulses and nuts,"Beans (black, Zacatecas)",566,KG,actual,Wholesale,MXN,17.75,0.93
2019-11-15,Jalisco,Guadalajara,Guadalajara,2628,20.68,-103.35,cereals and tubers,Maize (white),67,KG,actual,Wholesale,MXN,5.6,0.29
2019-11-15,Jalisco,Guadalajara,Guadalajara,2628,20.68,-103.35,cereals and tubers,"Rice (long grain, Sinaloa)",591,KG,actual,Wholesale,MXN,13,0.68
2019-11-15,Jalisco,Guadalajara,Guadalajara,2628,20.68,-103.35,pulses and nuts,"Beans (black, Nayarit)",564,KG,actual,Wholesale,MXN,18,0.94
2019-11-15,Puebla,San Andres Cholula,Puebla,2626,19.01,-98.2,cereals and tubers,Maize (white),67,KG,actual,Wholesale,MXN,5.98,0.31
2019-11-15,Puebla,San Andres Cholula,Puebla,2626,19.01,-98.2,pulses and nuts,"Beans (black, Veracruz)",565,KG,actual,Wholesale,MXN,21,1.09
2019-11-15,Puebla,San Andres Cholula,Puebla,2626,19.01,-98.2,pulses and nuts,"Beans (black, imported)",567,KG,actual,Wholesale,MXN,17,0.89
2019-11-15,Sinaloa,Culiacan,Culiacán,2629,24.8,-107.39,cereals and tubers,Maize (white),67,KG,actual,Wholesale,MXN,6,0.31
2019-11-15,Veracruz,Xico,Xalapa,2625,19.54,-96.93,cereals and tubers,Maize (white),67,KG,actual,Wholesale,MXN,5.9,0.31
2019-11-15,Veracruz,Xico,Xalapa,2625,19.54,-96.93,pulses and nuts,"Beans (black, imported)",567,KG,actual,Wholesale,MXN,21,1.09
2019-12-15,Distrito Federal,Cuauhtemoc,Mexico City,2627,19.41,-99.13,cereals and tubers,"Rice (long grain, Sinaloa)",591,KG,actual,Wholesale,MXN,23,1.21
2019-12-15,Distrito Federal,Cuauhtemoc,Mexico City,2627,19.41,-99.13,cereals and tubers,"Rice (small grain, Morelos)",596,KG,actual,Wholesale,MXN,37.2,1.96
2019-12-15,Distrito Federal,Cuauhtemoc,Mexico City,2627,19.41,-99.13,cereals and tubers,Tortilla,143,KG,actual,Retail,MXN,13.52,0.71
2019-12-15,Distrito Federal,Cuauhtemoc,Mexico City,2627,19.41,-99.13,pulses and nuts,"Beans (black, Zacatecas)",566,KG,actual,Wholesale,MXN,18.8,0.99
2019-12-15,Distrito Federal,Cuauhtemoc,Mexico City,2627,19.41,-99.13,pulses and nuts,"Beans (black, imported)",567,KG,actual,Wholesale,MXN,23.7,1.25
2019-12-15,Jalisco,Guadalajara,Guadalajara,2628,20.68,-103.35,cereals and tubers,"Rice (long grain, Sinaloa)",591,KG,actual,Wholesale,MXN,13,0.69
2019-12-15,Jalisco,Guadalajara,Guadalajara,2628,20.68,-103.35,pulses and nuts,"Beans (black, Nayarit)",564,KG,actual,Wholesale,MXN,18,0.95
2019-12-15,Puebla,San Andres Cholula,Puebla,2626,19.01,-98.2,cereals and tubers,Maize (white),67,KG,actual,Wholesale,MXN,6,0.32
2019-12-15,Puebla,San Andres Cholula,Puebla,2626,19.01,-98.2,pulses and nuts,"Beans (black, Veracruz)",565,KG,actual,Wholesale,MXN,21,1.11
2019-12-15,Puebla,San Andres Cholula,Puebla,2626,19.01,-98.2,pulses and nuts,"Beans (black, imported)",567,KG,actual,Wholesale,MXN,17,0.9
2019-12-15,Sinaloa,Culiacan,Culiacán,2629,24.8,-107.39,cereals and tubers,Maize (white),67,KG,actual,Wholesale,MXN,6,0.32
2019-12-15,Veracruz,Xico,Xalapa,2625,19.54,-96.93,cereals and tubers,Maize (white),67,KG,actual,Wholesale,MXN,5.6,0.3
2019-12-15,Veracruz,Xico,Xalapa,2625,19.54,-96.93,pulses and nuts,"Beans (black, imported)",567,KG,actual,Wholesale,MXN,21,1.11
2020-01-15,Distrito Federal,Cuauhtemoc,Mexico City,2627,19.41,-99.13,cereals and tubers,"Rice (long grain, Sinaloa)",591,KG,actual,Wholesale,MXN,24.5,1.3
2020-01-15,Distrito Federal,Cuauhtemoc,Mexico City,2627,19.41,-99.13,cereals and tubers,"Rice (small grain, Morelos)",596,KG,actual,Wholesale,MXN,37.25,1.98
2020-01-15,Distrito Federal,Cuauhtemoc,Mexico City,2627,19.41,-99.13,cereals and tubers,Tortilla,143,KG,actual,Retail,MXN,13.54,0.72
2020-01-15,Distrito Federal,Cuauhtemoc,Mexico City,2627,19.41,-99.13,pulses and nuts,"Beans (black, Veracruz)",565,KG,actual,Wholesale,MXN,20.5,1.09
2020-01-15,Distrito Federal,Cuauhtemoc,Mexico City,2627,19.41,-99.13,pulses and nuts,"Beans (black, imported)",567,KG,actual,Wholesale,MXN,25.75,1.37
2020-01-15,Jalisco,Guadalajara,Guadalajara,2628,20.68,-103.35,cereals and tubers,Maize (white),67,KG,actual,Wholesale,MXN,5.7,0.3
2020-01-15,Jalisco,Guadalajara,Guadalajara,2628,20.68,-103.35,pulses and nuts,"Beans (black, Nayarit)",564,KG,actual,Wholesale,MXN,17.5,0.93
2020-01-15,Puebla,San Andres Cholula,Puebla,2626,19.01,-98.2,cereals and tubers,Maize (white),67,KG,actual,Wholesale,MXN,6,0.32
2020-01-15,Puebla,San Andres Cholula,Puebla,2626,19.01,-98.2,pulses and nuts,"Beans (black, Veracruz)",565,KG,actual,Wholesale,MXN,21,1.12
2020-01-15,Puebla,San Andres Cholula,Puebla,2626,19.01,-98.2,pulses and nuts,"Beans (black, imported)",567,KG,actual,Wholesale,MXN,17,0.9
2020-01-15,Sinaloa,Culiacan,Culiacán,2629,24.8,-107.39,cereals and tubers,Maize (white),67,KG,actual,Wholesale,MXN,6,0.32
2020-01-15,Veracruz,Xico,Xalapa,2625,19.54,-96.93,cereals and tubers,Maize (white),67,KG,actual,Wholesale,MXN,5.5,0.29
2020-01-15,Veracruz,Xico,Xalapa,2625,19.54,-96.93,pulses and nuts,"Beans (black, imported)",567,KG,actual,Wholesale,MXN,21,1.12
2020-02-15,Distrito Federal,Cuauhtemoc,Mexico City,2627,19.41,-99.13,cereals and tubers,"Rice (long grain, Sinaloa)",591,KG,actual,Wholesale,MXN,25,1.35
2020-02-15,Distrito Federal,Cuauhtemoc,Mexico City,2627,19.41,-99.13,cereals and tubers,"Rice (small grain, Morelos)",596,KG,actual,Wholesale,MXN,38,2.05
2020-02-15,Distrito Federal,Cuauhtemoc,Mexico City,2627,19.41,-99.13,cereals and tubers,Tortilla,143,KG,actual,Retail,MXN,13.54,0.73
2020-02-15,Distrito Federal,Cuauhtemoc,Mexico City,2627,19.41,-99.13,pulses and nuts,"Beans (black, Veracruz)",565,KG,actual,Wholesale,MXN,21,1.13
2020-02-15,Jalisco,Guadalajara,Guadalajara,2628,20.68,-103.35,cereals and tubers,Maize (white),67,KG,actual,Wholesale,MXN,5.73,0.31
2020-02-15,Jalisco,Guadalajara,Guadalajara,2628,20.68,-103.35,cereals and tubers,"Rice (long grain, Sinaloa)",591,KG,actual,Wholesale,MXN,13,0.7
2020-02-15,Jalisco,Guadalajara,Guadalajara,2628,20.68,-103.35,pulses and nuts,"Beans (black, Nayarit)",564,KG,actual,Wholesale,MXN,17.67,0.95
2020-02-15,Puebla,San Andres Cholula,Puebla,2626,19.01,-98.2,cereals and tubers,Maize (white),67,KG,actual,Wholesale,MXN,6,0.32
2020-02-15,Puebla,San Andres Cholula,Puebla,2626,19.01,-98.2,pulses and nuts,"Beans (black, Veracruz)",565,KG,actual,Wholesale,MXN,23.25,1.25
2020-02-15,Puebla,San Andres Cholula,Puebla,2626,19.01,-98.2,pulses and nuts,"Beans (black, imported)",567,KG,actual,Wholesale,MXN,20,1.08
2020-02-15,Sinaloa,Culiacan,Culiacán,2629,24.8,-107.39,cereals and tubers,Maize (white),67,KG,actual,Wholesale,MXN,6,0.32
2020-02-15,Veracruz,Xico,Xalapa,2625,19.54,-96.93,cereals and tubers,Maize (white),67,KG,actual,Wholesale,MXN,5.63,0.3
2020-02-15,Veracruz,Xico,Xalapa,2625,19.54,-96.93,pulses and nuts,"Beans (black, imported)",567,KG,actual,Wholesale,MXN,21,1.13
2020-03-15,Distrito Federal,Cuauhtemoc,Mexico City,2627,19.41,-99.13,cereals and tubers,"Rice (long grain, Sinaloa)",591,KG,actual,Wholesale,MXN,24,1.07
2020-03-15,Distrito Federal,Cuauhtemoc,Mexico City,2627,19.41,-99.13,cereals and tubers,"Rice (small grain, Morelos)",596,KG,actual,Wholesale,MXN,37.5,1.68
2020-03-15,Distrito Federal,Cuauhtemoc,Mexico City,2627,19.41,-99.13,cereals and tubers,Tortilla,143,KG,actual,Retail,MXN,13.56,0.61
2020-03-15,Distrito Federal,Cuauhtemoc,Mexico City,2627,19.41,-99.13,pulses and nuts,"Beans (black, Veracruz)",565,KG,actual,Wholesale,MXN,22,0.98
2020-03-15,Distrito Federal,Cuauhtemoc,Mexico City,2627,19.41,-99.13,pulses and nuts,"Beans (black, imported)",567,KG,actual,Wholesale,MXN,26.12,1.17
2020-03-15,Jalisco,Guadalajara,Guadalajara,2628,20.68,-103.35,cereals and tubers,Maize (white),67,KG,actual,Wholesale,MXN,6,0.27
2020-03-15,Jalisco,Guadalajara,Guadalajara,2628,20.68,-103.35,cereals and tubers,"Rice (long grain, Sinaloa)",591,KG,actual,Wholesale,MXN,18,0.81
2020-03-15,Jalisco,Guadalajara,Guadalajara,2628,20.68,-103.35,pulses and nuts,"Beans (black, Nayarit)",564,KG,actual,Wholesale,MXN,20,0.89
2020-03-15,Puebla,San Andres Cholula,Puebla,2626,19.01,-98.2,cereals and tubers,Maize (white),67,KG,actual,Wholesale,MXN,6,0.27
2020-03-15,Puebla,San Andres Cholula,Puebla,2626,19.01,-98.2,pulses and nuts,"Beans (black, Veracruz)",565,KG,actual,Wholesale,MXN,30,1.34
2020-03-15,Puebla,San Andres Cholula,Puebla,2626,19.01,-98.2,pulses and nuts,"Beans (black, imported)",567,KG,actual,Wholesale,MXN,29,1.3
2020-03-15,Sinaloa,Culiacan,Culiacán,2629,24.8,-107.39,cereals and tubers,Maize (white),67,KG,actual,Wholesale,MXN,6,0.27
2020-03-15,Veracruz,Xico,Xalapa,2625,19.54,-96.93,cereals and tubers,Maize (white),67,KG,actual,Wholesale,MXN,5.75,0.26
2020-03-15,Veracruz,Xico,Xalapa,2625,19.54,-96.93,pulses and nuts,"Beans (black, imported)",567,KG,actual,Wholesale,MXN,22.5,1.01
2020-04-15,Distrito Federal,Cuauhtemoc,Mexico City,2627,19.41,-99.13,cereals and tubers,"Rice (long grain, Sinaloa)",591,KG,actual,Wholesale,MXN,27,1.11
2020-04-15,Distrito Federal,Cuauhtemoc,Mexico City,2627,19.41,-99.13,cereals and tubers,"Rice (small grain, Morelos)",596,KG,actual,Wholesale,MXN,38,1.57
2020-04-15,Distrito Federal,Cuauhtemoc,Mexico City,2627,19.41,-99.13,cereals and tubers,Tortilla,143,KG,actual,Retail,MXN,13.72,0.57
2020-04-15,Distrito Federal,Cuauhtemoc,Mexico City,2627,19.41,-99.13,pulses and nuts,"Beans (black, Veracruz)",565,KG,actual,Wholesale,MXN,23.4,0.96
2020-04-15,Distrito Federal,Cuauhtemoc,Mexico City,2627,19.41,-99.13,pulses and nuts,"Beans (black, Zacatecas)",566,KG,actual,Wholesale,MXN,25.2,1.04
2020-04-15,Distrito Federal,Cuauhtemoc,Mexico City,2627,19.41,-99.13,pulses and nuts,"Beans (black, imported)",567,KG,actual,Wholesale,MXN,32.4,1.34
2020-04-15,Jalisco,Guadalajara,Guadalajara,2628,20.68,-103.35,cereals and tubers,Maize (white),67,KG,actual,Wholesale,MXN,6.1,0.25
2020-04-15,Jalisco,Guadalajara,Guadalajara,2628,20.68,-103.35,cereals and tubers,"Rice (long grain, Sinaloa)",591,KG,actual,Wholesale,MXN,18.8,0.77
2020-04-15,Jalisco,Guadalajara,Guadalajara,2628,20.68,-103.35,pulses and nuts,"Beans (black, Nayarit)",564,KG,actual,Wholesale,MXN,20,0.82
2020-04-15,Puebla,San Andres Cholula,Puebla,2626,19.01,-98.2,cereals and tubers,Maize (white),67,KG,actual,Wholesale,MXN,7,0.29
2020-04-15,Puebla,San Andres Cholula,Puebla,2626,19.01,-98.2,pulses and nuts,"Beans (black, Veracruz)",565,KG,actual,Wholesale,MXN,32,1.32
2020-04-15,Puebla,San Andres Cholula,Puebla,2626,19.01,-98.2,pulses and nuts,"Beans (black, imported)",567,KG,actual,Wholesale,MXN,29,1.2
2020-04-15,Sinaloa,Culiacan,Culiacán,2629,24.8,-107.39,cereals and tubers,Maize (white),67,KG,actual,Wholesale,MXN,6.2,0.26
2020-04-15,Veracruz,Xico,Xalapa,2625,19.54,-96.93,cereals and tubers,Maize (white),67,KG,actual,Wholesale,MXN,6.5,0.27
2020-05-15,Distrito Federal,Cuauhtemoc,Mexico City,2627,19.41,-99.13,cereals and tubers,"Rice (long grain, Sinaloa)",591,KG,actual,Wholesale,MXN,29,1.21
2020-05-15,Distrito Federal,Cuauhtemoc,Mexico City,2627,19.41,-99.13,cereals and tubers,"Rice (small grain, Morelos)",596,KG,actual,Wholesale,MXN,38,1.59
2020-05-15,Distrito Federal,Cuauhtemoc,Mexico City,2627,19.41,-99.13,cereals and tubers,Tortilla,143,KG,actual,Retail,MXN,13.72,0.57
2020-05-15,Distrito Federal,Cuauhtemoc,Mexico City,2627,19.41,-99.13,pulses and nuts,"Beans (black, Veracruz)",565,KG,actual,Wholesale,MXN,25,1.05
2020-05-15,Distrito Federal,Cuauhtemoc,Mexico City,2627,19.41,-99.13,pulses and nuts,"Beans (black, imported)",567,KG,actual,Wholesale,MXN,31,1.3
2020-05-15,Jalisco,Guadalajara,Guadalajara,2628,20.68,-103.35,cereals and tubers,Maize (white),67,KG,actual,Wholesale,MXN,6.08,0.25
2020-05-15,Jalisco,Guadalajara,Guadalajara,2628,20.68,-103.35,cereals and tubers,"Rice (long grain, Sinaloa)",591,KG,actual,Wholesale,MXN,26,1.09
2020-05-15,Jalisco,Guadalajara,Guadalajara,2628,20.68,-103.35,pulses and nuts,"Beans (black, Nayarit)",564,KG,actual,Wholesale,MXN,22,0.92
2020-05-15,Puebla,San Andres Cholula,Puebla,2626,19.01,-98.2,cereals and tubers,Maize (white),67,KG,actual,Wholesale,MXN,7,0.29
2020-05-15,Puebla,San Andres Cholula,Puebla,2626,19.01,-98.2,pulses and nuts,"Beans (black, Veracruz)",565,KG,actual,Wholesale,MXN,30.5,1.28
2020-05-15,Puebla,San Andres Cholula,Puebla,2626,19.01,-98.2,pulses and nuts,"Beans (black, imported)",567,KG,actual,Wholesale,MXN,29,1.21
2020-05-15,Sinaloa,Culiacan,Culiacán,2629,24.8,-107.39,cereals and tubers,Maize (white),67,KG,actual,Wholesale,MXN,6.25,0.26
2020-05-15,Veracruz,Xico,Xalapa,2625,19.54,-96.93,cereals and tubers,Maize (white),67,KG,actual,Wholesale,MXN,6.55,0.27
2020-05-15,Veracruz,Xico,Xalapa,2625,19.54,-96.93,pulses and nuts,"Beans (black, imported)",567,KG,actual,Wholesale,MXN,27.75,1.16
2020-06-15,Distrito Federal,Cuauhtemoc,Mexico City,2627,19.41,-99.13,cereals and tubers,Tortilla,143,KG,actual,Retail,MXN,13.72,0.62
2020-07-15,Distrito Federal,Cuauhtemoc,Mexico City,2627,19.41,-99.13,cereals and tubers,"Rice (small grain, Morelos)",596,KG,actual,Wholesale,MXN,38,1.7
2020-07-15,Distrito Federal,Cuauhtemoc,Mexico City,2627,19.41,-99.13,cereals and tubers,Tortilla,143,KG,actual,Retail,MXN,13.74,0.62
2020-07-15,Distrito Federal,Cuauhtemoc,Mexico City,2627,19.41,-99.13,pulses and nuts,"Beans (black, Zacatecas)",566,KG,actual,Wholesale,MXN,25,1.12
2020-07-15,Jalisco,Guadalajara,Guadalajara,2628,20.68,-103.35,cereals and tubers,"Rice (long grain, Sinaloa)",591,KG,actual,Wholesale,MXN,24,1.07
2020-07-15,Jalisco,Guadalajara,Guadalajara,2628,20.68,-103.35,pulses and nuts,"Beans (black, Nayarit)",564,KG,actual,Wholesale,MXN,22.5,1.01
2020-07-15,Sinaloa,Culiacan,Culiacán,2629,24.8,-107.39,cereals and tubers,Maize (white),67,KG,actual,Wholesale,MXN,4,0.18
2020-08-15,Distrito Federal,Cuauhtemoc,Mexico City,2627,19.41,-99.13,cereals and tubers,"Rice (long grain, Sinaloa)",591,KG,actual,Wholesale,MXN,27.75,1.26
2020-08-15,Distrito Federal,Cuauhtemoc,Mexico City,2627,19.41,-99.13,cereals and tubers,"Rice (small grain, Morelos)",596,KG,actual,Wholesale,MXN,38,1.73
2020-08-15,Distrito Federal,Cuauhtemoc,Mexico City,2627,19.41,-99.13,cereals and tubers,Tortilla,143,KG,actual,Retail,MXN,13.76,0.62
2020-08-15,Distrito Federal,Cuauhtemoc,Mexico City,2627,19.41,-99.13,pulses and nuts,"Beans (black, Zacatecas)",566,KG,actual,Wholesale,MXN,25,1.14
2020-08-15,Jalisco,Guadalajara,Guadalajara,2628,20.68,-103.35,cereals and tubers,"Rice (long grain, Sinaloa)",591,KG,actual,Wholesale,MXN,22,1
2020-08-15,Jalisco,Guadalajara,Guadalajara,2628,20.68,-103.35,pulses and nuts,"Beans (black, Nayarit)",564,KG,actual,Wholesale,MXN,23,1.04
2020-08-15,Puebla,San Andres Cholula,Puebla,2626,19.01,-98.2,cereals and tubers,Maize (white),67,KG,actual,Wholesale,MXN,7.5,0.34
2020-08-15,Puebla,San Andres Cholula,Puebla,2626,19.01,-98.2,pulses and nuts,"Beans (black, Veracruz)",565,KG,actual,Wholesale,MXN,30,1.36
2020-08-15,Puebla,San Andres Cholula,Puebla,2626,19.01,-98.2,pulses and nuts,"Beans (black, imported)",567,KG,actual,Wholesale,MXN,29,1.32
2020-08-15,Sinaloa,Culiacan,Culiacán,2629,24.8,-107.39,cereals and tubers,Maize (white),67,KG,actual,Wholesale,MXN,4.5,0.2
2020-08-15,Veracruz,Xico,Xalapa,2625,19.54,-96.93,cereals and tubers,Maize (white),67,KG,actual,Wholesale,MXN,6.25,0.28
2020-08-15,Veracruz,Xico,Xalapa,2625,19.54,-96.93,pulses and nuts,"Beans (black, imported)",567,KG,actual,Wholesale,MXN,27,1.23
2020-09-15,Distrito Federal,Cuauhtemoc,Mexico City,2627,19.41,-99.13,cereals and tubers,"Rice (long grain, Sinaloa)",591,KG,actual,Wholesale,MXN,28,1.32
2020-09-15,Distrito Federal,Cuauhtemoc,Mexico City,2627,19.41,-99.13,cereals and tubers,"Rice (small grain, Morelos)",596,KG,actual,Wholesale,MXN,38.4,1.81
2020-09-15,Distrito Federal,Cuauhtemoc,Mexico City,2627,19.41,-99.13,cereals and tubers,Tortilla,143,KG,actual,Retail,MXN,13.79,0.65
2020-09-15,Distrito Federal,Cuauhtemoc,Mexico City,2627,19.41,-99.13,pulses and nuts,"Beans (black, Zacatecas)",566,KG,actual,Wholesale,MXN,24.6,1.16
2020-09-15,Distrito Federal,Cuauhtemoc,Mexico City,2627,19.41,-99.13,pulses and nuts,"Beans (black, imported)",567,KG,actual,Wholesale,MXN,28.2,1.33
2020-09-15,Jalisco,Guadalajara,Guadalajara,2628,20.68,-103.35,cereals and tubers,"Rice (long grain, Sinaloa)",591,KG,actual,Wholesale,MXN,22,1.04
2020-09-15,Jalisco,Guadalajara,Guadalajara,2628,20.68,-103.35,pulses and nuts,"Beans (black, Nayarit)",564,KG,actual,Wholesale,MXN,25.6,1.21
2020-09-15,Puebla,San Andres Cholula,Puebla,2626,19.01,-98.2,cereals and tubers,Maize (white),67,KG,actual,Wholesale,MXN,7.5,0.35
2020-09-15,Puebla,San Andres Cholula,Puebla,2626,19.01,-98.2,pulses and nuts,"Beans (black, Veracruz)",565,KG,actual,Wholesale,MXN,27.6,1.3
2020-09-15,Puebla,San Andres Cholula,Puebla,2626,19.01,-98.2,pulses and nuts,"Beans (black, imported)",567,KG,actual,Wholesale,MXN,27,1.28
2020-09-15,Sinaloa,Culiacan,Culiacán,2629,24.8,-107.39,cereals and tubers,Maize (white),67,KG,actual,Wholesale,MXN,6,0.28
2020-09-15,Veracruz,Xico,Xalapa,2625,19.54,-96.93,cereals and tubers,Maize (white),67,KG,actual,Wholesale,MXN,6.06,0.29
2020-09-15,Veracruz,Xico,Xalapa,2625,19.54,-96.93,pulses and nuts,"Beans (black, imported)",567,KG,actual,Wholesale,MXN,25.6,1.21
2020-10-15,Distrito Federal,Cuauhtemoc,Mexico City,2627,19.41,-99.13,cereals and tubers,"Rice (small grain, Morelos)",596,KG,actual,Wholesale,MXN,38,1.79
2020-10-15,Distrito Federal,Cuauhtemoc,Mexico City,2627,19.41,-99.13,cereals and tubers,Tortilla,143,KG,actual,Retail,MXN,13.79,0.65
2020-10-15,Distrito Federal,Cuauhtemoc,Mexico City,2627,19.41,-99.13,pulses and nuts,"Beans (black, Zacatecas)",566,KG,actual,Wholesale,MXN,24.88,1.17
2020-10-15,Distrito Federal,Cuauhtemoc,Mexico City,2627,19.41,-99.13,pulses and nuts,"Beans (black, imported)",567,KG,actual,Wholesale,MXN,25,1.17
2020-10-15,Jalisco,Guadalajara,Guadalajara,2628,20.68,-103.35,cereals and tubers,"Rice (long grain, Sinaloa)",591,KG,actual,Wholesale,MXN,20.12,0.95
2020-10-15,Jalisco,Guadalajara,Guadalajara,2628,20.68,-103.35,pulses and nuts,"Beans (black, Nayarit)",564,KG,actual,Wholesale,MXN,22.5,1.06
2020-10-15,Puebla,San Andres Cholula,Puebla,2626,19.01,-98.2,pulses and nuts,"Beans (black, Veracruz)",565,KG,actual,Wholesale,MXN,26,1.22
2020-10-15,Puebla,San Andres Cholula,Puebla,2626,19.01,-98.2,pulses and nuts,"Beans (black, imported)",567,KG,actual,Wholesale,MXN,26,1.22
2020-10-15,Sinaloa,Culiacan,Culiacán,2629,24.8,-107.39,cereals and tubers,Maize (white),67,KG,actual,Wholesale,MXN,6,0.28
2020-10-15,Veracruz,Xico,Xalapa,2625,19.54,-96.93,pulses and nuts,"Beans (black, imported)",567,KG,actual,Wholesale,MXN,25,1.17
2020-11-15,Distrito Federal,Cuauhtemoc,Mexico City,2627,19.41,-99.13,cereals and tubers,"Rice (small grain, Morelos)",596,KG,actual,Wholesale,MXN,38,1.87
2020-11-15,Distrito Federal,Cuauhtemoc,Mexico City,2627,19.41,-99.13,cereals and tubers,Tortilla,143,KG,actual,Retail,MXN,13.79,0.68
2020-11-15,Distrito Federal,Cuauhtemoc,Mexico City,2627,19.41,-99.13,pulses and nuts,"Beans (black, Zacatecas)",566,KG,actual,Wholesale,MXN,23.75,1.17
2020-11-15,Distrito Federal,Cuauhtemoc,Mexico City,2627,19.41,-99.13,pulses and nuts,"Beans (black, imported)",567,KG,actual,Wholesale,MXN,25.13,1.24
2020-11-15,Jalisco,Guadalajara,Guadalajara,2628,20.68,-103.35,cereals and tubers,"Rice (long grain, Sinaloa)",591,KG,actual,Wholesale,MXN,18.25,0.9
2020-11-15,Jalisco,Guadalajara,Guadalajara,2628,20.68,-103.35,pulses and nuts,"Beans (black, Nayarit)",564,KG,actual,Wholesale,MXN,24.25,1.19
2020-11-15,Puebla,San Andres Cholula,Puebla,2626,19.01,-98.2,cereals and tubers,Maize (white),67,KG,actual,Wholesale,MXN,7.5,0.37
2020-11-15,Puebla,San Andres Cholula,Puebla,2626,19.01,-98.2,pulses and nuts,"Beans (black, Veracruz)",565,KG,actual,Wholesale,MXN,24.5,1.21
2020-11-15,Puebla,San Andres Cholula,Puebla,2626,19.01,-98.2,pulses and nuts,"Beans (black, imported)",567,KG,actual,Wholesale,MXN,29,1.43
2020-11-15,Veracruz,Xico,Xalapa,2625,19.54,-96.93,cereals and tubers,Maize (white),67,KG,actual,Wholesale,MXN,6,0.3
2020-11-15,Veracruz,Xico,Xalapa,2625,19.54,-96.93,pulses and nuts,"Beans (black, imported)",567,KG,actual,Wholesale,MXN,25.25,1.24
2020-12-15,Distrito Federal,Cuauhtemoc,Mexico City,2627,19.41,-99.13,cereals and tubers,"Rice (long grain, Sinaloa)",591,KG,actual,Wholesale,MXN,23.67,1.19
2020-12-15,Distrito Federal,Cuauhtemoc,Mexico City,2627,19.41,-99.13,cereals and tubers,"Rice (small grain, Morelos)",596,KG,actual,Wholesale,MXN,38,1.91
2020-12-15,Distrito Federal,Cuauhtemoc,Mexico City,2627,19.41,-99.13,cereals and tubers,Tortilla,143,KG,actual,Retail,MXN,13.79,0.69
2020-12-15,Distrito Federal,Cuauhtemoc,Mexico City,2627,19.41,-99.13,pulses and nuts,"Beans (black, Zacatecas)",566,KG,actual,Wholesale,MXN,22,1.1
2020-12-15,Distrito Federal,Cuauhtemoc,Mexico City,2627,19.41,-99.13,pulses and nuts,"Beans (black, imported)",567,KG,actual,Wholesale,MXN,26.17,1.31
2020-12-15,Jalisco,Guadalajara,Guadalajara,2628,20.68,-103.35,pulses and nuts,"Beans (black, Nayarit)",564,KG,actual,Wholesale,MXN,21.2,1.06
2020-12-15,Puebla,San Andres Cholula,Puebla,2626,19.01,-98.2,cereals and tubers,Maize (white),67,KG,actual,Wholesale,MXN,7,0.35
2020-12-15,Puebla,San Andres Cholula,Puebla,2626,19.01,-98.2,pulses and nuts,"Beans (black, Veracruz)",565,KG,actual,Wholesale,MXN,25.6,1.28
2020-12-15,Puebla,San Andres Cholula,Puebla,2626,19.01,-98.2,pulses and nuts,"Beans (black, imported)",567,KG,actual,Wholesale,MXN,30,1.51
2020-12-15,Veracruz,Xico,Xalapa,2625,19.54,-96.93,cereals and tubers,Maize (white),67,KG,actual,Wholesale,MXN,6,0.3
2020-12-15,Veracruz,Xico,Xalapa,2625,19.54,-96.93,pulses and nuts,"Beans (black, imported)",567,KG,actual,Wholesale,MXN,26.2,1.31
2021-01-15,Distrito Federal,Cuauhtemoc,Mexico City,2627,19.41,-99.13,cereals and tubers,Tortilla,143,KG,actual,Retail,MXN,13.74,0.69
2021-01-15,Jalisco,Guadalajara,Guadalajara,2628,20.68,-103.35,cereals and tubers,Maize (white),67,KG,actual,Wholesale,MXN,6.3,0.32
2021-01-15,Jalisco,Guadalajara,Guadalajara,2628,20.68,-103.35,cereals and tubers,"Rice (long grain, Sinaloa)",591,KG,actual,Wholesale,MXN,18.5,0.93
2021-01-15,Jalisco,Guadalajara,Guadalajara,2628,20.68,-103.35,pulses and nuts,"Beans (black, Nayarit)",564,KG,actual,Wholesale,MXN,22,1.11
2021-01-15,Puebla,San Andres Cholula,Puebla,2626,19.01,-98.2,cereals and tubers,Maize (white),67,KG,actual,Wholesale,MXN,7,0.35
2021-01-15,Puebla,San Andres Cholula,Puebla,2626,19.01,-98.2,pulses and nuts,"Beans (black, Veracruz)",565,KG,actual,Wholesale,MXN,24.5,1.24
2021-01-15,Puebla,San Andres Cholula,Puebla,2626,19.01,-98.2,pulses and nuts,"Beans (black, imported)",567,KG,actual,Wholesale,MXN,30,1.52
2021-01-15,Sinaloa,Culiacan,Culiacán,2629,24.8,-107.39,cereals and tubers,Maize (white),67,KG,actual,Wholesale,MXN,6.75,0.34
2021-01-15,Veracruz,Xico,Xalapa,2625,19.54,-96.93,cereals and tubers,Maize (white),67,KG,actual,Wholesale,MXN,6.38,0.32
2021-01-15,Veracruz,Xico,Xalapa,2625,19.54,-96.93,pulses and nuts,"Beans (black, imported)",567,KG,actual,Wholesale,MXN,25.5,1.29
2021-02-15,Distrito Federal,Cuauhtemoc,Mexico City,2627,19.41,-99.13,cereals and tubers,"Rice (long grain, Sinaloa)",591,KG,actual,Wholesale,MXN,22.5,1.13
2021-02-15,Distrito Federal,Cuauhtemoc,Mexico City,2627,19.41,-99.13,cereals and tubers,"Rice (small grain, Morelos)",596,KG,actual,Wholesale,MXN,38,1.9
2021-02-15,Distrito Federal,Cuauhtemoc,Mexico City,2627,19.41,-99.13,cereals and tubers,Tortilla,143,KG,actual,Retail,MXN,13.78,0.69
2021-02-15,Distrito Federal,Cuauhtemoc,Mexico City,2627,19.41,-99.13,pulses and nuts,"Beans (black, Veracruz)",565,KG,actual,Wholesale,MXN,15,0.75
2021-02-15,Distrito Federal,Cuauhtemoc,Mexico City,2627,19.41,-99.13,pulses and nuts,"Beans (black, imported)",567,KG,actual,Wholesale,MXN,29,1.45
2021-02-15,Jalisco,Guadalajara,Guadalajara,2628,20.68,-103.35,cereals and tubers,Maize (white),67,KG,actual,Wholesale,MXN,7,0.35
2021-02-15,Jalisco,Guadalajara,Guadalajara,2628,20.68,-103.35,cereals and tubers,"Rice (long grain, Sinaloa)",591,KG,actual,Wholesale,MXN,18.25,0.91
2021-02-15,Jalisco,Guadalajara,Guadalajara,2628,20.68,-103.35,pulses and nuts,"Beans (black, Nayarit)",564,KG,actual,Wholesale,MXN,22,1.1
2021-02-15,Puebla,San Andres Cholula,Puebla,2626,19.01,-98.2,cereals and tubers,Maize (white),67,KG,actual,Wholesale,MXN,7.5,0.38
2021-02-15,Puebla,San Andres Cholula,Puebla,2626,19.01,-98.2,pulses and nuts,"Beans (black, Veracruz)",565,KG,actual,Wholesale,MXN,25,1.25
2021-02-15,Puebla,San Andres Cholula,Puebla,2626,19.01,-98.2,pulses and nuts,"Beans (black, imported)",567,KG,actual,Wholesale,MXN,30,1.5
2021-02-15,Sinaloa,Culiacan,Culiacán,2629,24.8,-107.39,cereals and tubers,Maize (white),67,KG,actual,Wholesale,MXN,6.75,0.34
2021-03-15,Distrito Federal,Cuauhtemoc,Mexico City,2627,19.41,-99.13,cereals and tubers,"Rice (long grain, Sinaloa)",591,KG,actual,Wholesale,MXN,22.5,1.09
2021-03-15,Distrito Federal,Cuauhtemoc,Mexico City,2627,19.41,-99.13,cereals and tubers,"Rice (small grain, Morelos)",596,KG,actual,Wholesale,MXN,38,1.84
2021-03-15,Distrito Federal,Cuauhtemoc,Mexico City,2627,19.41,-99.13,cereals and tubers,Tortilla,143,KG,actual,Retail,MXN,13.79,0.67
2021-03-15,Distrito Federal,Cuauhtemoc,Mexico City,2627,19.41,-99.13,pulses and nuts,"Beans (black, Veracruz)",565,KG,actual,Wholesale,MXN,20,0.97
2021-03-15,Distrito Federal,Cuauhtemoc,Mexico City,2627,19.41,-99.13,pulses and nuts,"Beans (black, imported)",567,KG,actual,Wholesale,MXN,28.33,1.37
2021-03-15,Jalisco,Guadalajara,Guadalajara,2628,20.68,-103.35,cereals and tubers,Maize (white),67,KG,actual,Wholesale,MXN,7,0.34
2021-03-15,Jalisco,Guadalajara,Guadalajara,2628,20.68,-103.35,cereals and tubers,"Rice (long grain, Sinaloa)",591,KG,actual,Wholesale,MXN,18.33,0.89
2021-03-15,Jalisco,Guadalajara,Guadalajara,2628,20.68,-103.35,pulses and nuts,"Beans (black, Nayarit)",564,KG,actual,Wholesale,MXN,22,1.06
2021-03-15,Puebla,San Andres Cholula,Puebla,2626,19.01,-98.2,cereals and tubers,Maize (white),67,KG,actual,Wholesale,MXN,8,0.39
2021-03-15,Puebla,San Andres Cholula,Puebla,2626,19.01,-98.2,pulses and nuts,"Beans (black, Veracruz)",565,KG,actual,Wholesale,MXN,26,1.26
2021-03-15,Puebla,San Andres Cholula,Puebla,2626,19.01,-98.2,pulses and nuts,"Beans (black, imported)",567,KG,actual,Wholesale,MXN,30,1.45
2021-03-15,Sinaloa,Culiacan,Culiacán,2629,24.8,-107.39,cereals and tubers,Maize (white),67,KG,actual,Wholesale,MXN,7,0.34
2021-03-15,Veracruz,Xico,Xalapa,2625,19.54,-96.93,cereals and tubers,Maize (white),67,KG,actual,Wholesale,MXN,6.5,0.31
2021-03-15,Veracruz,Xico,Xalapa,2625,19.54,-96.93,pulses and nuts,"Beans (black, imported)",567,KG,actual,Wholesale,MXN,26,1.26
2021-04-15,Distrito Federal,Cuauhtemoc,Mexico City,2627,19.41,-99.13,cereals and tubers,"Rice (long grain, Sinaloa)",591,KG,actual,Wholesale,MXN,23.7,1.19
2021-04-15,Distrito Federal,Cuauhtemoc,Mexico City,2627,19.41,-99.13,cereals and tubers,"Rice (small grain, Morelos)",596,KG,actual,Wholesale,MXN,38.1,1.91
2021-04-15,Distrito Federal,Cuauhtemoc,Mexico City,2627,19.41,-99.13,cereals and tubers,Tortilla,143,KG,actual,Retail,MXN,14.12,0.71
2021-04-15,Distrito Federal,Cuauhtemoc,Mexico City,2627,19.41,-99.13,pulses and nuts,"Beans (black, Veracruz)",565,KG,actual,Wholesale,MXN,21,1.05
2021-04-15,Distrito Federal,Cuauhtemoc,Mexico City,2627,19.41,-99.13,pulses and nuts,"Beans (black, imported)",567,KG,actual,Wholesale,MXN,29,1.45
2021-04-15,Jalisco,Guadalajara,Guadalajara,2628,20.68,-103.35,cereals and tubers,Maize (white),67,KG,actual,Wholesale,MXN,7.2,0.36
2021-04-15,Jalisco,Guadalajara,Guadalajara,2628,20.68,-103.35,cereals and tubers,"Rice (long grain, Sinaloa)",591,KG,actual,Wholesale,MXN,18.8,0.94
2021-04-15,Jalisco,Guadalajara,Guadalajara,2628,20.68,-103.35,pulses and nuts,"Beans (black, Nayarit)",564,KG,actual,Wholesale,MXN,21.2,1.06
2021-04-15,Puebla,San Andres Cholula,Puebla,2626,19.01,-98.2,cereals and tubers,Maize (white),67,KG,actual,Wholesale,MXN,7.5,0.38
2021-04-15,Puebla,San Andres Cholula,Puebla,2626,19.01,-98.2,pulses and nuts,"Beans (black, Veracruz)",565,KG,actual,Wholesale,MXN,25,1.25
2021-04-15,Puebla,San Andres Cholula,Puebla,2626,19.01,-98.2,pulses and nuts,"Beans (black, imported)",567,KG,actual,Wholesale,MXN,29,1.45
2021-04-15,Sinaloa,Culiacan,Culiacán,2629,24.8,-107.39,cereals and tubers,Maize (white),67,KG,actual,Wholesale,MXN,7,0.35
2021-04-15,Veracruz,Xico,Xalapa,2625,19.54,-96.93,cereals and tubers,Maize (white),67,KG,actual,Wholesale,MXN,6.75,0.34
2021-04-15,Veracruz,Xico,Xalapa,2625,19.54,-96.93,pulses and nuts,"Beans (black, imported)",567,KG,actual,Wholesale,MXN,27.13,1.36
2021-05-15,Distrito Federal,Cuauhtemoc,Mexico City,2627,19.41,-99.13,cereals and tubers,"Rice (long grain, Sinaloa)",591,KG,actual,Wholesale,MXN,23.63,1.19
2021-05-15,Distrito Federal,Cuauhtemoc,Mexico City,2627,19.41,-99.13,cereals and tubers,"Rice (small grain, Morelos)",596,KG,actual,Wholesale,MXN,37.88,1.91
2021-05-15,Distrito Federal,Cuauhtemoc,Mexico City,2627,19.41,-99.13,cereals and tubers,Tortilla,143,KG,actual,Retail,MXN,15.19,0.77
2021-05-15,Distrito Federal,Cuauhtemoc,Mexico City,2627,19.41,-99.13,pulses and nuts,"Beans (black, Veracruz)",565,KG,actual,Wholesale,MXN,22,1.11
2021-05-15,Distrito Federal,Cuauhtemoc,Mexico City,2627,19.41,-99.13,pulses and nuts,"Beans (black, imported)",567,KG,actual,Wholesale,MXN,29,1.46
2021-05-15,Jalisco,Guadalajara,Guadalajara,2628,20.68,-103.35,cereals and tubers,Maize (white),67,KG,actual,Wholesale,MXN,7.85,0.4
2021-05-15,Jalisco,Guadalajara,Guadalajara,2628,20.68,-103.35,cereals and tubers,"Rice (long grain, Sinaloa)",591,KG,actual,Wholesale,MXN,18.5,0.93
2021-05-15,Jalisco,Guadalajara,Guadalajara,2628,20.68,-103.35,pulses and nuts,"Beans (black, Nayarit)",564,KG,actual,Wholesale,MXN,20,1.01
2021-05-15,Puebla,San Andres Cholula,Puebla,2626,19.01,-98.2,cereals and tubers,Maize (white),67,KG,actual,Wholesale,MXN,9,0.45
2021-05-15,Puebla,San Andres Cholula,Puebla,2626,19.01,-98.2,pulses and nuts,"Beans (black, Veracruz)",565,KG,actual,Wholesale,MXN,25.5,1.29
2021-05-15,Puebla,San Andres Cholula,Puebla,2626,19.01,-98.2,pulses and nuts,"Beans (black, imported)",567,KG,actual,Wholesale,MXN,30,1.51
2021-05-15,Sinaloa,Culiacan,Culiacán,2629,24.8,-107.39,cereals and tubers,Maize (white),67,KG,actual,Wholesale,MXN,7,0.35
2021-05-15,Veracruz,Xico,Xalapa,2625,19.54,-96.93,cereals and tubers,Maize (white),67,KG,actual,Wholesale,MXN,7.75,0.39
2021-05-15,Veracruz,Xico,Xalapa,2625,19.54,-96.93,pulses and nuts,"Beans (black, imported)",567,KG,actual,Wholesale,MXN,27.5,1.39
2021-06-15,Distrito Federal,Cuauhtemoc,Mexico City,2627,19.41,-99.13,cereals and tubers,"Rice (long grain, Sinaloa)",591,KG,actual,Wholesale,MXN,23,1.15
2021-06-15,Distrito Federal,Cuauhtemoc,Mexico City,2627,19.41,-99.13,cereals and tubers,"Rice (small grain, Morelos)",596,KG,actual,Wholesale,MXN,37.5,1.87
2021-06-15,Distrito Federal,Cuauhtemoc,Mexico City,2627,19.41,-99.13,cereals and tubers,Tortilla,143,KG,actual,Retail,MXN,16,0.8
2021-06-15,Jalisco,Guadalajara,Guadalajara,2628,20.68,-103.35,cereals and tubers,Maize (white),67,KG,actual,Wholesale,MXN,8.7,0.43
2021-06-15,Jalisco,Guadalajara,Guadalajara,2628,20.68,-103.35,cereals and tubers,"Rice (long grain, Sinaloa)",591,KG,actual,Wholesale,MXN,18,0.9
2021-06-15,Jalisco,Guadalajara,Guadalajara,2628,20.68,-103.35,pulses and nuts,"Beans (black, Nayarit)",564,KG,actual,Wholesale,MXN,21.6,1.08
2021-06-15,Puebla,San Andres Cholula,Puebla,2626,19.01,-98.2,cereals and tubers,Maize (white),67,KG,actual,Wholesale,MXN,9.2,0.46
2021-06-15,Puebla,San Andres Cholula,Puebla,2626,19.01,-98.2,pulses and nuts,"Beans (black, Veracruz)",565,KG,actual,Wholesale,MXN,25.8,1.29
2021-06-15,Puebla,San Andres Cholula,Puebla,2626,19.01,-98.2,pulses and nuts,"Beans (black, imported)",567,KG,actual,Wholesale,MXN,30.4,1.52
2021-06-15,Sinaloa,Culiacan,Culiacán,2629,24.8,-107.39,cereals and tubers,Maize (white),67,KG,actual,Wholesale,MXN,7,0.35
2021-06-15,Veracruz,Xico,Xalapa,2625,19.54,-96.93,cereals and tubers,Maize (white),67,KG,actual,Wholesale,MXN,8,0.4
2021-06-15,Veracruz,Xico,Xalapa,2625,19.54,-96.93,pulses and nuts,"Beans (black, imported)",567,KG,actual,Wholesale,MXN,27,1.35
2021-07-15,Distrito Federal,Cuauhtemoc,Mexico City,2627,19.41,-99.13,cereals and tubers,"Rice (long grain, Sinaloa)",591,KG,actual,Wholesale,MXN,23,1.15
2021-07-15,Distrito Federal,Cuauhtemoc,Mexico City,2627,19.41,-99.13,cereals and tubers,"Rice (small grain, Morelos)",596,KG,actual,Wholesale,MXN,38,1.91
2021-07-15,Distrito Federal,Cuauhtemoc,Mexico City,2627,19.41,-99.13,cereals and tubers,Tortilla,143,KG,actual,Retail,MXN,17,0.85
2021-07-15,Distrito Federal,Cuauhtemoc,Mexico City,2627,19.41,-99.13,pulses and nuts,"Beans (black, Zacatecas)",566,KG,actual,Wholesale,MXN,23,1.15
2021-07-15,Jalisco,Guadalajara,Guadalajara,2628,20.68,-103.35,cereals and tubers,Maize (white),67,KG,actual,Wholesale,MXN,9,0.45
2021-07-15,Jalisco,Guadalajara,Guadalajara,2628,20.68,-103.35,cereals and tubers,"Rice (long grain, Sinaloa)",591,KG,actual,Wholesale,MXN,15,0.75
2021-07-15,Jalisco,Guadalajara,Guadalajara,2628,20.68,-103.35,pulses and nuts,"Beans (black, Nayarit)",564,KG,actual,Wholesale,MXN,22,1.1
2021-07-15,Puebla,San Andres Cholula,Puebla,2626,19.01,-98.2,pulses and nuts,"Beans (black, Veracruz)",565,KG,actual,Wholesale,MXN,27,1.35
2021-07-15,Puebla,San Andres Cholula,Puebla,2626,19.01,-98.2,pulses and nuts,"Beans (black, imported)",567,KG,actual,Wholesale,MXN,29,1.45
2021-07-15,Sinaloa,Culiacan,Culiacán,2629,24.8,-107.39,cereals and tubers,Maize (white),67,KG,actual,Wholesale,MXN,7,0.35
2021-07-15,Veracruz,Xico,Xalapa,2625,19.54,-96.93,cereals and tubers,Maize (white),67,KG,actual,Wholesale,MXN,9,0.45
2021-07-15,Veracruz,Xico,Xalapa,2625,19.54,-96.93,pulses and nuts,"Beans (black, imported)",567,KG,actual,Wholesale,MXN,27,1.35
2021-08-15,Distrito Federal,Cuauhtemoc,Mexico City,2627,19.41,-99.13,cereals and tubers,"Rice (long grain, Sinaloa)",591,KG,actual,Wholesale,MXN,22,1.11
2021-08-15,Distrito Federal,Cuauhtemoc,Mexico City,2627,19.41,-99.13,cereals and tubers,Tortilla,143,KG,actual,Retail,MXN,18,0.91
2021-08-15,Distrito Federal,Cuauhtemoc,Mexico City,2627,19.41,-99.13,pulses and nuts,"Beans (black, Zacatecas)",566,KG,actual,Wholesale,MXN,23,1.16
2021-08-15,Distrito Federal,Cuauhtemoc,Mexico City,2627,19.41,-99.13,pulses and nuts,"Beans (black, imported)",567,KG,actual,Wholesale,MXN,30,1.51
2021-08-15,Jalisco,Guadalajara,Guadalajara,2628,20.68,-103.35,cereals and tubers,Maize (white),67,KG,actual,Wholesale,MXN,8,0.4
2021-08-15,Jalisco,Guadalajara,Guadalajara,2628,20.68,-103.35,pulses and nuts,"Beans (black, Nayarit)",564,KG,actual,Wholesale,MXN,22,1.11
2021-08-15,Puebla,San Andres Cholula,Puebla,2626,19.01,-98.2,cereals and tubers,Maize (white),67,KG,actual,Wholesale,MXN,9,0.45
2021-08-15,Puebla,San Andres Cholula,Puebla,2626,19.01,-98.2,pulses and nuts,"Beans (black, Veracruz)",565,KG,actual,Wholesale,MXN,27,1.36
2021-08-15,Puebla,San Andres Cholula,Puebla,2626,19.01,-98.2,pulses and nuts,"Beans (black, imported)",567,KG,actual,Wholesale,MXN,29,1.46
2021-08-15,Sinaloa,Culiacan,Culiacán,2629,24.8,-107.39,cereals and tubers,Maize (white),67,KG,actual,Wholesale,MXN,7,0.35
2021-08-15,Veracruz,Xico,Xalapa,2625,19.54,-96.93,cereals and tubers,Maize (white),67,KG,actual,Wholesale,MXN,8,0.4
2021-08-15,Veracruz,Xico,Xalapa,2625,19.54,-96.93,pulses and nuts,"Beans (black, imported)",567,KG,actual,Wholesale,MXN,27,1.36
2021-09-15,Distrito Federal,Cuauhtemoc,Mexico City,2627,19.41,-99.13,cereals and tubers,"Rice (small grain, Morelos)",596,KG,actual,Wholesale,MXN,37,1.86
2021-09-15,Distrito Federal,Cuauhtemoc,Mexico City,2627,19.41,-99.13,cereals and tubers,Tortilla,143,KG,actual,Retail,MXN,18,0.91
2021-09-15,Distrito Federal,Cuauhtemoc,Mexico City,2627,19.41,-99.13,pulses and nuts,"Beans (black, Zacatecas)",566,KG,actual,Wholesale,MXN,23,1.16
2021-09-15,Distrito Federal,Cuauhtemoc,Mexico City,2627,19.41,-99.13,pulses and nuts,"Beans (black, imported)",567,KG,actual,Wholesale,MXN,30.6,1.54
2021-09-15,Jalisco,Guadalajara,Guadalajara,2628,20.68,-103.35,cereals and tubers,Maize (white),67,KG,actual,Wholesale,MXN,7.78,0.39
2021-09-15,Jalisco,Guadalajara,Guadalajara,2628,20.68,-103.35,cereals and tubers,"Rice (long grain, Sinaloa)",591,KG,actual,Wholesale,MXN,15,0.76
2021-09-15,Jalisco,Guadalajara,Guadalajara,2628,20.68,-103.35,pulses and nuts,"Beans (black, Nayarit)",564,KG,actual,Wholesale,MXN,22,1.11
2021-09-15,Puebla,San Andres Cholula,Puebla,2626,19.01,-98.2,pulses and nuts,"Beans (black, Veracruz)",565,KG,actual,Wholesale,MXN,26.4,1.33
2021-09-15,Sinaloa,Culiacan,Culiacán,2629,24.8,-107.39,cereals and tubers,Maize (white),67,KG,actual,Wholesale,MXN,7,0.35
2021-09-15,Veracruz,Xico,Xalapa,2625,19.54,-96.93,pulses and nuts,"Beans (black, imported)",567,KG,actual,Wholesale,MXN,28.4,1.43
2021-10-15,Distrito Federal,Cuauhtemoc,Mexico City,2627,19.41,-99.13,cereals and tubers,"Rice (long grain, Sinaloa)",591,KG,actual,Wholesale,MXN,22.5,1.11
2021-10-15,Distrito Federal,Cuauhtemoc,Mexico City,2627,19.41,-99.13,cereals and tubers,Tortilla,143,KG,actual,Retail,MXN,18,0.88
2021-10-15,Distrito Federal,Cuauhtemoc,Mexico City,2627,19.41,-99.13,pulses and nuts,"Beans (black, Zacatecas)",566,KG,actual,Wholesale,MXN,23.25,1.14
2021-10-15,Distrito Federal,Cuauhtemoc,Mexico City,2627,19.41,-99.13,pulses and nuts,"Beans (black, imported)",567,KG,actual,Wholesale,MXN,31,1.52
2021-10-15,Jalisco,Guadalajara,Guadalajara,2628,20.68,-103.35,cereals and tubers,Maize (white),67,KG,actual,Wholesale,MXN,7.73,0.38
2021-10-15,Jalisco,Guadalajara,Guadalajara,2628,20.68,-103.35,cereals and tubers,"Rice (long grain, Sinaloa)",591,KG,actual,Wholesale,MXN,15,0.74
2021-10-15,Jalisco,Guadalajara,Guadalajara,2628,20.68,-103.35,pulses and nuts,"Beans (black, Nayarit)",564,KG,actual,Wholesale,MXN,22,1.08
2021-10-15,Puebla,San Andres Cholula,Puebla,2626,19.01,-98.2,cereals and tubers,Maize (white),67,KG,actual,Wholesale,MXN,9,0.44
2021-10-15,Puebla,San Andres Cholula,Puebla,2626,19.01,-98.2,pulses and nuts,"Beans (black, Veracruz)",565,KG,actual,Wholesale,MXN,27,1.33
2021-10-15,Puebla,San Andres Cholula,Puebla,2626,19.01,-98.2,pulses and nuts,"Beans (black, imported)",567,KG,actual,Wholesale,MXN,29.5,1.45
2021-10-15,Sinaloa,Culiacan,Culiacán,2629,24.8,-107.39,cereals and tubers,Maize (white),67,KG,actual,Wholesale,MXN,7,0.34
2021-10-15,Veracruz,Xico,Xalapa,2625,19.54,-96.93,cereals and tubers,Maize (white),67,KG,actual,Wholesale,MXN,8.3,0.41
2021-10-15,Veracruz,Xico,Xalapa,2625,19.54,-96.93,pulses and nuts,"Beans (black, imported)",567,KG,actual,Wholesale,MXN,28.25,1.39
2021-11-15,Distrito Federal,Cuauhtemoc,Mexico City,2627,19.41,-99.13,cereals and tubers,"Rice (long grain, Sinaloa)",591,KG,actual,Wholesale,MXN,22.25,1.08
2021-11-15,Distrito Federal,Cuauhtemoc,Mexico City,2627,19.41,-99.13,cereals and tubers,"Rice (small grain, Morelos)",596,KG,actual,Wholesale,MXN,37.5,1.82
2021-11-15,Distrito Federal,Cuauhtemoc,Mexico City,2627,19.41,-99.13,cereals and tubers,Tortilla,143,KG,actual,Retail,MXN,18,0.87
2021-11-15,Distrito Federal,Cuauhtemoc,Mexico City,2627,19.41,-99.13,pulses and nuts,"Beans (black, Zacatecas)",566,KG,actual,Wholesale,MXN,21.75,1.06
2021-11-15,Distrito Federal,Cuauhtemoc,Mexico City,2627,19.41,-99.13,pulses and nuts,"Beans (black, imported)",567,KG,actual,Wholesale,MXN,31.75,1.54
2021-11-15,Jalisco,Guadalajara,Guadalajara,2628,20.68,-103.35,cereals and tubers,Maize (white),67,KG,actual,Wholesale,MXN,7.8,0.38
2021-11-15,Jalisco,Guadalajara,Guadalajara,2628,20.68,-103.35,cereals and tubers,"Rice (long grain, Sinaloa)",591,KG,actual,Wholesale,MXN,15.5,0.75
2021-11-15,Jalisco,Guadalajara,Guadalajara,2628,20.68,-103.35,pulses and nuts,"Beans (black, Nayarit)",564,KG,actual,Wholesale,MXN,22,1.07
2021-11-15,Puebla,San Andres Cholula,Puebla,2626,19.01,-98.2,cereals and tubers,Maize (white),67,KG,actual,Wholesale,MXN,9,0.44
2021-11-15,Puebla,San Andres Cholula,Puebla,2626,19.01,-98.2,pulses and nuts,"Beans (black, Veracruz)",565,KG,actual,Wholesale,MXN,27.5,1.33
2021-11-15,Puebla,San Andres Cholula,Puebla,2626,19.01,-98.2,pulses and nuts,"Beans (black, imported)",567,KG,actual,Wholesale,MXN,29.5,1.43
2021-11-15,Sinaloa,Culiacan,Culiacán,2629,24.8,-107.39,cereals and tubers,Maize (white),67,KG,actual,Wholesale,MXN,7,0.34
2021-11-15,Veracruz,Xico,Xalapa,2625,19.54,-96.93,cereals and tubers,Maize (white),67,KG,actual,Wholesale,MXN,8.3,0.4
2021-11-15,Veracruz,Xico,Xalapa,2625,19.54,-96.93,pulses and nuts,"Beans (black, imported)",567,KG,actual,Wholesale,MXN,30,1.46
2021-12-15,Distrito Federal,Cuauhtemoc,Mexico City,2627,19.41,-99.13,cereals and tubers,"Rice (long grain, Sinaloa)",591,KG,actual,Wholesale,MXN,23.1,1.1
2021-12-15,Distrito Federal,Cuauhtemoc,Mexico City,2627,19.41,-99.13,cereals and tubers,Tortilla,143,KG,actual,Retail,MXN,18,0.86
2021-12-15,Distrito Federal,Cuauhtemoc,Mexico City,2627,19.41,-99.13,pulses and nuts,"Beans (black, Zacatecas)",566,KG,actual,Wholesale,MXN,23,1.09
2021-12-15,Distrito Federal,Cuauhtemoc,Mexico City,2627,19.41,-99.13,pulses and nuts,"Beans (black, imported)",567,KG,actual,Wholesale,MXN,34,1.62
2021-12-15,Jalisco,Guadalajara,Guadalajara,2628,20.68,-103.35,cereals and tubers,Maize (white),67,KG,actual,Wholesale,MXN,8,0.38
2021-12-15,Jalisco,Guadalajara,Guadalajara,2628,20.68,-103.35,cereals and tubers,"Rice (long grain, Sinaloa)",591,KG,actual,Wholesale,MXN,16,0.76
2021-12-15,Jalisco,Guadalajara,Guadalajara,2628,20.68,-103.35,pulses and nuts,"Beans (black, Nayarit)",564,KG,actual,Wholesale,MXN,22,1.05
2021-12-15,Puebla,San Andres Cholula,Puebla,2626,19.01,-98.2,cereals and tubers,Maize (white),67,KG,actual,Wholesale,MXN,9,0.43
2021-12-15,Puebla,San Andres Cholula,Puebla,2626,19.01,-98.2,pulses and nuts,"Beans (black, Veracruz)",565,KG,actual,Wholesale,MXN,28.5,1.36
2021-12-15,Puebla,San Andres Cholula,Puebla,2626,19.01,-98.2,pulses and nuts,"Beans (black, imported)",567,KG,actual,Wholesale,MXN,30.5,1.45
2021-12-15,Sinaloa,Culiacan,Culiacán,2629,24.8,-107.39,cereals and tubers,Maize (white),67,KG,actual,Wholesale,MXN,7.4,0.35
2021-12-15,Veracruz,Xico,Xalapa,2625,19.54,-96.93,cereals and tubers,Maize (white),67,KG,actual,Wholesale,MXN,7.86,0.37
2021-12-15,Veracruz,Xico,Xalapa,2625,19.54,-96.93,pulses and nuts,"Beans (black, imported)",567,KG,actual,Wholesale,MXN,32,1.52
2022-01-15,Distrito Federal,Cuauhtemoc,Mexico City,2627,19.41,-99.13,cereals and tubers,"Rice (long grain, Sinaloa)",591,KG,actual,Wholesale,MXN,23.25,1.15
2022-01-15,Distrito Federal,Cuauhtemoc,Mexico City,2627,19.41,-99.13,cereals and tubers,"Rice (small grain, Morelos)",596,KG,actual,Wholesale,MXN,36,1.77
2022-01-15,Distrito Federal,Cuauhtemoc,Mexico City,2627,19.41,-99.13,cereals and tubers,Tortilla,143,KG,actual,Retail,MXN,18,0.89
2022-01-15,Distrito Federal,Cuauhtemoc,Mexico City,2627,19.41,-99.13,pulses and nuts,"Beans (black, Veracruz)",565,KG,actual,Wholesale,MXN,21,1.03
2022-01-15,Distrito Federal,Cuauhtemoc,Mexico City,2627,19.41,-99.13,pulses and nuts,"Beans (black, Zacatecas)",566,KG,actual,Wholesale,MXN,23.13,1.14
2022-01-15,Jalisco,Guadalajara,Guadalajara,2628,20.68,-103.35,cereals and tubers,Maize (white),67,KG,actual,Wholesale,MXN,8,0.39
2022-01-15,Jalisco,Guadalajara,Guadalajara,2628,20.68,-103.35,pulses and nuts,"Beans (black, Nayarit)",564,KG,actual,Wholesale,MXN,21.75,1.07
2022-01-15,Puebla,San Andres Cholula,Puebla,2626,19.01,-98.2,cereals and tubers,Maize (white),67,KG,actual,Wholesale,MXN,8.75,0.43
2022-01-15,Puebla,San Andres Cholula,Puebla,2626,19.01,-98.2,pulses and nuts,"Beans (black, Veracruz)",565,KG,actual,Wholesale,MXN,31.75,1.56
2022-01-15,Sinaloa,Culiacan,Culiacán,2629,24.8,-107.39,cereals and tubers,Maize (white),67,KG,actual,Wholesale,MXN,8,0.39
2022-01-15,Veracruz,Xico,Xalapa,2625,19.54,-96.93,cereals and tubers,Maize (white),67,KG,actual,Wholesale,MXN,8,0.39
2022-01-15,Veracruz,Xico,Xalapa,2625,19.54,-96.93,pulses and nuts,"Beans (black, imported)",567,KG,actual,Wholesale,MXN,31.5,1.55
2022-02-15,Distrito Federal,Cuauhtemoc,Mexico City,2627,19.41,-99.13,cereals and tubers,"Rice (long grain, Sinaloa)",591,KG,actual,Wholesale,MXN,23.63,1.16
2022-02-15,Distrito Federal,Cuauhtemoc,Mexico City,2627,19.41,-99.13,cereals and tubers,"Rice (small grain, Morelos)",596,KG,actual,Wholesale,MXN,36,1.76
2022-02-15,Distrito Federal,Cuauhtemoc,Mexico City,2627,19.41,-99.13,cereals and tubers,Tortilla,143,KG,actual,Retail,MXN,18,0.88
2022-02-15,Distrito Federal,Cuauhtemoc,Mexico City,2627,19.41,-99.13,pulses and nuts,"Beans (black, Veracruz)",565,KG,actual,Wholesale,MXN,21,1.03
2022-02-15,Jalisco,Guadalajara,Guadalajara,2628,20.68,-103.35,cereals and tubers,Maize (white),67,KG,actual,Wholesale,MXN,9,0.44
2022-02-15,Jalisco,Guadalajara,Guadalajara,2628,20.68,-103.35,cereals and tubers,"Rice (long grain, Sinaloa)",591,KG,actual,Wholesale,MXN,15,0.74
2022-02-15,Jalisco,Guadalajara,Guadalajara,2628,20.68,-103.35,pulses and nuts,"Beans (black, Nayarit)",564,KG,actual,Wholesale,MXN,21.75,1.07
2022-02-15,Puebla,San Andres Cholula,Puebla,2626,19.01,-98.2,cereals and tubers,Maize (white),67,KG,actual,Wholesale,MXN,9,0.44
2022-02-15,Puebla,San Andres Cholula,Puebla,2626,19.01,-98.2,pulses and nuts,"Beans (black, Veracruz)",565,KG,actual,Wholesale,MXN,33,1.62
2022-02-15,Puebla,San Andres Cholula,Puebla,2626,19.01,-98.2,pulses and nuts,"Beans (black, imported)",567,KG,actual,Wholesale,MXN,33.75,1.65
2022-02-15,Sinaloa,Culiacan,Culiacán,2629,24.8,-107.39,cereals and tubers,Maize (white),67,KG,actual,Wholesale,MXN,8,0.39
2022-02-15,Veracruz,Xico,Xalapa,2625,19.54,-96.93,cereals and tubers,Maize (white),67,KG,actual,Wholesale,MXN,7.38,0.36
2022-02-15,Veracruz,Xico,Xalapa,2625,19.54,-96.93,pulses and nuts,"Beans (black, imported)",567,KG,actual,Wholesale,MXN,29.75,1.46
2022-03-15,Distrito Federal,Cuauhtemoc,Mexico City,2627,19.41,-99.13,cereals and tubers,"Rice (small grain, Morelos)",596,KG,actual,Wholesale,MXN,36,1.73
2022-03-15,Distrito Federal,Cuauhtemoc,Mexico City,2627,19.41,-99.13,cereals and tubers,Tortilla,143,KG,actual,Retail,MXN,18.6,0.89
2022-03-15,Distrito Federal,Cuauhtemoc,Mexico City,2627,19.41,-99.13,pulses and nuts,"Beans (black, Veracruz)",565,KG,actual,Wholesale,MXN,21.2,1.02
2022-03-15,Distrito Federal,Cuauhtemoc,Mexico City,2627,19.41,-99.13,pulses and nuts,"Beans (black, Zacatecas)",566,KG,actual,Wholesale,MXN,22.3,1.07
2022-03-15,Distrito Federal,Cuauhtemoc,Mexico City,2627,19.41,-99.13,pulses and nuts,"Beans (black, imported)",567,KG,actual,Wholesale,MXN,35,1.68
2022-03-15,Jalisco,Guadalajara,Guadalajara,2628,20.68,-103.35,cereals and tubers,"Rice (long grain, Sinaloa)",591,KG,actual,Wholesale,MXN,16,0.77
2022-03-15,Jalisco,Guadalajara,Guadalajara,2628,20.68,-103.35,pulses and nuts,"Beans (black, Nayarit)",564,KG,actual,Wholesale,MXN,23.2,1.11
2022-03-15,Puebla,San Andres Cholula,Puebla,2626,19.01,-98.2,cereals and tubers,Maize (white),67,KG,actual,Wholesale,MXN,12.4,0.6
2022-03-15,Puebla,San Andres Cholula,Puebla,2626,19.01,-98.2,pulses and nuts,"Beans (black, Veracruz)",565,KG,actual,Wholesale,MXN,29.6,1.42
2022-03-15,Puebla,San Andres Cholula,Puebla,2626,19.01,-98.2,pulses and nuts,"Beans (black, imported)",567,KG,actual,Wholesale,MXN,31.2,1.5
2022-03-15,Sinaloa,Culiacan,Culiacán,2629,24.8,-107.39,cereals and tubers,Maize (white),67,KG,actual,Wholesale,MXN,8,0.38
2022-03-15,Veracruz,Xico,Xalapa,2625,19.54,-96.93,cereals and tubers,Maize (white),67,KG,actual,Wholesale,MXN,8.2,0.39
2022-03-15,Veracruz,Xico,Xalapa,2625,19.54,-96.93,pulses and nuts,"Beans (black, imported)",567,KG,actual,Wholesale,MXN,30.1,1.45
2022-04-15,Distrito Federal,Cuauhtemoc,Mexico City,2627,19.41,-99.13,cereals and tubers,"Rice (long grain, Sinaloa)",591,KG,actual,Wholesale,MXN,24,1.2
2022-04-15,Distrito Federal,Cuauhtemoc,Mexico City,2627,19.41,-99.13,cereals and tubers,"Rice (small grain, Morelos)",596,KG,actual,Wholesale,MXN,36,1.8
2022-04-15,Distrito Federal,Cuauhtemoc,Mexico City,2627,19.41,-99.13,cereals and tubers,Tortilla,143,KG,actual,Retail,MXN,20,1
2022-04-15,Distrito Federal,Cuauhtemoc,Mexico City,2627,19.41,-99.13,pulses and nuts,"Beans (black, Veracruz)",565,KG,actual,Wholesale,MXN,22.62,1.13
2022-04-15,Distrito Federal,Cuauhtemoc,Mexico City,2627,19.41,-99.13,pulses and nuts,"Beans (black, Zacatecas)",566,KG,actual,Wholesale,MXN,23.12,1.16
2022-04-15,Distrito Federal,Cuauhtemoc,Mexico City,2627,19.41,-99.13,pulses and nuts,"Beans (black, imported)",567,KG,actual,Wholesale,MXN,36.5,1.83
2022-04-15,Jalisco,Guadalajara,Guadalajara,2628,20.68,-103.35,cereals and tubers,Maize (white),67,KG,actual,Wholesale,MXN,9.38,0.47
2022-04-15,Jalisco,Guadalajara,Guadalajara,2628,20.68,-103.35,pulses and nuts,"Beans (black, Nayarit)",564,KG,actual,Wholesale,MXN,22.5,1.13
2022-04-15,Puebla,San Andres Cholula,Puebla,2626,19.01,-98.2,cereals and tubers,Maize (white),67,KG,actual,Wholesale,MXN,15.5,0.78
2022-04-15,Puebla,San Andres Cholula,Puebla,2626,19.01,-98.2,pulses and nuts,"Beans (black, Veracruz)",565,KG,actual,Wholesale,MXN,30.25,1.52
2022-04-15,Puebla,San Andres Cholula,Puebla,2626,19.01,-98.2,pulses and nuts,"Beans (black, imported)",567,KG,actual,Wholesale,MXN,27.5,1.38
2022-04-15,Sinaloa,Culiacan,Culiacán,2629,24.8,-107.39,cereals and tubers,Maize (white),67,KG,actual,Wholesale,MXN,8.5,0.43
2022-04-15,Veracruz,Xico,Xalapa,2625,19.54,-96.93,cereals and tubers,Maize (white),67,KG,actual,Wholesale,MXN,9.25,0.46
2022-04-15,Veracruz,Xico,Xalapa,2625,19.54,-96.93,pulses and nuts,"Beans (black, imported)",567,KG,actual,Wholesale,MXN,33.75,1.69
2022-05-15,Distrito Federal,Cuauhtemoc,Mexico City,2627,19.41,-99.13,cereals and tubers,"Rice (long grain, Sinaloa)",591,KG,actual,Wholesale,MXN,24,1.2
2022-05-15,Distrito Federal,Cuauhtemoc,Mexico City,2627,19.41,-99.13,cereals and tubers,"Rice (small grain, Morelos)",596,KG,actual,Wholesale,MXN,35,1.75
2022-05-15,Distrito Federal,Cuauhtemoc,Mexico City,2627,19.41,-99.13,cereals and tubers,Tortilla,143,KG,actual,Retail,MXN,20,1
2022-05-15,Distrito Federal,Cuauhtemoc,Mexico City,2627,19.41,-99.13,pulses and nuts,"Beans (black, Zacatecas)",566,KG,actual,Wholesale,MXN,24,1.2
2022-05-15,Distrito Federal,Cuauhtemoc,Mexico City,2627,19.41,-99.13,pulses and nuts,"Beans (black, imported)",567,KG,actual,Wholesale,MXN,36,1.8
2022-05-15,Jalisco,Guadalajara,Guadalajara,2628,20.68,-103.35,cereals and tubers,"Rice (long grain, Sinaloa)",591,KG,actual,Wholesale,MXN,17,0.85
2022-05-15,Jalisco,Guadalajara,Guadalajara,2628,20.68,-103.35,pulses and nuts,"Beans (black, Nayarit)",564,KG,actual,Wholesale,MXN,22,1.1
2022-05-15,Puebla,San Andres Cholula,Puebla,2626,19.01,-98.2,cereals and tubers,Maize (white),67,KG,actual,Wholesale,MXN,16,0.8
2022-05-15,Puebla,San Andres Cholula,Puebla,2626,19.01,-98.2,pulses and nuts,"Beans (black, Veracruz)",565,KG,actual,Wholesale,MXN,28,1.4
2022-05-15,Puebla,San Andres Cholula,Puebla,2626,19.01,-98.2,pulses and nuts,"Beans (black, imported)",567,KG,actual,Wholesale,MXN,33,1.65
2022-05-15,Sinaloa,Culiacan,Culiacán,2629,24.8,-107.39,cereals and tubers,Maize (white),67,KG,actual,Wholesale,MXN,8,0.4
2022-05-15,Veracruz,Xico,Xalapa,2625,19.54,-96.93,cereals and tubers,Maize (white),67,KG,actual,Wholesale,MXN,9,0.45
2022-05-15,Veracruz,Xico,Xalapa,2625,19.54,-96.93,pulses and nuts,"Beans (black, imported)",567,KG,actual,Wholesale,MXN,33,1.65
2022-06-15,Distrito Federal,Cuauhtemoc,Mexico City,2627,19.41,-99.13,cereals and tubers,"Rice (long grain, Sinaloa)",591,KG,actual,Wholesale,MXN,24,1.19
2022-06-15,Distrito Federal,Cuauhtemoc,Mexico City,2627,19.41,-99.13,cereals and tubers,"Rice (small grain, Morelos)",596,KG,actual,Wholesale,MXN,33,1.63
2022-06-15,Distrito Federal,Cuauhtemoc,Mexico City,2627,19.41,-99.13,cereals and tubers,Tortilla,143,KG,actual,Retail,MXN,20,0.99
2022-06-15,Distrito Federal,Cuauhtemoc,Mexico City,2627,19.41,-99.13,pulses and nuts,"Beans (black, Veracruz)",565,KG,actual,Wholesale,MXN,23,1.14
2022-06-15,Distrito Federal,Cuauhtemoc,Mexico City,2627,19.41,-99.13,pulses and nuts,"Beans (black, imported)",567,KG,actual,Wholesale,MXN,36,1.78
2022-06-15,Jalisco,Guadalajara,Guadalajara,2628,20.68,-103.35,cereals and tubers,Maize (white),67,KG,actual,Wholesale,MXN,10,0.49
2022-06-15,Jalisco,Guadalajara,Guadalajara,2628,20.68,-103.35,cereals and tubers,"Rice (long grain, Sinaloa)",591,KG,actual,Wholesale,MXN,23,1.14
2022-06-15,Jalisco,Guadalajara,Guadalajara,2628,20.68,-103.35,pulses and nuts,"Beans (black, Nayarit)",564,KG,actual,Wholesale,MXN,23,1.14
2022-06-15,Puebla,San Andres Cholula,Puebla,2626,19.01,-98.2,cereals and tubers,Maize (white),67,KG,actual,Wholesale,MXN,16,0.79
2022-06-15,Puebla,San Andres Cholula,Puebla,2626,19.01,-98.2,pulses and nuts,"Beans (black, Veracruz)",565,KG,actual,Wholesale,MXN,24,1.19
2022-06-15,Puebla,San Andres Cholula,Puebla,2626,19.01,-98.2,pulses and nuts,"Beans (black, imported)",567,KG,actual,Wholesale,MXN,34,1.68
2022-06-15,Sinaloa,Culiacan,Culiacán,2629,24.8,-107.39,cereals and tubers,Maize (white),67,KG,actual,Wholesale,MXN,6,0.3
2022-06-15,Veracruz,Xico,Xalapa,2625,19.54,-96.93,cereals and tubers,Maize (white),67,KG,actual,Wholesale,MXN,9,0.44
2022-06-15,Veracruz,Xico,Xalapa,2625,19.54,-96.93,pulses and nuts,"Beans (black, imported)",567,KG,actual,Wholesale,MXN,32,1.58
